"record_id","atd_device_id","read_date","intersection_name","direction","movement","heavy_vehicle","volume","speed_average","speed_stddev","seconds_in_zone_average","seconds_in_zone_stddev","month","day","year","hour","minute","day_of_week","bin_duration"
"62e97b0a7be1832081b165433823d0cd","6212","2022-10-07T17:00:00.000","PARMER LN / LAMPLIGHT VILLAGE AVE","NORTHBOUND","RIGHT TURN","false","17","2.765","4.931","19.629","27.553","10","7","2022","17","0","5","900"
"2eb6ef0a3a9ca2f5155f56207daf5953","6212","2022-10-07T17:00:00.000","PARMER LN / LAMPLIGHT VILLAGE AVE","NORTHBOUND","RIGHT TURN","true","1","6.0","0.0","0.1","0.0","10","7","2022","17","0","5","900"
"8c7164407bdbaf34c3cecede86ccb779","6212","2022-10-07T17:00:00.000","PARMER LN / LAMPLIGHT VILLAGE AVE","NORTHBOUND","THRU","false","13","16.385","11.815","18.185","45.875","10","7","2022","17","0","5","900"
"b72d4835f8e516c080ce40b82de52cf4","6212","2022-10-07T17:00:00.000","PARMER LN / LAMPLIGHT VILLAGE AVE","SOUTHBOUND","LEFT TURN","false","23","14.261","3.165","38.191","55.486","10","7","2022","17","0","5","900"
"ccb6467e8daa82a9205e69bce7054aaa","6212","2022-10-07T17:00:00.000","PARMER LN / LAMPLIGHT VILLAGE AVE","SOUTHBOUND","RIGHT TURN","false","15","11.8","3.448","6.407","7.535","10","7","2022","17","0","5","900"
"976bf59757d79f83e3440719742086f3","6212","2022-10-07T17:00:00.000","PARMER LN / LAMPLIGHT VILLAGE AVE","SOUTHBOUND","THRU","false","19","17.421","6.176","37.074","53.455","10","7","2022","17","0","5","900"
"7216ec0c166faee7b6b03933ed8dba31","6212","2022-10-07T17:00:00.000","PARMER LN / LAMPLIGHT VILLAGE AVE","WESTBOUND","LEFT TURN","false","15","14.533","4.549","27.207","49.399","10","7","2022","17","0","5","900"
"ce0b6516e1d85b64012cba430b193bda","6212","2022-10-07T17:00:00.000","PARMER LN / LAMPLIGHT VILLAGE AVE","WESTBOUND","RIGHT TURN","false","15","12.4","2.849","3.187","1.049","10","7","2022","17","0","5","900"
"ac704fb575a1d39dbece4c65156ac507","6212","2022-10-07T17:00:00.000","PARMER LN / LAMPLIGHT VILLAGE AVE","WESTBOUND","RIGHT TURN","true","1","16.0","0.0","2.7","0.0","10","7","2022","17","0","5","900"
"6201c89141ca5c28166c6fbab037cda2","6212","2022-10-07T17:00:00.000","PARMER LN / LAMPLIGHT VILLAGE AVE","WESTBOUND","THRU","false","314","45.392","11.825","2.528","8.698","10","7","2022","17","0","5","900"
"dd997882abd0d9aa224a3b87b767d3e7","6212","2022-10-07T17:00:00.000","PARMER LN / LAMPLIGHT VILLAGE AVE","WESTBOUND","THRU","true","39","45.026","12.417","1.087","0.943","10","7","2022","17","0","5","900"
"b9ae1d0512b4f720d88708a6a48c8509","6212","2022-10-07T17:00:00.000","PARMER LN / LAMPLIGHT VILLAGE AVE","WESTBOUND","U-TURN","false","3","13.333","3.055","10.733","13.923","10","7","2022","17","0","5","900"
"e606156ed5a94cacbfa3837a4ae131d2","6212","2022-10-07T17:00:00.000","PARMER LN / LAMPLIGHT VILLAGE AVE","WESTBOUND","U-TURN","true","1","9.0","0.0","4.3","0.0","10","7","2022","17","0","5","900"
"378b085019f45522f8f0aea4e1fd8772","6212","2022-10-07T17:15:00.000","PARMER LN / LAMPLIGHT VILLAGE AVE","EASTBOUND","LEFT TURN","false","11","11.636","4.589","35.691","54.602","10","7","2022","17","15","5","900"
"0006cb808e9763b93ef469b7a9f6269c","6212","2022-10-07T17:15:00.000","PARMER LN / LAMPLIGHT VILLAGE AVE","EASTBOUND","RIGHT TURN","false","21","11.952","6.328","1.181","1.71","10","7","2022","17","15","5","900"
"8b211e0f04815ac2d24f3397eefc883e","6212","2022-10-07T17:15:00.000","PARMER LN / LAMPLIGHT VILLAGE AVE","EASTBOUND","RIGHT TURN","true","5","16.4","2.302","0.82","0.814","10","7","2022","17","15","5","900"
"d9c09dd0db91a795b214d21f7cb4661e","6212","2022-10-07T17:15:00.000","PARMER LN / LAMPLIGHT VILLAGE AVE","EASTBOUND","THRU","false","373","38.598","10.938","2.057","10.924","10","7","2022","17","15","5","900"
"869c85ea374f1beddad426acfc27b3fc","6212","2022-10-07T17:15:00.000","PARMER LN / LAMPLIGHT VILLAGE AVE","EASTBOUND","THRU","true","20","35.2","9.518","0.565","0.347","10","7","2022","17","15","5","900"
"6cb230986737494577fc89837fa5f8e5","6212","2022-10-07T17:15:00.000","PARMER LN / LAMPLIGHT VILLAGE AVE","EASTBOUND","U-TURN","false","3","7.0","6.245","54.433","91.605","10","7","2022","17","15","5","900"
"651ac48b3ed6d41baebaed5e8ad61808","6212","2022-10-07T17:15:00.000","PARMER LN / LAMPLIGHT VILLAGE AVE","NORTHBOUND","LEFT TURN","false","41","16.488","3.796","17.634","43.46","10","7","2022","17","15","5","900"
"40062545897f5994f0b17ad14378ca49","6212","2022-10-07T17:15:00.000","PARMER LN / LAMPLIGHT VILLAGE AVE","NORTHBOUND","RIGHT TURN","false","19","2.895","5.098","16.479","23.167","10","7","2022","17","15","5","900"
"320e250800f6b555fa5d903fd4f1f4ef","6212","2022-10-07T17:15:00.000","PARMER LN / LAMPLIGHT VILLAGE AVE","NORTHBOUND","THRU","false","9","15.556","11.938","21.144","43.763","10","7","2022","17","15","5","900"
"5a2a3c14388bcd1e5a66e039f6351a7a","6212","2022-10-07T17:15:00.000","PARMER LN / LAMPLIGHT VILLAGE AVE","SOUTHBOUND","LEFT TURN","false","19","13.789","5.04","32.063","47.375","10","7","2022","17","15","5","900"
"a0978199fd90812c0b0be0e8e36f6858","6212","2022-10-07T17:15:00.000","PARMER LN / LAMPLIGHT VILLAGE AVE","SOUTHBOUND","RIGHT TURN","false","12","14.0","2.86","13.508","35.64","10","7","2022","17","15","5","900"
"1203ca9338ffd4bbb5150d3c746d76e8","6212","2022-10-07T17:15:00.000","PARMER LN / LAMPLIGHT VILLAGE AVE","SOUTHBOUND","RIGHT TURN","true","1","12.0","0.0","0.6","0.0","10","7","2022","17","15","5","900"
"e83dec8e96f50056956faa81873b71b3","6212","2022-10-07T17:15:00.000","PARMER LN / LAMPLIGHT VILLAGE AVE","SOUTHBOUND","THRU","false","13","14.692","5.893","42.362","41.331","10","7","2022","17","15","5","900"
"cf1773adeb14269cd24984783731ce45","6212","2022-10-07T17:15:00.000","PARMER LN / LAMPLIGHT VILLAGE AVE","WESTBOUND","LEFT TURN","false","19","15.947","4.034","10.842","29.563","10","7","2022","17","15","5","900"
"6aa9f18b7d2af924666e9abad5ff9618","6212","2022-10-07T17:15:00.000","PARMER LN / LAMPLIGHT VILLAGE AVE","WESTBOUND","RIGHT TURN","false","14","12.929","2.674","3.779","2.987","10","7","2022","17","15","5","900"
"cce4a15f0462fad866b87efaa5cf41f6","6212","2022-10-07T17:15:00.000","PARMER LN / LAMPLIGHT VILLAGE AVE","WESTBOUND","THRU","false","316","44.937","12.264","2.159","6.697","10","7","2022","17","15","5","900"
"d10a5b267c94dd87b3d742b2cfc71203","6212","2022-10-07T17:15:00.000","PARMER LN / LAMPLIGHT VILLAGE AVE","WESTBOUND","THRU","true","26","49.731","11.918","1.169","1.98","10","7","2022","17","15","5","900"
"225f3170dcd06122efe0d7b413a13073","6212","2022-10-07T17:15:00.000","PARMER LN / LAMPLIGHT VILLAGE AVE","WESTBOUND","U-TURN","false","4","10.25","2.062","21.125","41.85","10","7","2022","17","15","5","900"
"18fa859d044a5ac2da2f6b12bfb98e38","6212","2022-10-07T17:15:00.000","PARMER LN / LAMPLIGHT VILLAGE AVE","WESTBOUND","U-TURN","true","1","11.0","0.0","1.7","0.0","10","7","2022","17","15","5","900"
"cb519b8bb5fec1945826e92799b63cde","6212","2022-10-07T17:30:00.000","PARMER LN / LAMPLIGHT VILLAGE AVE","EASTBOUND","LEFT TURN","false","10","11.7","2.406","1.26","0.829","10","7","2022","17","30","5","900"
"bcf86cda1f680a435574a60f91fa0867","6212","2022-10-07T17:30:00.000","PARMER LN / LAMPLIGHT VILLAGE AVE","EASTBOUND","LEFT TURN","true","1","14.0","0.0","0.4","0.0","10","7","2022","17","30","5","900"
"ded112b70c6af9983b2887ce28a471f2","6212","2022-10-07T17:30:00.000","PARMER LN / LAMPLIGHT VILLAGE AVE","EASTBOUND","RIGHT TURN","false","14","20.0","12.704","5.086","15.872","10","7","2022","17","30","5","900"
"8f05ad98de59eab77af5117812632b43","6212","2022-10-07T17:30:00.000","PARMER LN / LAMPLIGHT VILLAGE AVE","EASTBOUND","RIGHT TURN","true","7","21.286","13.086","0.529","0.415","10","7","2022","17","30","5","900"
"cbe5a9d66fb174f03719f136b2d937a9","6212","2022-10-07T17:30:00.000","PARMER LN / LAMPLIGHT VILLAGE AVE","EASTBOUND","THRU","false","248","42.685","14.14","2.407","11.612","10","7","2022","17","30","5","900"
"35ce8a944835a519eb892ec2aaf7fce7","6212","2022-10-07T17:30:00.000","PARMER LN / LAMPLIGHT VILLAGE AVE","EASTBOUND","THRU","true","8","31.875","21.277","9.013","23.644","10","7","2022","17","30","5","900"
"90e00ab7444049143ecc7668e3a37ef0","6212","2022-10-07T17:30:00.000","PARMER LN / LAMPLIGHT VILLAGE AVE","EASTBOUND","U-TURN","false","3","5.333","3.215","2.133","2.397","10","7","2022","17","30","5","900"
"2f8b3350daba95b3bda90940e6685d1f","6212","2022-10-07T17:30:00.000","PARMER LN / LAMPLIGHT VILLAGE AVE","NORTHBOUND","LEFT TURN","false","42","15.643","5.136","21.638","48.58","10","7","2022","17","30","5","900"
"88166f958193f2262bab3ba7f2adfb4c","6212","2022-10-07T17:30:00.000","PARMER LN / LAMPLIGHT VILLAGE AVE","NORTHBOUND","LEFT TURN","true","3","9.667","8.386","1.3","0.458","10","7","2022","17","30","5","900"
"40d22f09fe6503c4f6628bc9f3f94903","6212","2022-10-07T17:30:00.000","PARMER LN / LAMPLIGHT VILLAGE AVE","NORTHBOUND","RIGHT TURN","false","13","1.308","2.057","13.092","18.002","10","7","2022","17","30","5","900"
"67f7bd9d4f3c67689d3f22bc629dc617","6212","2022-10-07T17:30:00.000","PARMER LN / LAMPLIGHT VILLAGE AVE","NORTHBOUND","RIGHT TURN","true","1","0.0","0.0","50.4","0.0","10","7","2022","17","30","5","900"
"6798130598830f6e92eb780d256bb6ad","6212","2022-10-07T17:30:00.000","PARMER LN / LAMPLIGHT VILLAGE AVE","NORTHBOUND","THRU","false","8","12.0","13.126","39.675","53.27","10","7","2022","17","30","5","900"
"39a5d3b5a789624b36bd9cde80ea74d6","6212","2022-10-07T17:30:00.000","PARMER LN / LAMPLIGHT VILLAGE AVE","SOUTHBOUND","LEFT TURN","false","21","13.857","4.618","27.071","47.191","10","7","2022","17","30","5","900"
"6eaaa85c822877b252575e997261d7eb","6212","2022-10-07T17:30:00.000","PARMER LN / LAMPLIGHT VILLAGE AVE","SOUTHBOUND","RIGHT TURN","false","12","12.0","2.954","27.467","48.099","10","7","2022","17","30","5","900"
"c54bc6fead1e7ea171ffe6ec99f2f0be","6212","2022-10-07T17:30:00.000","PARMER LN / LAMPLIGHT VILLAGE AVE","SOUTHBOUND","RIGHT TURN","true","3","12.0","5.196","43.0","65.529","10","7","2022","17","30","5","900"
"677ba187703f73fbae495ee2f9d54f02","6212","2022-10-07T17:30:00.000","PARMER LN / LAMPLIGHT VILLAGE AVE","SOUTHBOUND","THRU","false","9","16.111","5.036","22.489","32.232","10","7","2022","17","30","5","900"
"86fa78868cab21835cc02dd3e134749e","6212","2022-10-07T17:30:00.000","PARMER LN / LAMPLIGHT VILLAGE AVE","WESTBOUND","LEFT TURN","false","14","13.357","4.94","21.786","25.573","10","7","2022","17","30","5","900"
"ef6735c388fdece89a03faf3380935b0","6212","2022-10-07T17:30:00.000","PARMER LN / LAMPLIGHT VILLAGE AVE","WESTBOUND","RIGHT TURN","false","20","12.6","3.05","2.66","1.499","10","7","2022","17","30","5","900"
"1f734869d19489ecbc6e5973a662ac52","6212","2022-10-07T17:30:00.000","PARMER LN / LAMPLIGHT VILLAGE AVE","WESTBOUND","THRU","false","271","44.786","11.15","1.354","3.366","10","7","2022","17","30","5","900"
"a4653a244ecfb89cd0b11fae8050a869","6212","2022-10-07T17:30:00.000","PARMER LN / LAMPLIGHT VILLAGE AVE","WESTBOUND","THRU","true","44","45.273","7.816","0.711","0.583","10","7","2022","17","30","5","900"
"239252d42444892d0f560bab3a94c63d","6212","2022-10-07T17:30:00.000","PARMER LN / LAMPLIGHT VILLAGE AVE","WESTBOUND","U-TURN","false","2","12.5","0.707","2.3","0.0","10","7","2022","17","30","5","900"
"514af5ee19bef833792e19aa43898fd8","6212","2022-10-07T17:45:00.000","PARMER LN / LAMPLIGHT VILLAGE AVE","EASTBOUND","LEFT TURN","false","9","11.0","5.244","21.3","60.79","10","7","2022","17","45","5","900"
"a5b46417ec56249ccd1c2fbc0077086e","6212","2022-10-07T17:45:00.000","PARMER LN / LAMPLIGHT VILLAGE AVE","EASTBOUND","RIGHT TURN","false","11","10.455","4.634","0.673","0.743","10","7","2022","17","45","5","900"
"245ed20c66deb7effbe0a629c3c76bfb","6212","2022-10-07T17:45:00.000","PARMER LN / LAMPLIGHT VILLAGE AVE","EASTBOUND","RIGHT TURN","true","2","9.5","4.95","1.45","1.344","10","7","2022","17","45","5","900"
"ed7ed2b102b10fe7317bba28a4d7adc6","6212","2022-10-07T17:45:00.000","PARMER LN / LAMPLIGHT VILLAGE AVE","EASTBOUND","THRU","false","188","43.261","13.956","1.844","8.903","10","7","2022","17","45","5","900"
"f0a42cf641a452d8dc00b6b65516b967","6212","2022-10-07T17:45:00.000","PARMER LN / LAMPLIGHT VILLAGE AVE","EASTBOUND","THRU","true","3","44.667","13.429","0.133","0.153","10","7","2022","17","45","5","900"
"4b40df1e1d2db68d79d5f436626aad63","6212","2022-10-07T17:45:00.000","PARMER LN / LAMPLIGHT VILLAGE AVE","EASTBOUND","U-TURN","false","2","6.5","3.536","1.5","1.98","10","7","2022","17","45","5","900"
"42420d8df3679a7d01f33e0deb10c30a","6212","2022-10-07T17:45:00.000","PARMER LN / LAMPLIGHT VILLAGE AVE","NORTHBOUND","LEFT TURN","false","25","17.44","8.898","33.832","59.231","10","7","2022","17","45","5","900"
"0278f9bd01e1405b1047710dd0214403","6212","2022-10-07T17:45:00.000","PARMER LN / LAMPLIGHT VILLAGE AVE","NORTHBOUND","LEFT TURN","true","2","13.5","2.121","1.8","2.546","10","7","2022","17","45","5","900"
"ad8317ebb720a3cbd045fa9d886febb9","6212","2022-10-07T17:45:00.000","PARMER LN / LAMPLIGHT VILLAGE AVE","NORTHBOUND","RIGHT TURN","false","14","5.143","10.272","9.971","18.909","10","7","2022","17","45","5","900"
"0fb97016c1fa1465b985ff7eab93af34","6212","2022-10-07T17:45:00.000","PARMER LN / LAMPLIGHT VILLAGE AVE","NORTHBOUND","THRU","false","8","8.875","12.484","43.037","47.044","10","7","2022","17","45","5","900"
"89d0db7ca1ab9ab1e58b2d9177941cbd","6212","2022-10-07T17:45:00.000","PARMER LN / LAMPLIGHT VILLAGE AVE","SOUTHBOUND","LEFT TURN","false","13","14.231","4.567","34.315","49.147","10","7","2022","17","45","5","900"
"b327abab0952cec659ae05c75e66eb08","6212","2022-10-07T17:45:00.000","PARMER LN / LAMPLIGHT VILLAGE AVE","SOUTHBOUND","RIGHT TURN","false","11","11.364","4.456","10.618","15.317","10","7","2022","17","45","5","900"
"f290326195178ac3efd5c90fa2e165df","6212","2022-10-07T17:45:00.000","PARMER LN / LAMPLIGHT VILLAGE AVE","SOUTHBOUND","THRU","false","16","15.625","5.608","26.369","32.263","10","7","2022","17","45","5","900"
"8a86e9626309b869a55a387966510eb4","6212","2022-10-07T17:45:00.000","PARMER LN / LAMPLIGHT VILLAGE AVE","SOUTHBOUND","THRU","true","3","17.0","7.0","23.167","27.813","10","7","2022","17","45","5","900"
"423891d96b7f3c6789eccb342e0e680c","6212","2022-10-07T17:45:00.000","PARMER LN / LAMPLIGHT VILLAGE AVE","WESTBOUND","LEFT TURN","false","20","12.35","3.329","12.24","31.683","10","7","2022","17","45","5","900"
"39f173002870404e6fa87174fac674cb","6212","2022-10-07T17:45:00.000","PARMER LN / LAMPLIGHT VILLAGE AVE","WESTBOUND","LEFT TURN","true","2","11.5","0.707","6.05","0.495","10","7","2022","17","45","5","900"
"b7a279807643c8f2224da3e59e37b487","6212","2022-10-07T17:45:00.000","PARMER LN / LAMPLIGHT VILLAGE AVE","WESTBOUND","RIGHT TURN","false","14","13.571","2.681","2.557","1.178","10","7","2022","17","45","5","900"
"1b31877cee0fad099f0125bb491219d9","6212","2022-10-07T17:45:00.000","PARMER LN / LAMPLIGHT VILLAGE AVE","WESTBOUND","RIGHT TURN","true","1","6.0","0.0","2.1","0.0","10","7","2022","17","45","5","900"
"03aeece238f474d68bc07b2d2a0a1be9","6212","2022-10-07T17:45:00.000","PARMER LN / LAMPLIGHT VILLAGE AVE","WESTBOUND","THRU","false","243","42.206","14.074","2.418","7.769","10","7","2022","17","45","5","900"
"7c801c4cc85f2570d69b8be0bfe0a7f8","6212","2022-10-07T17:45:00.000","PARMER LN / LAMPLIGHT VILLAGE AVE","WESTBOUND","THRU","true","26","45.577","11.576","0.623","0.549","10","7","2022","17","45","5","900"
"7d812de6fc9114135832c4da35053229","6212","2022-10-07T17:45:00.000","PARMER LN / LAMPLIGHT VILLAGE AVE","WESTBOUND","U-TURN","false","2","9.0","4.243","1.2","0.424","10","7","2022","17","45","5","900"
"a8fdf5b2b8e074a8eaf75cec2753bf02","6212","2022-10-07T18:00:00.000","PARMER LN / LAMPLIGHT VILLAGE AVE","EASTBOUND","LEFT TURN","false","10","12.1","3.957","14.37","41.604","10","7","2022","18","0","5","900"
"dd48a5037aeeb7d829b0509521b6bc44","6212","2022-10-07T18:00:00.000","PARMER LN / LAMPLIGHT VILLAGE AVE","EASTBOUND","RIGHT TURN","false","17","18.882","17.117","7.3","16.606","10","7","2022","18","0","5","900"
"81ae4c3aeb8731448958972ca1798fce","6212","2022-10-07T18:00:00.000","PARMER LN / LAMPLIGHT VILLAGE AVE","EASTBOUND","RIGHT TURN","true","5","15.0","7.071","6.04","10.934","10","7","2022","18","0","5","900"
"971457475b7d5abf0c0c6e6258a25e86","6212","2022-10-07T18:00:00.000","PARMER LN / LAMPLIGHT VILLAGE AVE","EASTBOUND","THRU","false","344","43.628","13.654","2.844","11.144","10","7","2022","18","0","5","900"
"5ae562c3d59e186ce38dc4c020b9d5cc","6212","2022-10-07T18:00:00.000","PARMER LN / LAMPLIGHT VILLAGE AVE","EASTBOUND","THRU","true","13","38.538","15.092","0.523","0.569","10","7","2022","18","0","5","900"
"a9bfbc1547a5099558794330b249750b","6212","2022-10-07T18:00:00.000","PARMER LN / LAMPLIGHT VILLAGE AVE","EASTBOUND","U-TURN","false","4","9.75","4.031","1.5","1.395","10","7","2022","18","0","5","900"
"ed10a96bc622c40d768b34dfff60d6ed","6212","2022-10-07T18:00:00.000","PARMER LN / LAMPLIGHT VILLAGE AVE","NORTHBOUND","LEFT TURN","false","26","16.615","5.177","33.819","53.471","10","7","2022","18","0","5","900"
"f24d8978d2c23f8d07f66c741ba1d8cf","6212","2022-10-07T18:00:00.000","PARMER LN / LAMPLIGHT VILLAGE AVE","NORTHBOUND","LEFT TURN","true","3","19.333","2.887","3.0","0.781","10","7","2022","18","0","5","900"
"86a5bd688f062b03ffb94ac3e7a77d36","6212","2022-10-07T18:00:00.000","PARMER LN / LAMPLIGHT VILLAGE AVE","NORTHBOUND","RIGHT TURN","false","23","2.391","3.461","12.5","24.591","10","7","2022","18","0","5","900"
"50c4850b696da642efd7efa49c3f164e","6212","2022-10-07T18:00:00.000","PARMER LN / LAMPLIGHT VILLAGE AVE","NORTHBOUND","RIGHT TURN","true","1","0.0","0.0","0.1","0.0","10","7","2022","18","0","5","900"
"a4f209b63b0cbfbbfb176ccb3299a724","6212","2022-10-07T18:00:00.000","PARMER LN / LAMPLIGHT VILLAGE AVE","NORTHBOUND","THRU","false","10","14.7","14.127","47.62","55.469","10","7","2022","18","0","5","900"
"6413f36cd593123547c5069d15a8d488","6212","2022-10-07T18:00:00.000","PARMER LN / LAMPLIGHT VILLAGE AVE","SOUTHBOUND","LEFT TURN","false","16","12.438","3.932","33.819","47.864","10","7","2022","18","0","5","900"
"7c61c14bc9d2d182f16e75337479ddea","6212","2022-10-07T18:00:00.000","PARMER LN / LAMPLIGHT VILLAGE AVE","SOUTHBOUND","RIGHT TURN","false","8","13.375","3.503","10.362","16.982","10","7","2022","18","0","5","900"
"e369c7e96ec0046aa2d17000409754b8","6212","2022-10-07T18:00:00.000","PARMER LN / LAMPLIGHT VILLAGE AVE","SOUTHBOUND","RIGHT TURN","true","1","9.0","0.0","2.0","0.0","10","7","2022","18","0","5","900"
"2bd95b8142c13f021701c032388f4a80","6212","2022-10-07T18:00:00.000","PARMER LN / LAMPLIGHT VILLAGE AVE","SOUTHBOUND","THRU","false","7","15.0","8.145","16.543","40.61","10","7","2022","18","0","5","900"
"d9c2a51896a8a103dd9f01c64d262d1b","6212","2022-10-07T18:00:00.000","PARMER LN / LAMPLIGHT VILLAGE AVE","SOUTHBOUND","THRU","true","1","11.0","0.0","1.4","0.0","10","7","2022","18","0","5","900"
"1ede2f34f08bee22fcc5c6bd231d54c3","6212","2022-10-07T18:00:00.000","PARMER LN / LAMPLIGHT VILLAGE AVE","WESTBOUND","LEFT TURN","false","17","13.353","3.463","34.0","58.606","10","7","2022","18","0","5","900"
"ca154a748b4378213d5cfde207659fc4","6212","2022-10-07T18:00:00.000","PARMER LN / LAMPLIGHT VILLAGE AVE","WESTBOUND","LEFT TURN","true","1","10.0","0.0","1.2","0.0","10","7","2022","18","0","5","900"
"e60c974b2fdd9d99f58bb5becc5ce22c","6212","2022-10-07T18:00:00.000","PARMER LN / LAMPLIGHT VILLAGE AVE","WESTBOUND","RIGHT TURN","false","12","13.167","1.697","2.775","1.015","10","7","2022","18","0","5","900"
"422c92973eaab6be716312947baa2d39","6212","2022-10-07T18:00:00.000","PARMER LN / LAMPLIGHT VILLAGE AVE","WESTBOUND","THRU","false","263","42.548","11.754","1.645","5.809","10","7","2022","18","0","5","900"
"e9dedc9f5b752a3f2953e83cb7e5e063","6212","2022-10-07T18:00:00.000","PARMER LN / LAMPLIGHT VILLAGE AVE","WESTBOUND","THRU","true","36","42.556","14.494","2.306","8.295","10","7","2022","18","0","5","900"
"f6e6c9ffa251651eb3c72cbf46d658e3","6212","2022-10-07T18:00:00.000","PARMER LN / LAMPLIGHT VILLAGE AVE","WESTBOUND","U-TURN","false","6","10.167","1.329","18.8","24.85","10","7","2022","18","0","5","900"
"8134eec7a7ff3ce01122b75b6eba4d77","6212","2022-10-07T18:15:00.000","PARMER LN / LAMPLIGHT VILLAGE AVE","EASTBOUND","LEFT TURN","false","11","12.273","3.771","58.455","67.557","10","7","2022","18","15","5","900"
"a27612e88daf91d5a3a010dc9ee6bd04","6212","2022-10-07T18:15:00.000","PARMER LN / LAMPLIGHT VILLAGE AVE","EASTBOUND","LEFT TURN","true","2","30.5","24.749","0.55","0.071","10","7","2022","18","15","5","900"
"9489bdafa60e09ede1058443f964640b","6212","2022-10-07T18:15:00.000","PARMER LN / LAMPLIGHT VILLAGE AVE","EASTBOUND","RIGHT TURN","false","13","25.0","15.416","1.431","1.463","10","7","2022","18","15","5","900"
"178c8af65301ecd5ed9aa148b8bf451b","6212","2022-10-07T18:15:00.000","PARMER LN / LAMPLIGHT VILLAGE AVE","EASTBOUND","RIGHT TURN","true","3","23.0","14.799","0.833","0.404","10","7","2022","18","15","5","900"
"f2e3e7e83056574bf920456d532cf89d","6212","2022-10-07T18:15:00.000","PARMER LN / LAMPLIGHT VILLAGE AVE","EASTBOUND","THRU","false","303","46.726","18.872","3.45","13.373","10","7","2022","18","15","5","900"
"96c33e639e6225e7ce2205a4f6e3f292","6212","2022-10-07T18:15:00.000","PARMER LN / LAMPLIGHT VILLAGE AVE","EASTBOUND","THRU","true","59","42.593","21.107","5.788","18.038","10","7","2022","18","15","5","900"
"051117ef788ab8c6098be7db2be4da2e","6212","2022-10-07T18:15:00.000","PARMER LN / LAMPLIGHT VILLAGE AVE","EASTBOUND","U-TURN","false","3","16.667","21.079","56.3","94.397","10","7","2022","18","15","5","900"
"00b65bd7a014ae1e503f011896d6f52e","6212","2022-10-07T18:15:00.000","PARMER LN / LAMPLIGHT VILLAGE AVE","NORTHBOUND","LEFT TURN","false","42","15.881","7.61","20.29","42.411","10","7","2022","18","15","5","900"
"05d67e1448eaf653a3098a0dd5d71971","6212","2022-10-07T18:15:00.000","PARMER LN / LAMPLIGHT VILLAGE AVE","NORTHBOUND","LEFT TURN","true","3","18.667","2.082","3.833","1.041","10","7","2022","18","15","5","900"
"5bc19dfd6a92299e286031c6a2c57ac6","6212","2022-10-07T18:15:00.000","PARMER LN / LAMPLIGHT VILLAGE AVE","NORTHBOUND","RIGHT TURN","false","9","10.889","18.065","19.756","36.272","10","7","2022","18","15","5","900"
"fcd4a08024f9d122932a64dcf38c5cb5","6212","2022-10-07T18:15:00.000","PARMER LN / LAMPLIGHT VILLAGE AVE","NORTHBOUND","RIGHT TURN","true","8","3.625","4.307","18.312","27.386","10","7","2022","18","15","5","900"
"12e18c1397c1506370cfd26839c2e1d8","6212","2022-10-07T18:15:00.000","PARMER LN / LAMPLIGHT VILLAGE AVE","NORTHBOUND","THRU","false","12","15.833","22.914","24.217","53.89","10","7","2022","18","15","5","900"
"bedffd5b91f8b5d0bdb61e988f5cba5a","6212","2022-10-07T18:15:00.000","PARMER LN / LAMPLIGHT VILLAGE AVE","NORTHBOUND","THRU","true","1","9.0","0.0","49.3","0.0","10","7","2022","18","15","5","900"
"be47e5e3a9bba43eae8c66e86521b3b4","6212","2022-10-07T18:15:00.000","PARMER LN / LAMPLIGHT VILLAGE AVE","SOUTHBOUND","LEFT TURN","false","14","13.071","5.704","30.207","48.189","10","7","2022","18","15","5","900"
"e1e253b7dc30737e63bc737cd1c26959","6212","2022-10-07T18:15:00.000","PARMER LN / LAMPLIGHT VILLAGE AVE","SOUTHBOUND","LEFT TURN","true","1","0.0","0.0","4.3","0.0","10","7","2022","18","15","5","900"
"f2573830ecdb7065e51724d8ba9aa8c2","6212","2022-10-07T18:15:00.000","PARMER LN / LAMPLIGHT VILLAGE AVE","SOUTHBOUND","RIGHT TURN","false","6","12.167","3.371","40.8","58.345","10","7","2022","18","15","5","900"
"036c938274c0b7204d18618b5b406550","6212","2022-10-07T18:15:00.000","PARMER LN / LAMPLIGHT VILLAGE AVE","SOUTHBOUND","RIGHT TURN","true","5","17.4","6.768","25.16","33.681","10","7","2022","18","15","5","900"
"9c88f1812c95739ca2f2ac38c8df391d","6212","2022-10-07T18:15:00.000","PARMER LN / LAMPLIGHT VILLAGE AVE","SOUTHBOUND","THRU","false","15","18.067","6.076","15.673","37.481","10","7","2022","18","15","5","900"
"46fb3df0d5c4b0225695ffb3f10b5a4a","6212","2022-10-07T18:15:00.000","PARMER LN / LAMPLIGHT VILLAGE AVE","SOUTHBOUND","THRU","true","3","14.0","6.557","0.9","0.8","10","7","2022","18","15","5","900"
"1036d8e12f2deb1cd8721c28af70d00b","6212","2022-10-07T18:15:00.000","PARMER LN / LAMPLIGHT VILLAGE AVE","WESTBOUND","LEFT TURN","false","18","12.167","3.93","28.45","45.771","10","7","2022","18","15","5","900"
"169e0c2dd32d482b9091527d5fad1e90","6212","2022-10-07T18:15:00.000","PARMER LN / LAMPLIGHT VILLAGE AVE","WESTBOUND","LEFT TURN","true","3","14.667","4.933","14.9","21.98","10","7","2022","18","15","5","900"
"84ed62852037ee5078df9af3594e41f5","6212","2022-10-07T18:15:00.000","PARMER LN / LAMPLIGHT VILLAGE AVE","WESTBOUND","RIGHT TURN","false","9","12.444","4.216","3.422","2.514","10","7","2022","18","15","5","900"
"5caea74a9766e121311e6606289bef4b","6212","2022-10-07T18:15:00.000","PARMER LN / LAMPLIGHT VILLAGE AVE","WESTBOUND","RIGHT TURN","true","3","14.0","3.0","1.833","1.589","10","7","2022","18","15","5","900"
"2816212a7b3457470571b86772e0575d","6212","2022-10-07T18:15:00.000","PARMER LN / LAMPLIGHT VILLAGE AVE","WESTBOUND","THRU","false","254","42.429","11.814","2.765","9.768","10","7","2022","18","15","5","900"
"f54134a58f510022343fb228e9d10696","6212","2022-10-07T18:15:00.000","PARMER LN / LAMPLIGHT VILLAGE AVE","WESTBOUND","THRU","true","37","37.0","16.007","8.962","18.198","10","7","2022","18","15","5","900"
"2a59703a2e96d1547de063077d92a7c2","6212","2022-10-07T18:15:00.000","PARMER LN / LAMPLIGHT VILLAGE AVE","WESTBOUND","U-TURN","false","1","10.0","0.0","1.2","0.0","10","7","2022","18","15","5","900"
"3af169984c2bbe61121fb7b187325e3e","6212","2022-10-07T18:30:00.000","PARMER LN / LAMPLIGHT VILLAGE AVE","EASTBOUND","LEFT TURN","false","9","15.0","4.359","6.767","4.54","10","7","2022","18","30","5","900"
"1a43c4835a569c055ed18a380102f419","6212","2022-10-07T18:30:00.000","PARMER LN / LAMPLIGHT VILLAGE AVE","EASTBOUND","LEFT TURN","true","4","11.5","7.188","1.125","1.144","10","7","2022","18","30","5","900"
"f1750b4b31f78f28287754ba1b46151e","6212","2022-10-07T18:30:00.000","PARMER LN / LAMPLIGHT VILLAGE AVE","EASTBOUND","RIGHT TURN","false","3","3.667","5.508","3.267","0.231","10","7","2022","18","30","5","900"
"1c3af232fb4ffb9e97aa4e0c76d07c4d","6212","2022-10-07T18:30:00.000","PARMER LN / LAMPLIGHT VILLAGE AVE","EASTBOUND","RIGHT TURN","true","1","12.0","0.0","2.6","0.0","10","7","2022","18","30","5","900"
"f28f17d5f1d5d1f5bfa1a8e034d90e23","6212","2022-10-07T18:30:00.000","PARMER LN / LAMPLIGHT VILLAGE AVE","EASTBOUND","THRU","false","135","42.941","16.055","2.565","7.909","10","7","2022","18","30","5","900"
"dce539c85ba88259bbabf679a7d803a5","6212","2022-10-07T18:30:00.000","PARMER LN / LAMPLIGHT VILLAGE AVE","EASTBOUND","THRU","true","136","35.662","15.204","6.621","15.883","10","7","2022","18","30","5","900"
"046ba3d055f3d51ddc3f1909181a6661","6212","2022-10-07T18:30:00.000","PARMER LN / LAMPLIGHT VILLAGE AVE","EASTBOUND","U-TURN","false","2","6.5","4.95","45.85","37.406","10","7","2022","18","30","5","900"
"25cb01ad1f05979fe20056c2c03b46db","6212","2022-10-07T18:30:00.000","PARMER LN / LAMPLIGHT VILLAGE AVE","NORTHBOUND","LEFT TURN","false","17","13.647","1.967","37.759","33.228","10","7","2022","18","30","5","900"
"81c1692c50ab547f292da7357921d0f9","6212","2022-10-07T18:30:00.000","PARMER LN / LAMPLIGHT VILLAGE AVE","NORTHBOUND","LEFT TURN","true","4","12.0","2.16","6.25","1.698","10","7","2022","18","30","5","900"
"8f119b056a4c37f6af71fcc90f10fc8e","6212","2022-10-07T18:30:00.000","PARMER LN / LAMPLIGHT VILLAGE AVE","NORTHBOUND","RIGHT TURN","false","2","2.0","2.828","25.9","29.84","10","7","2022","18","30","5","900"
"0a6a296abbac8c7512b524760c517b58","6212","2022-10-07T18:30:00.000","PARMER LN / LAMPLIGHT VILLAGE AVE","NORTHBOUND","RIGHT TURN","true","13","6.462","5.254","17.931","29.508","10","7","2022","18","30","5","900"
"5917feac2a23d0d1231197de6424a1dd","6212","2022-10-07T18:30:00.000","PARMER LN / LAMPLIGHT VILLAGE AVE","NORTHBOUND","THRU","false","7","15.143","11.006","27.957","38.98","10","7","2022","18","30","5","900"
"b4007f6bc2dd0597f462fa594a7da1cd","6212","2022-10-07T18:30:00.000","PARMER LN / LAMPLIGHT VILLAGE AVE","NORTHBOUND","THRU","true","1","26.0","0.0","2.8","0.0","10","7","2022","18","30","5","900"
"22b8849e88b78087cc0490ded9cb8e9b","6212","2022-10-07T18:30:00.000","PARMER LN / LAMPLIGHT VILLAGE AVE","SOUTHBOUND","LEFT TURN","false","12","12.917","6.127","2.067","4.727","10","7","2022","18","30","5","900"
"55393c4f53dbd26617c8fb59f44d91a1","6212","2022-10-07T18:30:00.000","PARMER LN / LAMPLIGHT VILLAGE AVE","SOUTHBOUND","LEFT TURN","true","1","15.0","0.0","2.4","0.0","10","7","2022","18","30","5","900"
"aa1eb3c24ba506dee6d3c0fa2c6b451e","6212","2022-10-07T18:30:00.000","PARMER LN / LAMPLIGHT VILLAGE AVE","SOUTHBOUND","RIGHT TURN","false","4","13.5","1.732","3.725","4.92","10","7","2022","18","30","5","900"
"9ed1c3048073a13fdf479110613a4a40","6212","2022-10-07T18:30:00.000","PARMER LN / LAMPLIGHT VILLAGE AVE","SOUTHBOUND","RIGHT TURN","true","5","7.2","7.259","6.72","11.829","10","7","2022","18","30","5","900"
"c3bb1e13a1401967b7cdc27577bc8681","6212","2022-10-07T18:30:00.000","PARMER LN / LAMPLIGHT VILLAGE AVE","SOUTHBOUND","THRU","false","17","14.647","4.227","8.094","15.306","10","7","2022","18","30","5","900"
"6f917a7f17c17b424b5174544684aa95","6212","2022-10-07T18:30:00.000","PARMER LN / LAMPLIGHT VILLAGE AVE","WESTBOUND","LEFT TURN","false","4","15.0","5.831","34.5","62.891","10","7","2022","18","30","5","900"
"66d228b4ed76d980ddb347a94a5ce6f9","6212","2022-10-07T18:30:00.000","PARMER LN / LAMPLIGHT VILLAGE AVE","WESTBOUND","LEFT TURN","true","19","12.842","3.078","28.795","37.911","10","7","2022","18","30","5","900"
"07d109ad9d19f4c1ef661db474cd09ee","6212","2022-10-07T18:30:00.000","PARMER LN / LAMPLIGHT VILLAGE AVE","WESTBOUND","RIGHT TURN","false","3","8.0","1.732","4.767","1.686","10","7","2022","18","30","5","900"
"c02b0e35363067f62cfcde034e561d54","6212","2022-10-07T18:30:00.000","PARMER LN / LAMPLIGHT VILLAGE AVE","WESTBOUND","RIGHT TURN","true","4","8.0","5.944","3.075","1.005","10","7","2022","18","30","5","900"
"def93405a7fc637a5bf610fe8951a21a","6212","2022-10-07T18:30:00.000","PARMER LN / LAMPLIGHT VILLAGE AVE","WESTBOUND","THRU","false","134","39.425","12.644","5.29","12.97","10","7","2022","18","30","5","900"
"6b30f1be3b9b752ac1535547e0542bac","6212","2022-10-07T18:30:00.000","PARMER LN / LAMPLIGHT VILLAGE AVE","WESTBOUND","THRU","true","107","29.766","12.232","8.307","16.605","10","7","2022","18","30","5","900"
"9a1ab6d5fdb00f9758d2a6068857f979","6212","2022-10-07T18:30:00.000","PARMER LN / LAMPLIGHT VILLAGE AVE","WESTBOUND","U-TURN","true","2","6.5","0.707","1.35","1.768","10","7","2022","18","30","5","900"
"dbe0e4a61e6337782fa875ab240e5fef","6212","2022-10-07T18:45:00.000","PARMER LN / LAMPLIGHT VILLAGE AVE","EASTBOUND","LEFT TURN","false","10","16.9","8.913","16.89","28.501","10","7","2022","18","45","5","900"
"26da385fa5d150f467139cb81fe8700d","6212","2022-10-07T18:45:00.000","PARMER LN / LAMPLIGHT VILLAGE AVE","EASTBOUND","LEFT TURN","true","1","17.0","0.0","6.5","0.0","10","7","2022","18","45","5","900"
"ad922b587dd937ddd17995a16f6096d2","6212","2022-10-07T18:45:00.000","PARMER LN / LAMPLIGHT VILLAGE AVE","EASTBOUND","RIGHT TURN","false","3","23.0","17.578","1.467","1.966","10","7","2022","18","45","5","900"
"c3aac62728e8a869590e881c7302fbeb","6212","2022-10-07T18:45:00.000","PARMER LN / LAMPLIGHT VILLAGE AVE","EASTBOUND","RIGHT TURN","true","3","18.667","24.947","4.5","6.207","10","7","2022","18","45","5","900"
"6eb67da4c01dc2cb2deec268b5a94fc8","6212","2022-10-07T18:45:00.000","PARMER LN / LAMPLIGHT VILLAGE AVE","EASTBOUND","THRU","false","100","47.46","14.865","3.037","11.763","10","7","2022","18","45","5","900"
"10044e2d1b259bb020cf15f32e067076","6212","2022-10-07T18:45:00.000","PARMER LN / LAMPLIGHT VILLAGE AVE","EASTBOUND","THRU","true","128","41.633","17.265","5.495","13.75","10","7","2022","18","45","5","900"
"de7a1b5b8d8761a87bc9ca8e9f0f817d","6212","2022-10-07T18:45:00.000","PARMER LN / LAMPLIGHT VILLAGE AVE","EASTBOUND","U-TURN","false","2","10.5","12.021","2.4","0.99","10","7","2022","18","45","5","900"
"3d2124a48f5145ffd7ebb48f1e7d7b51","6212","2022-10-07T18:45:00.000","PARMER LN / LAMPLIGHT VILLAGE AVE","NORTHBOUND","LEFT TURN","false","28","14.821","2.212","33.818","35.792","10","7","2022","18","45","5","900"
"6ccacbe581da875dd1c12fdfaded5e56","6212","2022-10-07T18:45:00.000","PARMER LN / LAMPLIGHT VILLAGE AVE","NORTHBOUND","LEFT TURN","true","1","20.0","0.0","4.0","0.0","10","7","2022","18","45","5","900"
"f7b587ba0615a6b2cd6deb3c2fe7c4d6","6212","2022-10-07T18:45:00.000","PARMER LN / LAMPLIGHT VILLAGE AVE","NORTHBOUND","RIGHT TURN","false","1","15.0","0.0","3.0","0.0","10","7","2022","18","45","5","900"
"8d0886471eaab26b28b33da95821b86b","6212","2022-10-07T18:45:00.000","PARMER LN / LAMPLIGHT VILLAGE AVE","NORTHBOUND","RIGHT TURN","true","15","6.8","7.748","9.22","10.322","10","7","2022","18","45","5","900"
"41462070ef065a94287a44486e69348f","6212","2022-10-07T18:45:00.000","PARMER LN / LAMPLIGHT VILLAGE AVE","NORTHBOUND","THRU","false","11","10.364","10.595","40.982","40.654","10","7","2022","18","45","5","900"
"e55c8d9ee7b11b16449bf14a52f60247","6212","2022-10-07T18:45:00.000","PARMER LN / LAMPLIGHT VILLAGE AVE","NORTHBOUND","THRU","true","1","19.0","0.0","69.7","0.0","10","7","2022","18","45","5","900"
"e56636eb547c118d53824767ff052260","6212","2022-10-07T18:45:00.000","PARMER LN / LAMPLIGHT VILLAGE AVE","SOUTHBOUND","LEFT TURN","false","5","8.6","6.229","2.04","1.358","10","7","2022","18","45","5","900"
"f5d0d97169e3244121a8c54d054082ec","6212","2022-10-07T18:45:00.000","PARMER LN / LAMPLIGHT VILLAGE AVE","SOUTHBOUND","LEFT TURN","true","1","8.0","0.0","59.6","0.0","10","7","2022","18","45","5","900"
"a5de1d02d7fd65b4bf2aa40e99f6392a","6212","2022-10-07T18:45:00.000","PARMER LN / LAMPLIGHT VILLAGE AVE","SOUTHBOUND","RIGHT TURN","false","3","9.333","2.517","5.933","5.472","10","7","2022","18","45","5","900"
"99c75e05350e4b9b728dbe7389143b9f","6212","2022-10-07T18:45:00.000","PARMER LN / LAMPLIGHT VILLAGE AVE","SOUTHBOUND","RIGHT TURN","true","2","0.0","0.0","2.3","0.424","10","7","2022","18","45","5","900"
"dacc3c002976d67e84c96b1c36eca38e","6212","2022-10-07T18:45:00.000","PARMER LN / LAMPLIGHT VILLAGE AVE","SOUTHBOUND","THRU","false","12","15.0","5.274","6.208","12.551","10","7","2022","18","45","5","900"
"d93ecc890a711aeb28a4a31ff448c71a","6212","2022-10-07T18:45:00.000","PARMER LN / LAMPLIGHT VILLAGE AVE","SOUTHBOUND","THRU","true","1","12.0","0.0","1.0","0.0","10","7","2022","18","45","5","900"
"0543e09cf4576b09c2cf4d5a15650080","6212","2022-10-07T18:45:00.000","PARMER LN / LAMPLIGHT VILLAGE AVE","WESTBOUND","LEFT TURN","false","3","9.0","2.646","51.133","48.656","10","7","2022","18","45","5","900"
"cc1c6205685ff925e9f90d9192608acf","6212","2022-10-07T18:45:00.000","PARMER LN / LAMPLIGHT VILLAGE AVE","WESTBOUND","LEFT TURN","true","18","12.611","3.958","36.239","40.127","10","7","2022","18","45","5","900"
"d736f34889a5bfcf6304fdc21c3d7caf","6212","2022-10-07T18:45:00.000","PARMER LN / LAMPLIGHT VILLAGE AVE","WESTBOUND","RIGHT TURN","false","5","6.4","2.608","3.18","1.472","10","7","2022","18","45","5","900"
"a325931431716417c7c748ea974e731c","6212","2022-10-07T18:45:00.000","PARMER LN / LAMPLIGHT VILLAGE AVE","WESTBOUND","RIGHT TURN","true","10","7.8","4.442","2.71","2.174","10","7","2022","18","45","5","900"
"2bd15d0458c9dcc782d95c7ea264fe12","6212","2022-10-07T18:45:00.000","PARMER LN / LAMPLIGHT VILLAGE AVE","WESTBOUND","THRU","false","140","41.414","12.549","3.954","9.674","10","7","2022","18","45","5","900"
"529322e05e084e4723701eef8b72bd3a","6212","2022-10-07T18:45:00.000","PARMER LN / LAMPLIGHT VILLAGE AVE","WESTBOUND","THRU","true","59","34.22","14.278","8.032","17.191","10","7","2022","18","45","5","900"
"710c4ae42a5038801ade22511df52934","6212","2022-10-07T18:45:00.000","PARMER LN / LAMPLIGHT VILLAGE AVE","WESTBOUND","U-TURN","true","1","13.0","0.0","0.1","0.0","10","7","2022","18","45","5","900"
"1d67977c3fb1f833584ad95d7c6f19ce","6212","2022-10-07T19:00:00.000","PARMER LN / LAMPLIGHT VILLAGE AVE","EASTBOUND","LEFT TURN","false","13","13.769","4.746","10.954","14.44","10","7","2022","19","0","5","900"
"0df392aa4e48af840d595684290e84e1","6212","2022-10-07T19:00:00.000","PARMER LN / LAMPLIGHT VILLAGE AVE","EASTBOUND","LEFT TURN","true","1","9.0","0.0","13.3","0.0","10","7","2022","19","0","5","900"
"a26c834d9c9f7c35bded7b45bd71d330","6212","2022-10-07T19:00:00.000","PARMER LN / LAMPLIGHT VILLAGE AVE","EASTBOUND","RIGHT TURN","false","3","11.333","2.887","1.6","1.778","10","7","2022","19","0","5","900"
"1cc092991df7a197a4e255e8a29c0d3c","6212","2022-10-07T19:00:00.000","PARMER LN / LAMPLIGHT VILLAGE AVE","EASTBOUND","RIGHT TURN","true","3","15.0","15.588","9.833","13.107","10","7","2022","19","0","5","900"
"072415628b3be94e387c898047e77031","6212","2022-10-07T19:00:00.000","PARMER LN / LAMPLIGHT VILLAGE AVE","EASTBOUND","THRU","false","123","51.171","15.41","2.284","6.547","10","7","2022","19","0","5","900"
"b2a2722487061ec28f5a0000b7ef155c","6212","2022-10-07T19:00:00.000","PARMER LN / LAMPLIGHT VILLAGE AVE","EASTBOUND","THRU","true","131","42.153","17.396","5.529","14.901","10","7","2022","19","0","5","900"
"e6d6ac30ed8e8dd9ef186747b25ce816","6212","2022-10-07T19:00:00.000","PARMER LN / LAMPLIGHT VILLAGE AVE","NORTHBOUND","LEFT TURN","false","28","13.643","2.628","46.307","38.941","10","7","2022","19","0","5","900"
"e73f339ac2a0abe3b425bbc3a199644b","6212","2022-10-07T19:00:00.000","PARMER LN / LAMPLIGHT VILLAGE AVE","NORTHBOUND","LEFT TURN","true","2","14.5","2.121","68.05","39.103","10","7","2022","19","0","5","900"
"a8cad9cc966b3f1325fb7c60bc0b4a1c","6212","2022-10-07T19:00:00.000","PARMER LN / LAMPLIGHT VILLAGE AVE","NORTHBOUND","RIGHT TURN","false","3","0.667","1.155","11.4","11.012","10","7","2022","19","0","5","900"
"020604bd9371b4850de898824308d491","6212","2022-10-07T19:00:00.000","PARMER LN / LAMPLIGHT VILLAGE AVE","NORTHBOUND","RIGHT TURN","true","11","6.545","5.733","6.3","5.505","10","7","2022","19","0","5","900"
"af8b35d135d578f9a1a6dab975323217","6212","2022-10-07T19:00:00.000","PARMER LN / LAMPLIGHT VILLAGE AVE","NORTHBOUND","THRU","false","5","11.6","12.818","45.46","45.352","10","7","2022","19","0","5","900"
"866bdf3dcffea63c618e8d810ae43f86","6212","2022-10-07T19:00:00.000","PARMER LN / LAMPLIGHT VILLAGE AVE","SOUTHBOUND","LEFT TURN","false","9","8.778","5.783","1.811","1.43","10","7","2022","19","0","5","900"
"5ace7075155c6cf7c3f67c54c310ecc7","6212","2022-10-07T19:00:00.000","PARMER LN / LAMPLIGHT VILLAGE AVE","SOUTHBOUND","LEFT TURN","true","1","18.0","0.0","3.3","0.0","10","7","2022","19","0","5","900"
"d76620420e7cf624107e5a9b0f854bc3","6212","2022-10-07T19:00:00.000","PARMER LN / LAMPLIGHT VILLAGE AVE","SOUTHBOUND","RIGHT TURN","false","7","11.143","4.947","4.157","5.399","10","7","2022","19","0","5","900"
"a5adcbaa8e0b81c23d5fe1416247334b","6212","2022-10-07T19:00:00.000","PARMER LN / LAMPLIGHT VILLAGE AVE","SOUTHBOUND","RIGHT TURN","true","4","9.75","2.062","3.6","1.637","10","7","2022","19","0","5","900"
"552bde258d93935b92ea13f4d9621112","6212","2022-10-07T19:00:00.000","PARMER LN / LAMPLIGHT VILLAGE AVE","SOUTHBOUND","THRU","false","11","14.909","4.969","18.236","37.595","10","7","2022","19","0","5","900"
"8b599b5a9bc539bed148c0f2bf63c028","6212","2022-10-07T19:00:00.000","PARMER LN / LAMPLIGHT VILLAGE AVE","SOUTHBOUND","THRU","true","3","21.0","7.937","1.767","0.764","10","7","2022","19","0","5","900"
"161932ae8c92857cfe9de71434ff722f","6212","2022-10-07T19:00:00.000","PARMER LN / LAMPLIGHT VILLAGE AVE","WESTBOUND","LEFT TURN","false","7","11.571","2.637","46.943","57.37","10","7","2022","19","0","5","900"
"5f7aea682461fbe76528d1dcba91de18","6212","2022-10-07T19:00:00.000","PARMER LN / LAMPLIGHT VILLAGE AVE","WESTBOUND","LEFT TURN","true","5","10.6","3.912","26.52","34.345","10","7","2022","19","0","5","900"
"dbc21fb0aca955b26f6834420b0571ea","6212","2022-10-07T19:00:00.000","PARMER LN / LAMPLIGHT VILLAGE AVE","WESTBOUND","RIGHT TURN","true","11","12.273","3.409","2.591","1.392","10","7","2022","19","0","5","900"
"f57c50266a4e6035d055d38be26f93d6","6212","2022-10-07T19:00:00.000","PARMER LN / LAMPLIGHT VILLAGE AVE","WESTBOUND","THRU","false","116","41.121","12.629","5.11","11.619","10","7","2022","19","0","5","900"
"d508b64f00bf057d749a8cebfba4d076","6212","2022-10-07T19:00:00.000","PARMER LN / LAMPLIGHT VILLAGE AVE","WESTBOUND","THRU","true","74","34.838","13.394","7.484","14.914","10","7","2022","19","0","5","900"
"5a81f21235a4378ef8b1001a0e1b75a4","6212","2022-10-07T19:00:00.000","PARMER LN / LAMPLIGHT VILLAGE AVE","WESTBOUND","U-TURN","false","1","8.0","0.0","1.0","0.0","10","7","2022","19","0","5","900"
"f8c34828c7fa5c4407961cf6c5ef81f0","6212","2022-10-07T19:15:00.000","PARMER LN / LAMPLIGHT VILLAGE AVE","EASTBOUND","LEFT TURN","false","7","9.429","5.533","22.271","27.627","10","7","2022","19","15","5","900"
"3a23a0ba77bf7d698de1775c5a9b1edb","6212","2022-10-07T19:15:00.000","PARMER LN / LAMPLIGHT VILLAGE AVE","EASTBOUND","LEFT TURN","true","1","11.0","0.0","2.3","0.0","10","7","2022","19","15","5","900"
"882b5be0cfbe361b0a9c320907dbd8f4","6212","2022-10-07T19:15:00.000","PARMER LN / LAMPLIGHT VILLAGE AVE","EASTBOUND","RIGHT TURN","false","4","10.75","4.272","10.55","16.791","10","7","2022","19","15","5","900"
"e0d68ac0698e2031bfcc09198c70d097","6212","2022-10-07T19:15:00.000","PARMER LN / LAMPLIGHT VILLAGE AVE","EASTBOUND","RIGHT TURN","true","2","17.5","6.364","1.3","1.697","10","7","2022","19","15","5","900"
"d877bf9ae4c4f1406fd56f3355508722","6212","2022-10-07T19:15:00.000","PARMER LN / LAMPLIGHT VILLAGE AVE","EASTBOUND","THRU","false","103","50.155","14.993","4.086","11.594","10","7","2022","19","15","5","900"
"1a8f56431107cbc41c4e0a204dd32e29","6212","2022-10-07T19:15:00.000","PARMER LN / LAMPLIGHT VILLAGE AVE","EASTBOUND","THRU","true","121","43.388","17.764","4.169","12.145","10","7","2022","19","15","5","900"
"b12f7609e3624b6e5de787ec30bfb91b","6212","2022-10-07T19:15:00.000","PARMER LN / LAMPLIGHT VILLAGE AVE","EASTBOUND","U-TURN","false","1","0.0","0.0","17.4","0.0","10","7","2022","19","15","5","900"
"6cfe96aaca7e323962589581e533f0cf","6212","2022-10-07T19:15:00.000","PARMER LN / LAMPLIGHT VILLAGE AVE","NORTHBOUND","LEFT TURN","false","16","14.0","3.12","36.456","31.783","10","7","2022","19","15","5","900"
"28fa8558ea54dc81f4256600de1e88b8","6212","2022-10-07T19:15:00.000","PARMER LN / LAMPLIGHT VILLAGE AVE","NORTHBOUND","LEFT TURN","true","1","18.0","0.0","4.0","0.0","10","7","2022","19","15","5","900"
"dda079d281fa8e8a39986be64753a26a","6212","2022-10-07T19:15:00.000","PARMER LN / LAMPLIGHT VILLAGE AVE","NORTHBOUND","RIGHT TURN","false","2","5.5","2.121","2.15","2.899","10","7","2022","19","15","5","900"
"41a333a1f97b07391fcf73cb3591e578","6212","2022-10-07T19:15:00.000","PARMER LN / LAMPLIGHT VILLAGE AVE","NORTHBOUND","RIGHT TURN","true","13","4.231","5.776","11.323","14.342","10","7","2022","19","15","5","900"
"4e6091b4fcdce19e582d56e8f7f1cf9a","6212","2022-10-07T19:15:00.000","PARMER LN / LAMPLIGHT VILLAGE AVE","NORTHBOUND","THRU","false","2","4.5","6.364","77.5","12.445","10","7","2022","19","15","5","900"
"01f7bee00bb581e551aa480559e786ca","6212","2022-10-07T19:15:00.000","PARMER LN / LAMPLIGHT VILLAGE AVE","SOUTHBOUND","LEFT TURN","false","4","12.0","3.367","1.275","0.532","10","7","2022","19","15","5","900"
"805851f9b2637add0eccebd0ed032f6d","6212","2022-10-07T19:15:00.000","PARMER LN / LAMPLIGHT VILLAGE AVE","SOUTHBOUND","LEFT TURN","true","1","17.0","0.0","2.7","0.0","10","7","2022","19","15","5","900"
"12cd6817acc9174c4f0932ace5bd6fd4","6212","2022-10-07T19:15:00.000","PARMER LN / LAMPLIGHT VILLAGE AVE","SOUTHBOUND","RIGHT TURN","false","4","12.25","5.058","1.3","0.716","10","7","2022","19","15","5","900"
"31890794744d4c08845bb7d4e9f4c42b","6212","2022-10-07T19:15:00.000","PARMER LN / LAMPLIGHT VILLAGE AVE","SOUTHBOUND","RIGHT TURN","true","5","10.8","2.864","6.68","8.985","10","7","2022","19","15","5","900"
"2db0275931b6905192383c9e77b0aaa3","6212","2022-10-07T19:15:00.000","PARMER LN / LAMPLIGHT VILLAGE AVE","SOUTHBOUND","THRU","false","6","14.333","4.502","14.317","32.331","10","7","2022","19","15","5","900"
"6a5a6beae575fd4175c1d4cf70b1f576","6212","2022-10-07T19:15:00.000","PARMER LN / LAMPLIGHT VILLAGE AVE","SOUTHBOUND","THRU","true","1","7.0","0.0","87.0","0.0","10","7","2022","19","15","5","900"
"b50e5b3af8178ffa8886638a1ae14706","6212","2022-10-07T19:15:00.000","PARMER LN / LAMPLIGHT VILLAGE AVE","WESTBOUND","LEFT TURN","false","1","12.0","0.0","0.2","0.0","10","7","2022","19","15","5","900"
"093f3e9b595c165177db18c086235260","6212","2022-10-07T19:15:00.000","PARMER LN / LAMPLIGHT VILLAGE AVE","WESTBOUND","LEFT TURN","true","15","10.867","2.232","42.38","46.777","10","7","2022","19","15","5","900"
"fae129c71795117d020baffe1ea328aa","6212","2022-10-07T19:15:00.000","PARMER LN / LAMPLIGHT VILLAGE AVE","WESTBOUND","RIGHT TURN","false","3","13.0","1.732","3.233","0.252","10","7","2022","19","15","5","900"
"939fd77b4036c8a33384e705970ab13c","6212","2022-10-07T19:15:00.000","PARMER LN / LAMPLIGHT VILLAGE AVE","WESTBOUND","RIGHT TURN","true","9","10.778","2.949","3.367","0.955","10","7","2022","19","15","5","900"
"21156d79d419c300ff2df6685c3a8f0b","6212","2022-10-07T19:15:00.000","PARMER LN / LAMPLIGHT VILLAGE AVE","WESTBOUND","THRU","false","113","40.991","12.947","4.501","10.986","10","7","2022","19","15","5","900"
"9d7c2747eebafaf2a848141658917990","6212","2022-10-07T19:15:00.000","PARMER LN / LAMPLIGHT VILLAGE AVE","WESTBOUND","THRU","true","54","34.296","12.623","6.043","12.211","10","7","2022","19","15","5","900"
"f5c419db1d395ab3862a017f6067fc16","6212","2022-10-07T19:30:00.000","PARMER LN / LAMPLIGHT VILLAGE AVE","EASTBOUND","LEFT TURN","false","7","12.286","3.861","15.686","9.629","10","7","2022","19","30","5","900"
"e894ba0e93d747cc8b4704b1c57ee0ee","6212","2022-10-07T19:30:00.000","PARMER LN / LAMPLIGHT VILLAGE AVE","EASTBOUND","RIGHT TURN","false","1","9.0","0.0","1.1","0.0","10","7","2022","19","30","5","900"
"e52aa00b980d4b99099b37aad446b2ba","6212","2022-10-07T19:30:00.000","PARMER LN / LAMPLIGHT VILLAGE AVE","EASTBOUND","RIGHT TURN","true","1","8.0","0.0","2.0","0.0","10","7","2022","19","30","5","900"
"391ff3a8eef7ae89feebcf7b2ba4e7a3","6212","2022-10-07T19:30:00.000","PARMER LN / LAMPLIGHT VILLAGE AVE","EASTBOUND","THRU","false","86","54.163","12.559","1.192","1.898","10","7","2022","19","30","5","900"
"14a576a396aff37eaea80d7a0a1c0a3c","6212","2022-10-07T19:30:00.000","PARMER LN / LAMPLIGHT VILLAGE AVE","EASTBOUND","THRU","true","118","42.364","15.574","4.253","11.197","10","7","2022","19","30","5","900"
"78bcedea2fe8403656c7f2d38897c3a5","6212","2022-10-07T19:30:00.000","PARMER LN / LAMPLIGHT VILLAGE AVE","NORTHBOUND","LEFT TURN","false","14","13.357","4.031","39.629","34.31","10","7","2022","19","30","5","900"
"23fce66b07ef54bd74985b67d0d3a0a0","6212","2022-10-07T19:30:00.000","PARMER LN / LAMPLIGHT VILLAGE AVE","NORTHBOUND","LEFT TURN","true","1","15.0","0.0","4.2","0.0","10","7","2022","19","30","5","900"
"7732289c80afa99aef871683378d69f5","6212","2022-10-07T19:30:00.000","PARMER LN / LAMPLIGHT VILLAGE AVE","NORTHBOUND","RIGHT TURN","false","2","0.0","0.0","3.55","0.919","10","7","2022","19","30","5","900"
"95f420bae909ceec01ca5687e1b4e5ea","6212","2022-10-07T19:30:00.000","PARMER LN / LAMPLIGHT VILLAGE AVE","NORTHBOUND","RIGHT TURN","true","13","0.846","1.519","19.5","19.679","10","7","2022","19","30","5","900"
"3985a812a852db525724ddabcf290426","6212","2022-10-07T19:30:00.000","PARMER LN / LAMPLIGHT VILLAGE AVE","NORTHBOUND","THRU","false","10","15.3","8.084","32.15","39.864","10","7","2022","19","30","5","900"
"e0e8d5939bb0ac8ae3aa12e35b8f9ff9","6212","2022-10-07T19:30:00.000","PARMER LN / LAMPLIGHT VILLAGE AVE","SOUTHBOUND","LEFT TURN","false","3","9.333","6.429","0.867","0.709","10","7","2022","19","30","5","900"
"16a9ead6e12cc467c0da9ba80f50b139","6212","2022-10-07T19:30:00.000","PARMER LN / LAMPLIGHT VILLAGE AVE","SOUTHBOUND","RIGHT TURN","false","2","10.5","3.536","19.45","25.668","10","7","2022","19","30","5","900"
"ce0d33986cf7c1d83cd284dc756d4d38","6212","2022-10-07T19:30:00.000","PARMER LN / LAMPLIGHT VILLAGE AVE","SOUTHBOUND","RIGHT TURN","true","3","15.0","0.0","1.333","0.321","10","7","2022","19","30","5","900"
"d7e3ee60a879b16911ded860648adcc7","6212","2022-10-07T19:30:00.000","PARMER LN / LAMPLIGHT VILLAGE AVE","SOUTHBOUND","THRU","false","9","14.556","7.876","17.911","25.424","10","7","2022","19","30","5","900"
"4d61a4ed6eaa793f41ff4f42794710f7","6212","2022-10-07T19:30:00.000","PARMER LN / LAMPLIGHT VILLAGE AVE","SOUTHBOUND","THRU","true","2","10.5","0.707","2.15","0.495","10","7","2022","19","30","5","900"
"0f0901b65a118f4d70e35f75a42b84ae","6212","2022-10-07T19:30:00.000","PARMER LN / LAMPLIGHT VILLAGE AVE","WESTBOUND","LEFT TURN","false","4","16.0","5.715","24.05","47.168","10","7","2022","19","30","5","900"
"2df44897af771db69ad26197cab1cc9e","6212","2022-10-07T19:30:00.000","PARMER LN / LAMPLIGHT VILLAGE AVE","WESTBOUND","LEFT TURN","true","16","13.188","3.526","41.512","45.996","10","7","2022","19","30","5","900"
"6c8674ea4c71cbcbf895e47877875a08","6212","2022-10-07T19:30:00.000","PARMER LN / LAMPLIGHT VILLAGE AVE","WESTBOUND","RIGHT TURN","false","6","10.167","2.563","3.033","1.191","10","7","2022","19","30","5","900"
"b0d13415ebe31cdeb9c330d290ad3ae5","6212","2022-10-07T19:30:00.000","PARMER LN / LAMPLIGHT VILLAGE AVE","WESTBOUND","RIGHT TURN","true","2","10.5","2.121","3.8","0.424","10","7","2022","19","30","5","900"
"01fcb2e31bd6a35e1f89133d2164724a","6212","2022-10-07T19:30:00.000","PARMER LN / LAMPLIGHT VILLAGE AVE","WESTBOUND","THRU","false","115","44.078","11.049","3.283","7.614","10","7","2022","19","30","5","900"
"10767adee40e9fcd86e454c018ae7e9a","6212","2022-10-07T19:30:00.000","PARMER LN / LAMPLIGHT VILLAGE AVE","WESTBOUND","THRU","true","51","36.392","14.917","6.437","12.976","10","7","2022","19","30","5","900"
"d87c7033e5ddbb5fb50f03c8bc7d5e0f","6212","2022-10-07T19:30:00.000","PARMER LN / LAMPLIGHT VILLAGE AVE","WESTBOUND","U-TURN","true","1","12.0","0.0","0.1","0.0","10","7","2022","19","30","5","900"
"e5129e4b07703727eff670191477823c","6212","2022-10-07T19:45:00.000","PARMER LN / LAMPLIGHT VILLAGE AVE","EASTBOUND","LEFT TURN","false","9","14.111","3.516","14.933","18.0","10","7","2022","19","45","5","900"
"7a2c03c7d3f21fa5b11e4952cfbe3b22","6212","2022-10-07T19:45:00.000","PARMER LN / LAMPLIGHT VILLAGE AVE","EASTBOUND","LEFT TURN","true","1","16.0","0.0","15.3","0.0","10","7","2022","19","45","5","900"
"1374c33188b65f0545e7c1e811296c96","6212","2022-10-07T19:45:00.000","PARMER LN / LAMPLIGHT VILLAGE AVE","EASTBOUND","RIGHT TURN","false","6","11.5","3.834","2.717","1.815","10","7","2022","19","45","5","900"
"5a7142a56f336325e92a12e23f39769b","6212","2022-10-07T19:45:00.000","PARMER LN / LAMPLIGHT VILLAGE AVE","EASTBOUND","RIGHT TURN","true","3","13.667","4.163","5.5","6.393","10","7","2022","19","45","5","900"
"5e7e989b31318bdfefe1dd1c3990cb66","6212","2022-10-07T19:45:00.000","PARMER LN / LAMPLIGHT VILLAGE AVE","EASTBOUND","THRU","false","84","50.524","16.8","4.131","13.016","10","7","2022","19","45","5","900"
"b040458bea7ea0066af9cb850ba097d5","6212","2022-10-07T19:45:00.000","PARMER LN / LAMPLIGHT VILLAGE AVE","EASTBOUND","THRU","true","115","37.043","17.618","6.494","15.372","10","7","2022","19","45","5","900"
"d9c73e103dfd1516ab2941f59c485941","6212","2022-10-07T19:45:00.000","PARMER LN / LAMPLIGHT VILLAGE AVE","NORTHBOUND","LEFT TURN","false","14","14.214","5.071","25.264","31.125","10","7","2022","19","45","5","900"
"8810c35efba9701a13e0c38dcb9e6080","6212","2022-10-07T19:45:00.000","PARMER LN / LAMPLIGHT VILLAGE AVE","NORTHBOUND","LEFT TURN","true","6","12.333","2.944","40.633","42.674","10","7","2022","19","45","5","900"
"a97947cd52d0a2fdf3c8ae6f0a4ead07","6212","2022-10-07T19:45:00.000","PARMER LN / LAMPLIGHT VILLAGE AVE","NORTHBOUND","RIGHT TURN","false","1","10.0","0.0","4.3","0.0","10","7","2022","19","45","5","900"
"b091a7dfe03f69f2b2a0feb5ed2453f6","6212","2022-10-07T19:45:00.000","PARMER LN / LAMPLIGHT VILLAGE AVE","NORTHBOUND","RIGHT TURN","true","12","5.083","6.037","9.717","12.662","10","7","2022","19","45","5","900"
"d433fa2223bd67102f8231ea5f0ea700","6212","2022-10-07T19:45:00.000","PARMER LN / LAMPLIGHT VILLAGE AVE","NORTHBOUND","THRU","false","4","14.0","10.488","16.8","18.845","10","7","2022","19","45","5","900"
"dcabaf97aa8c2cd9f1d707762a2b4c48","6212","2022-10-07T19:45:00.000","PARMER LN / LAMPLIGHT VILLAGE AVE","NORTHBOUND","THRU","true","2","22.5","3.536","3.25","0.636","10","7","2022","19","45","5","900"
"0fb1ad9c03e515f555e90fb10d0ab465","6212","2022-10-07T19:45:00.000","PARMER LN / LAMPLIGHT VILLAGE AVE","SOUTHBOUND","LEFT TURN","false","6","9.667","3.445","2.3","2.866","10","7","2022","19","45","5","900"
"9fbfb99afa79335381db118e146041ed","6212","2022-10-07T19:45:00.000","PARMER LN / LAMPLIGHT VILLAGE AVE","SOUTHBOUND","LEFT TURN","true","1","0.0","0.0","0.1","0.0","10","7","2022","19","45","5","900"
"f02f6a2dbb369b57b591b1dfb3fb6d2d","6212","2022-10-07T19:45:00.000","PARMER LN / LAMPLIGHT VILLAGE AVE","SOUTHBOUND","RIGHT TURN","false","2","8.0","0.0","3.05","1.485","10","7","2022","19","45","5","900"
"36dab393668066c1c2b59281b31f758e","6212","2022-10-07T19:45:00.000","PARMER LN / LAMPLIGHT VILLAGE AVE","SOUTHBOUND","RIGHT TURN","true","4","15.0","6.055","2.95","2.886","10","7","2022","19","45","5","900"
"8dab8e20aaad35ee62ba531d9f3d511a","6212","2022-10-07T19:45:00.000","PARMER LN / LAMPLIGHT VILLAGE AVE","SOUTHBOUND","THRU","false","5","12.8","7.981","11.14","22.122","10","7","2022","19","45","5","900"
"b1489745cb19a6fb9973cfec98286c2d","6212","2022-10-07T19:45:00.000","PARMER LN / LAMPLIGHT VILLAGE AVE","SOUTHBOUND","THRU","true","4","15.75","14.637","1.075","0.699","10","7","2022","19","45","5","900"
"9b8bf41c28fa1888ffd5d0206632a01a","6212","2022-10-07T19:45:00.000","PARMER LN / LAMPLIGHT VILLAGE AVE","WESTBOUND","LEFT TURN","false","3","10.667","3.215","35.1","49.888","10","7","2022","19","45","5","900"
"bb56daf591d6804edd58c9930ef48f5b","6212","2022-10-07T19:45:00.000","PARMER LN / LAMPLIGHT VILLAGE AVE","WESTBOUND","LEFT TURN","true","15","13.333","5.219","50.467","48.904","10","7","2022","19","45","5","900"
"43c749e8f9ed837d641a75787217c84a","6212","2022-10-07T19:45:00.000","PARMER LN / LAMPLIGHT VILLAGE AVE","WESTBOUND","RIGHT TURN","false","4","8.0","1.826","4.05","0.465","10","7","2022","19","45","5","900"
"3c9cfc025cccdf109120f54700146524","6212","2022-10-07T19:45:00.000","PARMER LN / LAMPLIGHT VILLAGE AVE","WESTBOUND","RIGHT TURN","true","7","11.714","2.812","2.829","1.524","10","7","2022","19","45","5","900"
"f9962149af03c0498a7600fc678b3c87","6212","2022-10-07T19:45:00.000","PARMER LN / LAMPLIGHT VILLAGE AVE","WESTBOUND","THRU","false","114","43.114","11.442","3.217","7.407","10","7","2022","19","45","5","900"
"9d7033e90239a9a4fd2366f651c687b2","6212","2022-10-07T19:45:00.000","PARMER LN / LAMPLIGHT VILLAGE AVE","WESTBOUND","THRU","true","47","38.319","11.733","2.802","3.964","10","7","2022","19","45","5","900"
"d4d34e91b7d6f1b5df3a18270e959744","6212","2022-10-07T19:45:00.000","PARMER LN / LAMPLIGHT VILLAGE AVE","WESTBOUND","U-TURN","true","1","8.0","0.0","0.8","0.0","10","7","2022","19","45","5","900"
"9fd551669b7c9200b6139e9b3e77b51c","6212","2022-10-07T20:00:00.000","PARMER LN / LAMPLIGHT VILLAGE AVE","EASTBOUND","LEFT TURN","false","4","10.75","2.217","34.65","44.058","10","7","2022","20","0","5","900"
"97b547eb59fc1dcd84c6252c2e007390","6212","2022-10-07T20:00:00.000","PARMER LN / LAMPLIGHT VILLAGE AVE","EASTBOUND","RIGHT TURN","false","3","13.0","3.0","1.167","1.05","10","7","2022","20","0","5","900"
"8a61f5af93ac1bdad3055b371beacd23","6212","2022-10-07T20:00:00.000","PARMER LN / LAMPLIGHT VILLAGE AVE","EASTBOUND","RIGHT TURN","true","3","10.0","17.321","3.5","5.803","10","7","2022","20","0","5","900"
"0000c21f561b134031eecc13e6eede84","6212","2022-10-07T20:00:00.000","PARMER LN / LAMPLIGHT VILLAGE AVE","EASTBOUND","THRU","false","102","53.961","14.631","1.835","5.63","10","7","2022","20","0","5","900"
"449667c922cc3e148fd1686ac537174c","6212","2022-10-07T20:00:00.000","PARMER LN / LAMPLIGHT VILLAGE AVE","EASTBOUND","THRU","true","102","44.127","19.571","4.064","10.586","10","7","2022","20","0","5","900"
"6fc2e7b9c812d09df4a77adbc89477ff","6212","2022-10-07T20:00:00.000","PARMER LN / LAMPLIGHT VILLAGE AVE","EASTBOUND","U-TURN","false","1","3.0","0.0","3.0","0.0","10","7","2022","20","0","5","900"
"c0bcd4a5a53f191cef6842b1668545ff","6212","2022-10-07T20:00:00.000","PARMER LN / LAMPLIGHT VILLAGE AVE","NORTHBOUND","LEFT TURN","false","14","14.857","3.06","26.571","28.889","10","7","2022","20","0","5","900"
"6fd4b986b6016c02f58e1b5c473e87c5","6212","2022-10-07T20:00:00.000","PARMER LN / LAMPLIGHT VILLAGE AVE","NORTHBOUND","LEFT TURN","true","2","13.0","2.828","7.6","4.384","10","7","2022","20","0","5","900"
"ade5aea4e6cc776995183d221057bd45","6212","2022-10-07T20:00:00.000","PARMER LN / LAMPLIGHT VILLAGE AVE","NORTHBOUND","RIGHT TURN","false","3","6.0","7.937","4.867","2.307","10","7","2022","20","0","5","900"
"31d171fc15ac10b6d1477602b91700a0","6212","2022-10-07T20:00:00.000","PARMER LN / LAMPLIGHT VILLAGE AVE","NORTHBOUND","RIGHT TURN","true","8","5.0","5.732","17.662","32.893","10","7","2022","20","0","5","900"
"151edf664ddbca8c53f49ea54113503b","6212","2022-10-07T20:00:00.000","PARMER LN / LAMPLIGHT VILLAGE AVE","NORTHBOUND","THRU","false","5","8.6","6.066","37.6","35.643","10","7","2022","20","0","5","900"
"6c8fe08e0a13629abbbcf4e895dd899c","6212","2022-10-07T20:00:00.000","PARMER LN / LAMPLIGHT VILLAGE AVE","SOUTHBOUND","LEFT TURN","false","8","10.875","2.295","15.7","24.076","10","7","2022","20","0","5","900"
"1aeeb1cd52cde13a1534ff8af0dfca01","6212","2022-10-07T20:00:00.000","PARMER LN / LAMPLIGHT VILLAGE AVE","SOUTHBOUND","LEFT TURN","true","1","15.0","0.0","0.8","0.0","10","7","2022","20","0","5","900"
"64f11fbbdafad674bcf19b2f1ce828d1","6212","2022-10-07T20:00:00.000","PARMER LN / LAMPLIGHT VILLAGE AVE","SOUTHBOUND","RIGHT TURN","true","3","11.0","5.196","2.533","0.493","10","7","2022","20","0","5","900"
"7b88d3a4f31dc31eb2053e33b85e89f2","6212","2022-10-07T20:00:00.000","PARMER LN / LAMPLIGHT VILLAGE AVE","SOUTHBOUND","THRU","false","8","12.375","2.264","3.725","6.875","10","7","2022","20","0","5","900"
"6d5e7044cfc595fbcea23b9b8966f71b","6212","2022-10-07T20:00:00.000","PARMER LN / LAMPLIGHT VILLAGE AVE","SOUTHBOUND","THRU","true","1","4.0","0.0","0.1","0.0","10","7","2022","20","0","5","900"
"f5bb619503b6dca99956fe7582256be9","6212","2022-10-07T20:00:00.000","PARMER LN / LAMPLIGHT VILLAGE AVE","WESTBOUND","LEFT TURN","true","5","9.6","5.505","20.86","42.152","10","7","2022","20","0","5","900"
"7df652097629d86b17e2501a4df8fd33","6212","2022-10-07T20:00:00.000","PARMER LN / LAMPLIGHT VILLAGE AVE","WESTBOUND","RIGHT TURN","true","9","12.333","2.693","3.078","0.714","10","7","2022","20","0","5","900"
"86c5ed61db7384c8c1b0e0449730c58d","6212","2022-10-07T20:00:00.000","PARMER LN / LAMPLIGHT VILLAGE AVE","WESTBOUND","THRU","false","103","44.243","10.625","3.804","10.406","10","7","2022","20","0","5","900"
"d42ad7a9de91ec19f6464d6426e3c6e8","6212","2022-10-07T20:00:00.000","PARMER LN / LAMPLIGHT VILLAGE AVE","WESTBOUND","THRU","true","37","37.162","14.406","6.746","14.442","10","7","2022","20","0","5","900"
"f2f34df80352f7507b242b8e9addeef9","6212","2022-10-07T20:15:00.000","PARMER LN / LAMPLIGHT VILLAGE AVE","EASTBOUND","LEFT TURN","false","6","13.333","3.386","29.95","30.785","10","7","2022","20","15","5","900"
"45ec21edf49e15837e8541514eba8fc5","6212","2022-10-07T20:15:00.000","PARMER LN / LAMPLIGHT VILLAGE AVE","EASTBOUND","RIGHT TURN","false","4","9.25","5.123","3.35","0.79","10","7","2022","20","15","5","900"
"226573c42bb84812d1f4d2f218d1156f","6212","2022-10-07T20:15:00.000","PARMER LN / LAMPLIGHT VILLAGE AVE","EASTBOUND","THRU","false","111","53.982","13.348","1.408","2.569","10","7","2022","20","15","5","900"
"11c6f01535714e534c0c0fb29be785a3","6212","2022-10-07T20:15:00.000","PARMER LN / LAMPLIGHT VILLAGE AVE","EASTBOUND","THRU","true","99","42.949","16.388","2.7","6.992","10","7","2022","20","15","5","900"
"59838763bea918822659a4313cb0f037","6212","2022-10-07T20:15:00.000","PARMER LN / LAMPLIGHT VILLAGE AVE","EASTBOUND","U-TURN","true","1","2.0","0.0","86.3","0.0","10","7","2022","20","15","5","900"
"6e382c4952e4bc8d0cde8770db58bca8","6212","2022-10-07T20:15:00.000","PARMER LN / LAMPLIGHT VILLAGE AVE","NORTHBOUND","LEFT TURN","false","14","14.286","2.614","29.529","29.232","10","7","2022","20","15","5","900"
"8dc5ce30b02443349ee21c0df942ae53","6212","2022-10-07T20:15:00.000","PARMER LN / LAMPLIGHT VILLAGE AVE","NORTHBOUND","RIGHT TURN","false","4","7.5","8.699","4.85","8.514","10","7","2022","20","15","5","900"
"5e3f0c2519530e14f1569a84ae381ede","6212","2022-10-07T20:15:00.000","PARMER LN / LAMPLIGHT VILLAGE AVE","NORTHBOUND","RIGHT TURN","true","9","1.667","4.301","17.044","15.797","10","7","2022","20","15","5","900"
"b372912f51a11c12fcab9b7dc3b0002d","6212","2022-10-07T20:15:00.000","PARMER LN / LAMPLIGHT VILLAGE AVE","NORTHBOUND","THRU","false","4","4.0","5.416","55.675","44.827","10","7","2022","20","15","5","900"
"7910d5ced383bd9bf4ec0e0eeb4b7a8d","6212","2022-10-07T20:15:00.000","PARMER LN / LAMPLIGHT VILLAGE AVE","SOUTHBOUND","LEFT TURN","false","5","7.6","5.55","13.68","21.755","10","7","2022","20","15","5","900"
"0fe5687066e7ace11400e0916fc99b21","6212","2022-10-07T20:15:00.000","PARMER LN / LAMPLIGHT VILLAGE AVE","SOUTHBOUND","RIGHT TURN","false","3","12.333","1.155","1.667","1.55","10","7","2022","20","15","5","900"
"0bd6a449af22631a3d5938f255dd6f59","6212","2022-10-07T20:15:00.000","PARMER LN / LAMPLIGHT VILLAGE AVE","SOUTHBOUND","RIGHT TURN","true","5","8.4","1.14","7.0","9.358","10","7","2022","20","15","5","900"
"d377dcc49b6e58961b3cc1376450eb4a","6212","2022-10-07T20:15:00.000","PARMER LN / LAMPLIGHT VILLAGE AVE","SOUTHBOUND","THRU","false","6","10.833","4.309","17.117","36.471","10","7","2022","20","15","5","900"
"8f66acd774f931e4e9225cba49d37f19","6212","2022-10-07T20:15:00.000","PARMER LN / LAMPLIGHT VILLAGE AVE","WESTBOUND","LEFT TURN","false","2","10.5","0.707","1.2","0.141","10","7","2022","20","15","5","900"
"ee51cc259a03aab48c81cebce87c35f6","6212","2022-10-07T20:15:00.000","PARMER LN / LAMPLIGHT VILLAGE AVE","WESTBOUND","LEFT TURN","true","6","8.833","5.307","28.617","31.762","10","7","2022","20","15","5","900"
"56eec8b68af16dfeb38d9ff2d7b4b3f6","6212","2022-10-07T20:15:00.000","PARMER LN / LAMPLIGHT VILLAGE AVE","WESTBOUND","RIGHT TURN","true","10","10.3","2.359","3.12","1.441","10","7","2022","20","15","5","900"
"f98ef3f02e5f1483148578bf50f22dd8","6212","2022-10-07T20:15:00.000","PARMER LN / LAMPLIGHT VILLAGE AVE","WESTBOUND","THRU","false","108","46.167","9.929","3.133","7.671","10","7","2022","20","15","5","900"
"aff7318505d2c0c3f913217c46d0b028","6212","2022-10-07T20:15:00.000","PARMER LN / LAMPLIGHT VILLAGE AVE","WESTBOUND","THRU","true","36","39.944","13.971","5.508","11.612","10","7","2022","20","15","5","900"
"2d6bc54b60feaba0a090d51b8ed78058","6212","2022-10-07T20:30:00.000","PARMER LN / LAMPLIGHT VILLAGE AVE","EASTBOUND","LEFT TURN","false","5","13.6","7.162","31.64","33.738","10","7","2022","20","30","5","900"
"96727c1c11b16fc4b5fe4773d0ef0c96","6212","2022-10-07T20:30:00.000","PARMER LN / LAMPLIGHT VILLAGE AVE","EASTBOUND","RIGHT TURN","false","1","15.0","0.0","1.9","0.0","10","7","2022","20","30","5","900"
"a7e79f0555bcea758ea109252fe21b4d","6212","2022-10-07T20:30:00.000","PARMER LN / LAMPLIGHT VILLAGE AVE","EASTBOUND","RIGHT TURN","true","4","31.0","39.505","10.85","13.864","10","7","2022","20","30","5","900"
"7e95cd954f24421c9dd27886ec57556f","6212","2022-10-07T20:30:00.000","PARMER LN / LAMPLIGHT VILLAGE AVE","EASTBOUND","THRU","false","96","50.365","16.287","2.383","7.276","10","7","2022","20","30","5","900"
"e0be7d2915b81ba2ee8bddb98822bdc5","6212","2022-10-07T20:30:00.000","PARMER LN / LAMPLIGHT VILLAGE AVE","EASTBOUND","THRU","true","95","49.126","14.533","2.949","7.966","10","7","2022","20","30","5","900"
"84be53919f9f01516c25774dca8be10a","6212","2022-10-07T20:30:00.000","PARMER LN / LAMPLIGHT VILLAGE AVE","NORTHBOUND","LEFT TURN","false","19","14.684","2.056","40.821","40.909","10","7","2022","20","30","5","900"
"aef5f781d6a45fc7f9371d62fd4db502","6212","2022-10-07T20:30:00.000","PARMER LN / LAMPLIGHT VILLAGE AVE","NORTHBOUND","LEFT TURN","true","1","16.0","0.0","19.5","0.0","10","7","2022","20","30","5","900"
"e7f41f93fa248c61f6746b83aad1cdb0","6212","2022-10-07T20:30:00.000","PARMER LN / LAMPLIGHT VILLAGE AVE","NORTHBOUND","RIGHT TURN","false","2","1.5","0.707","2.3","3.111","10","7","2022","20","30","5","900"
"1e8eb5e5bf0d5699cee85ff1f88061b4","6212","2022-10-07T20:30:00.000","PARMER LN / LAMPLIGHT VILLAGE AVE","NORTHBOUND","RIGHT TURN","true","13","3.308","5.154","9.854","8.476","10","7","2022","20","30","5","900"
"fb4f977f7bf9831d65bc6157308c310b","6212","2022-10-07T20:30:00.000","PARMER LN / LAMPLIGHT VILLAGE AVE","NORTHBOUND","THRU","false","3","6.667","8.083","34.1","47.928","10","7","2022","20","30","5","900"
"f563ddebde4df750e74bdbac5a74197f","6212","2022-10-07T20:30:00.000","PARMER LN / LAMPLIGHT VILLAGE AVE","SOUTHBOUND","LEFT TURN","false","3","7.333","3.786","2.4","1.153","10","7","2022","20","30","5","900"
"65888b3d0c6afb3803ae8f88158389c2","6212","2022-10-07T20:30:00.000","PARMER LN / LAMPLIGHT VILLAGE AVE","SOUTHBOUND","RIGHT TURN","false","2","10.0","2.828","2.4","1.131","10","7","2022","20","30","5","900"
"14126a8fe347e0a12e1410e98ce26c81","6212","2022-10-07T20:30:00.000","PARMER LN / LAMPLIGHT VILLAGE AVE","SOUTHBOUND","RIGHT TURN","true","3","4.667","4.163","7.4","8.314","10","7","2022","20","30","5","900"
"74ae81cd17694724b8fbcb6d4fdf1f9a","6212","2022-10-07T20:30:00.000","PARMER LN / LAMPLIGHT VILLAGE AVE","SOUTHBOUND","THRU","false","2","10.5","3.536","1.75","0.071","10","7","2022","20","30","5","900"
"004986ffc3f499899c1bbab277554de8","6212","2022-10-07T20:30:00.000","PARMER LN / LAMPLIGHT VILLAGE AVE","SOUTHBOUND","THRU","true","2","13.5","2.121","0.9","1.131","10","7","2022","20","30","5","900"
"3cc0a5bca0552637bdcfaa649e79fb2c","6212","2022-10-07T20:30:00.000","PARMER LN / LAMPLIGHT VILLAGE AVE","WESTBOUND","LEFT TURN","false","2","12.5","2.121","2.75","1.626","10","7","2022","20","30","5","900"
"93aad706eee1e207504bee61a3f2d665","6212","2022-10-07T20:30:00.000","PARMER LN / LAMPLIGHT VILLAGE AVE","WESTBOUND","LEFT TURN","true","3","10.667","1.528","57.733","20.409","10","7","2022","20","30","5","900"
"5f5563ff25ae937a90c4f820b9ba7c3c","6212","2022-10-07T20:30:00.000","PARMER LN / LAMPLIGHT VILLAGE AVE","WESTBOUND","RIGHT TURN","false","1","15.0","0.0","2.7","0.0","10","7","2022","20","30","5","900"
"970b2027b4c49341e2d21241deb73c45","6212","2022-10-07T20:30:00.000","PARMER LN / LAMPLIGHT VILLAGE AVE","WESTBOUND","RIGHT TURN","true","6","10.667","6.055","3.35","0.619","10","7","2022","20","30","5","900"
"8f9a8203f91755118b75217c6435f819","6212","2022-10-07T20:30:00.000","PARMER LN / LAMPLIGHT VILLAGE AVE","WESTBOUND","THRU","false","85","46.106","10.594","3.129","6.588","10","7","2022","20","30","5","900"
"22fc8c7063346e23373542c81097763c","6212","2022-10-07T20:30:00.000","PARMER LN / LAMPLIGHT VILLAGE AVE","WESTBOUND","THRU","true","41","36.0","14.574","3.624","4.489","10","7","2022","20","30","5","900"
"60033c495c81f3c489f668097f823480","6212","2022-10-07T20:45:00.000","PARMER LN / LAMPLIGHT VILLAGE AVE","EASTBOUND","LEFT TURN","false","2","17.0","7.071","52.75","70.216","10","7","2022","20","45","5","900"
"eb69a95342df69cecfd3138342b79b86","6212","2022-10-07T20:45:00.000","PARMER LN / LAMPLIGHT VILLAGE AVE","EASTBOUND","RIGHT TURN","false","2","14.0","2.828","2.25","0.212","10","7","2022","20","45","5","900"
"c9fee06fd59a1872a4e9e06fb849c0b2","6212","2022-10-07T20:45:00.000","PARMER LN / LAMPLIGHT VILLAGE AVE","EASTBOUND","THRU","false","70","54.757","13.991","3.127","11.523","10","7","2022","20","45","5","900"
"c99e25c55b705ddea77f5c0313f735cf","6212","2022-10-07T20:45:00.000","PARMER LN / LAMPLIGHT VILLAGE AVE","EASTBOUND","THRU","true","78","44.833","17.002","5.462","11.32","10","7","2022","20","45","5","900"
"ac2315283e7a6289ceadca166ef338c9","6212","2022-10-07T20:45:00.000","PARMER LN / LAMPLIGHT VILLAGE AVE","NORTHBOUND","LEFT TURN","false","16","14.312","2.549","45.294","38.297","10","7","2022","20","45","5","900"
"630222b39a04ba8f5b5d9c6eeb22d368","6212","2022-10-07T20:45:00.000","PARMER LN / LAMPLIGHT VILLAGE AVE","NORTHBOUND","RIGHT TURN","false","2","3.0","4.243","26.7","37.477","10","7","2022","20","45","5","900"
"0260672f4e8fa759d1205540854cef76","6212","2022-10-07T20:45:00.000","PARMER LN / LAMPLIGHT VILLAGE AVE","NORTHBOUND","RIGHT TURN","true","10","3.1","3.107","21.66","19.727","10","7","2022","20","45","5","900"
"b8a9366fc98803b5fb75983cd03c55a2","6212","2022-10-07T20:45:00.000","PARMER LN / LAMPLIGHT VILLAGE AVE","NORTHBOUND","THRU","false","7","8.143","6.44","42.686","33.803","10","7","2022","20","45","5","900"
"1abe04a8619ef7e2bacb7297e9903364","6212","2022-10-07T20:45:00.000","PARMER LN / LAMPLIGHT VILLAGE AVE","SOUTHBOUND","LEFT TURN","false","1","9.0","0.0","1.5","0.0","10","7","2022","20","45","5","900"
"fba3cb55cc83516fff2e56fbbaea08e0","6212","2022-10-07T20:45:00.000","PARMER LN / LAMPLIGHT VILLAGE AVE","SOUTHBOUND","RIGHT TURN","false","1","9.0","0.0","2.1","0.0","10","7","2022","20","45","5","900"
"aa874fa7bc427f2761ec1f505b98e4e4","6212","2022-10-07T20:45:00.000","PARMER LN / LAMPLIGHT VILLAGE AVE","SOUTHBOUND","RIGHT TURN","true","1","22.0","0.0","0.7","0.0","10","7","2022","20","45","5","900"
"3f9d8bd386ddf6bca6afc94654a08e5e","6212","2022-10-07T20:45:00.000","PARMER LN / LAMPLIGHT VILLAGE AVE","SOUTHBOUND","THRU","false","4","10.5","1.0","33.6","60.573","10","7","2022","20","45","5","900"
"e1aed36e2c21173dc5ac6516229b1a81","6212","2022-10-07T20:45:00.000","PARMER LN / LAMPLIGHT VILLAGE AVE","SOUTHBOUND","THRU","true","1","22.0","0.0","2.0","0.0","10","7","2022","20","45","5","900"
"2b0e243b416f3d5decdb998924a89c47","6212","2022-10-07T20:45:00.000","PARMER LN / LAMPLIGHT VILLAGE AVE","WESTBOUND","LEFT TURN","false","4","10.5","2.646","48.95","37.841","10","7","2022","20","45","5","900"
"6b74a3d455e1401c2c7ac9f129d7cbab","6212","2022-10-07T20:45:00.000","PARMER LN / LAMPLIGHT VILLAGE AVE","WESTBOUND","LEFT TURN","true","11","11.273","2.611","42.509","40.78","10","7","2022","20","45","5","900"
"6a25a95a0ae3f9fb542e3e15f14fa032","6212","2022-10-07T20:45:00.000","PARMER LN / LAMPLIGHT VILLAGE AVE","WESTBOUND","RIGHT TURN","false","2","12.0","1.414","2.9","1.838","10","7","2022","20","45","5","900"
"eba058dd00a98687e2b973cec510f8d4","6212","2022-10-07T20:45:00.000","PARMER LN / LAMPLIGHT VILLAGE AVE","WESTBOUND","RIGHT TURN","true","5","11.0","3.536","3.66","2.567","10","7","2022","20","45","5","900"
"6813def53105d398cc1439c27036dd26","6212","2022-10-07T20:45:00.000","PARMER LN / LAMPLIGHT VILLAGE AVE","WESTBOUND","THRU","false","108","45.111","10.559","3.532","8.693","10","7","2022","20","45","5","900"
"6000ee62c00bc81a786df682178c336c","6212","2022-10-07T20:45:00.000","PARMER LN / LAMPLIGHT VILLAGE AVE","WESTBOUND","THRU","true","42","38.952","13.006","3.905","10.494","10","7","2022","20","45","5","900"
"dacdae93a07827c36055b4fc31a4a2a6","6212","2022-10-07T20:45:00.000","PARMER LN / LAMPLIGHT VILLAGE AVE","WESTBOUND","U-TURN","false","1","9.0","0.0","0.1","0.0","10","7","2022","20","45","5","900"
"3bd331d8b2a4fa3f4e27af7f0a8a8bbd","6212","2022-10-07T21:00:00.000","PARMER LN / LAMPLIGHT VILLAGE AVE","EASTBOUND","LEFT TURN","false","3","8.667","5.859","3.167","1.436","10","7","2022","21","0","5","900"
"e43dd984fefd6e38c13d91397fc7d8ec","6212","2022-10-07T21:00:00.000","PARMER LN / LAMPLIGHT VILLAGE AVE","EASTBOUND","LEFT TURN","true","3","26.0","31.48","21.533","36.006","10","7","2022","21","0","5","900"
"546581dfc9a6d8efe740e62875a95642","6212","2022-10-07T21:00:00.000","PARMER LN / LAMPLIGHT VILLAGE AVE","EASTBOUND","RIGHT TURN","false","1","6.0","0.0","4.9","0.0","10","7","2022","21","0","5","900"
"4e50a5fc112b21557351000fa6a1d376","6212","2022-10-07T21:00:00.000","PARMER LN / LAMPLIGHT VILLAGE AVE","EASTBOUND","RIGHT TURN","true","1","7.0","0.0","1.0","0.0","10","7","2022","21","0","5","900"
"5903e233484418bed7b676295728b0db","6212","2022-10-07T21:00:00.000","PARMER LN / LAMPLIGHT VILLAGE AVE","EASTBOUND","THRU","false","81","53.84","11.619","1.451","3.708","10","7","2022","21","0","5","900"
"65c35bb0a92fea345e48a1f343515ac9","6212","2022-10-07T21:00:00.000","PARMER LN / LAMPLIGHT VILLAGE AVE","EASTBOUND","THRU","true","88","48.148","18.497","2.592","6.196","10","7","2022","21","0","5","900"
"3b7ac208cd18756ef01b75f824c8d751","6212","2022-10-07T21:00:00.000","PARMER LN / LAMPLIGHT VILLAGE AVE","NORTHBOUND","LEFT TURN","false","8","12.375","3.42","33.225","39.484","10","7","2022","21","0","5","900"
"83092eac139ad7a2d56f7da91d8d4753","6212","2022-10-07T21:00:00.000","PARMER LN / LAMPLIGHT VILLAGE AVE","NORTHBOUND","LEFT TURN","true","2","15.5","3.536","44.85","57.771","10","7","2022","21","0","5","900"
"28cbda26e2e59eca691a280cf5451c3e","6212","2022-10-07T21:00:00.000","PARMER LN / LAMPLIGHT VILLAGE AVE","NORTHBOUND","RIGHT TURN","false","2","0.0","0.0","15.3","1.131","10","7","2022","21","0","5","900"
"01cdcab92d71bd431acd902a594ef907","6212","2022-10-07T21:00:00.000","PARMER LN / LAMPLIGHT VILLAGE AVE","NORTHBOUND","RIGHT TURN","true","6","1.833","2.563","23.433","23.877","10","7","2022","21","0","5","900"
"800dc120de54fa4a96f448d79e8a4356","6212","2022-10-07T21:00:00.000","PARMER LN / LAMPLIGHT VILLAGE AVE","NORTHBOUND","THRU","false","1","8.0","0.0","1.3","0.0","10","7","2022","21","0","5","900"
"588531f887a10e78f81ff03a435f8e21","6212","2022-10-07T21:00:00.000","PARMER LN / LAMPLIGHT VILLAGE AVE","SOUTHBOUND","LEFT TURN","false","1","15.0","0.0","1.2","0.0","10","7","2022","21","0","5","900"
"3aead2a9fbb62869de53c5b10dde7924","6212","2022-10-07T21:00:00.000","PARMER LN / LAMPLIGHT VILLAGE AVE","SOUTHBOUND","RIGHT TURN","false","1","13.0","0.0","1.7","0.0","10","7","2022","21","0","5","900"
"27a6843e0b07b036ea11505b710ab9af","6212","2022-10-07T21:00:00.000","PARMER LN / LAMPLIGHT VILLAGE AVE","SOUTHBOUND","THRU","false","4","11.0","1.414","1.8","0.245","10","7","2022","21","0","5","900"
"e93e684ba98bb33ca3ae1dbc4031f0ea","6212","2022-10-07T21:00:00.000","PARMER LN / LAMPLIGHT VILLAGE AVE","SOUTHBOUND","THRU","true","2","6.5","9.192","2.1","1.131","10","7","2022","21","0","5","900"
"ee9b496981351d8ec747a30d05b93790","6212","2022-10-07T21:00:00.000","PARMER LN / LAMPLIGHT VILLAGE AVE","WESTBOUND","LEFT TURN","false","2","7.5","10.607","3.9","1.98","10","7","2022","21","0","5","900"
"6129506d6bd5adc9bfbbfe98830d5a76","6212","2022-10-07T21:00:00.000","PARMER LN / LAMPLIGHT VILLAGE AVE","WESTBOUND","LEFT TURN","true","4","11.5","1.915","75.65","4.857","10","7","2022","21","0","5","900"
"a585eea199239a35db702805a87eb828","6212","2022-10-07T21:00:00.000","PARMER LN / LAMPLIGHT VILLAGE AVE","WESTBOUND","RIGHT TURN","false","1","11.0","0.0","0.9","0.0","10","7","2022","21","0","5","900"
"51ff2df088199b0aec77aebc48e9c91a","6212","2022-10-07T21:00:00.000","PARMER LN / LAMPLIGHT VILLAGE AVE","WESTBOUND","RIGHT TURN","true","4","10.5","3.109","3.975","1.58","10","7","2022","21","0","5","900"
"d83581cbd0fe38de35d7a86864679f44","6212","2022-10-07T21:00:00.000","PARMER LN / LAMPLIGHT VILLAGE AVE","WESTBOUND","THRU","false","96","47.5","9.811","2.675","6.194","10","7","2022","21","0","5","900"
"ac876295921b8e1fde366d406da7515b","6212","2022-10-07T21:00:00.000","PARMER LN / LAMPLIGHT VILLAGE AVE","WESTBOUND","THRU","true","24","37.917","14.77","5.938","10.054","10","7","2022","21","0","5","900"
"590a33c9a31895165afb23ba5e0cf398","6212","2022-10-07T21:15:00.000","PARMER LN / LAMPLIGHT VILLAGE AVE","EASTBOUND","LEFT TURN","false","5","11.6","6.309","5.36","5.165","10","7","2022","21","15","5","900"
"e58178c723da4df6e302636cf1b49a3f","6212","2022-10-07T21:15:00.000","PARMER LN / LAMPLIGHT VILLAGE AVE","EASTBOUND","LEFT TURN","true","1","0.0","0.0","0.0","0.0","10","7","2022","21","15","5","900"
"48545f799c54161cfcabeab89005cb69","6212","2022-10-07T21:15:00.000","PARMER LN / LAMPLIGHT VILLAGE AVE","EASTBOUND","THRU","false","60","53.783","16.001","2.107","4.855","10","7","2022","21","15","5","900"
"d5f19e30ac5d530dd4b173245f190883","6212","2022-10-07T21:15:00.000","PARMER LN / LAMPLIGHT VILLAGE AVE","EASTBOUND","THRU","true","92","48.359","15.651","2.616","6.492","10","7","2022","21","15","5","900"
"dab68668d6726dd4209f0c9dfad56db8","6212","2022-10-07T21:15:00.000","PARMER LN / LAMPLIGHT VILLAGE AVE","NORTHBOUND","LEFT TURN","false","6","14.5","3.834","29.967","27.818","10","7","2022","21","15","5","900"
"2fe4abe3686c6dab8939940b25e9dff1","6212","2022-10-07T21:15:00.000","PARMER LN / LAMPLIGHT VILLAGE AVE","NORTHBOUND","LEFT TURN","true","1","15.0","0.0","7.6","0.0","10","7","2022","21","15","5","900"
"20143f5ded327002c2528a88077d5dab","6212","2022-10-07T21:15:00.000","PARMER LN / LAMPLIGHT VILLAGE AVE","NORTHBOUND","RIGHT TURN","false","1","1.0","0.0","10.7","0.0","10","7","2022","21","15","5","900"
"9aa684071730806a8a0877c1ec0e40aa","6212","2022-10-07T21:15:00.000","PARMER LN / LAMPLIGHT VILLAGE AVE","NORTHBOUND","RIGHT TURN","true","3","3.667","5.508","13.967","11.212","10","7","2022","21","15","5","900"
"4ebd6ffaca10b10737e7a4cf6ead57ee","6212","2022-10-07T21:15:00.000","PARMER LN / LAMPLIGHT VILLAGE AVE","NORTHBOUND","THRU","false","6","5.5","5.468","54.783","35.619","10","7","2022","21","15","5","900"
"41f7622ec3a8110b63705dd3e2451867","6212","2022-10-07T21:15:00.000","PARMER LN / LAMPLIGHT VILLAGE AVE","SOUTHBOUND","LEFT TURN","false","3","8.667","7.572","1.867","1.343","10","7","2022","21","15","5","900"
"bb615a1a6ad517a72e0fc28eb4d4a742","6212","2022-10-07T21:15:00.000","PARMER LN / LAMPLIGHT VILLAGE AVE","SOUTHBOUND","LEFT TURN","true","3","13.333","11.93","1.0","1.179","10","7","2022","21","15","5","900"
"c81a5d55efdc471ec4101a87559805d6","6212","2022-10-07T21:15:00.000","PARMER LN / LAMPLIGHT VILLAGE AVE","SOUTHBOUND","THRU","false","5","17.2","8.044","1.54","1.472","10","7","2022","21","15","5","900"
"e40975494e3db6eccd4aa14a1d994c8b","6212","2022-10-07T21:15:00.000","PARMER LN / LAMPLIGHT VILLAGE AVE","WESTBOUND","LEFT TURN","false","1","11.0","0.0","0.4","0.0","10","7","2022","21","15","5","900"
"0937d646f4235ba10ecdf90437a31358","6212","2022-10-07T21:15:00.000","PARMER LN / LAMPLIGHT VILLAGE AVE","WESTBOUND","LEFT TURN","true","6","11.5","2.739","62.05","45.767","10","7","2022","21","15","5","900"
"0cbdb1af283eec2c111965d0ba1222fa","6212","2022-10-07T21:15:00.000","PARMER LN / LAMPLIGHT VILLAGE AVE","WESTBOUND","RIGHT TURN","false","3","15.667","0.577","2.733","0.115","10","7","2022","21","15","5","900"
"825274552fb2fa6b07c254e5cfec9cda","6212","2022-10-07T21:15:00.000","PARMER LN / LAMPLIGHT VILLAGE AVE","WESTBOUND","RIGHT TURN","true","6","10.5","4.087","3.317","1.705","10","7","2022","21","15","5","900"
"30ad13b0ae465997ada25339c2bd4540","6212","2022-10-07T21:15:00.000","PARMER LN / LAMPLIGHT VILLAGE AVE","WESTBOUND","THRU","false","77","45.506","12.039","3.029","6.801","10","7","2022","21","15","5","900"
"9ece7eb85c22bb8ae3a3e9035b15877c","6212","2022-10-07T21:15:00.000","PARMER LN / LAMPLIGHT VILLAGE AVE","WESTBOUND","THRU","true","33","40.242","13.693","3.988","9.094","10","7","2022","21","15","5","900"
"94c01e5d7d54c821b55bfecab791ce72","6212","2022-10-07T21:30:00.000","PARMER LN / LAMPLIGHT VILLAGE AVE","EASTBOUND","LEFT TURN","false","4","12.25","3.862","37.9","28.208","10","7","2022","21","30","5","900"
"34891b77a2f885bb5524710039439ccb","6212","2022-10-07T21:30:00.000","PARMER LN / LAMPLIGHT VILLAGE AVE","EASTBOUND","RIGHT TURN","false","2","4.5","3.536","4.0","0.141","10","7","2022","21","30","5","900"
"f08a3250c49a9074714d10977461bee9","6212","2022-10-07T21:30:00.000","PARMER LN / LAMPLIGHT VILLAGE AVE","EASTBOUND","THRU","false","87","56.598","15.236","1.516","4.441","10","7","2022","21","30","5","900"
"3015b1ab85f1fffa45e4a19a3a8b5c8f","6212","2022-10-07T21:30:00.000","PARMER LN / LAMPLIGHT VILLAGE AVE","EASTBOUND","THRU","true","68","43.75","18.009","4.091","8.528","10","7","2022","21","30","5","900"
"b894afb7ff6171ccda6fda52ad4d7dd6","6212","2022-10-07T21:30:00.000","PARMER LN / LAMPLIGHT VILLAGE AVE","NORTHBOUND","LEFT TURN","false","11","13.455","1.214","50.618","26.836","10","7","2022","21","30","5","900"
"e35f6e6e1b86e5be8875e95bebf68088","6212","2022-10-07T21:30:00.000","PARMER LN / LAMPLIGHT VILLAGE AVE","NORTHBOUND","LEFT TURN","true","2","10.5","12.021","39.25","45.608","10","7","2022","21","30","5","900"
"9045fba116ec2a1ef60ab96e2f7949ef","6212","2022-10-07T21:30:00.000","PARMER LN / LAMPLIGHT VILLAGE AVE","NORTHBOUND","RIGHT TURN","false","3","4.333","7.506","13.3","15.415","10","7","2022","21","30","5","900"
"4d5621685d5e37baa19ff533f6a1a71e","6212","2022-10-07T21:30:00.000","PARMER LN / LAMPLIGHT VILLAGE AVE","NORTHBOUND","RIGHT TURN","true","13","3.154","5.398","12.069","10.412","10","7","2022","21","30","5","900"
"26dde46a37ac6362ddff85ceec153c85","6212","2022-10-07T21:30:00.000","PARMER LN / LAMPLIGHT VILLAGE AVE","NORTHBOUND","THRU","false","2","16.5","10.607","1.9","2.121","10","7","2022","21","30","5","900"
"b0ec3dae997117e22f0f0e073eef8329","6212","2022-10-07T21:30:00.000","PARMER LN / LAMPLIGHT VILLAGE AVE","SOUTHBOUND","LEFT TURN","false","3","7.0","6.245","2.2","1.3","10","7","2022","21","30","5","900"
"79ec03332e9ef2a43611fe2bfcb6bc83","6212","2022-10-07T21:30:00.000","PARMER LN / LAMPLIGHT VILLAGE AVE","SOUTHBOUND","RIGHT TURN","false","3","14.333","5.132","0.9","0.346","10","7","2022","21","30","5","900"
"5634c2b3d662c18ff8723284f3439ce7","6212","2022-10-07T21:30:00.000","PARMER LN / LAMPLIGHT VILLAGE AVE","SOUTHBOUND","RIGHT TURN","true","3","5.667","4.933","3.833","4.549","10","7","2022","21","30","5","900"
"f57bd7dda25c2fc2d076fcb15ece6c5c","6212","2022-10-07T21:30:00.000","PARMER LN / LAMPLIGHT VILLAGE AVE","SOUTHBOUND","THRU","false","4","12.75","1.708","12.025","20.922","10","7","2022","21","30","5","900"
"d9ac9f0243f791f32e09f11b7bd54c79","6212","2022-10-07T21:30:00.000","PARMER LN / LAMPLIGHT VILLAGE AVE","SOUTHBOUND","THRU","true","2","17.0","5.657","1.5","1.131","10","7","2022","21","30","5","900"
"1b80eff4492489c8cf4790c33bad70f1","6212","2022-10-07T21:30:00.000","PARMER LN / LAMPLIGHT VILLAGE AVE","WESTBOUND","LEFT TURN","true","6","13.167","3.189","29.95","56.889","10","7","2022","21","30","5","900"
"d6ee637be7ca674017da8ec7a1bb59d7","6212","2022-10-07T21:30:00.000","PARMER LN / LAMPLIGHT VILLAGE AVE","WESTBOUND","RIGHT TURN","false","2","11.5","2.121","2.45","1.344","10","7","2022","21","30","5","900"
"559b54c40f0cc57f4814e885c7842ee0","6212","2022-10-07T21:30:00.000","PARMER LN / LAMPLIGHT VILLAGE AVE","WESTBOUND","RIGHT TURN","true","4","10.5","3.873","2.9","0.77","10","7","2022","21","30","5","900"
"ea01dbd4bc52774163a6f95cb0e5f72a","6212","2022-10-07T21:30:00.000","PARMER LN / LAMPLIGHT VILLAGE AVE","WESTBOUND","THRU","false","75","46.573","10.049","3.693","9.363","10","7","2022","21","30","5","900"
"cbb110ab4f24c46251da603596aecb4d","6212","2022-10-07T21:30:00.000","PARMER LN / LAMPLIGHT VILLAGE AVE","WESTBOUND","THRU","true","22","41.636","12.827","3.436","7.651","10","7","2022","21","30","5","900"
"baae362971d3883e8b1572655f54581a","6212","2022-10-07T21:45:00.000","PARMER LN / LAMPLIGHT VILLAGE AVE","EASTBOUND","LEFT TURN","false","2","17.5","9.192","13.7","14.849","10","7","2022","21","45","5","900"
"e34018850109628df7b0edc202bcaa5e","6212","2022-10-07T21:45:00.000","PARMER LN / LAMPLIGHT VILLAGE AVE","EASTBOUND","RIGHT TURN","false","2","7.5","0.707","3.3","4.525","10","7","2022","21","45","5","900"
"c4e1b29dadd5d73024fca4e7999ae07c","6212","2022-10-07T21:45:00.000","PARMER LN / LAMPLIGHT VILLAGE AVE","EASTBOUND","THRU","false","67","58.09","10.217","1.578","5.244","10","7","2022","21","45","5","900"
"4ef393b9e6c2802f481318e440363933","6212","2022-10-07T21:45:00.000","PARMER LN / LAMPLIGHT VILLAGE AVE","EASTBOUND","THRU","true","75","42.867","18.94","4.095","8.839","10","7","2022","21","45","5","900"
"91a02b1c828f81598bfd8db30e6028ce","6212","2022-10-07T21:45:00.000","PARMER LN / LAMPLIGHT VILLAGE AVE","NORTHBOUND","LEFT TURN","false","10","13.2","2.15","24.18","27.665","10","7","2022","21","45","5","900"
"34da5d8d46f6153b422c75abc0f0c1fa","6212","2022-10-07T21:45:00.000","PARMER LN / LAMPLIGHT VILLAGE AVE","NORTHBOUND","LEFT TURN","true","2","7.5","6.364","54.85","77.428","10","7","2022","21","45","5","900"
"441738157c85fbcab70f1f2dd3238f16","6212","2022-10-07T21:45:00.000","PARMER LN / LAMPLIGHT VILLAGE AVE","NORTHBOUND","RIGHT TURN","true","9","1.333","1.414","10.056","7.878","10","7","2022","21","45","5","900"
"0898b0d798708a487e3519c6dfdfc92e","6212","2022-10-07T21:45:00.000","PARMER LN / LAMPLIGHT VILLAGE AVE","NORTHBOUND","THRU","false","5","17.8","18.033","21.52","23.745","10","7","2022","21","45","5","900"
"81df3f24b7b57a2cb48227103f63501c","6212","2022-10-07T21:45:00.000","PARMER LN / LAMPLIGHT VILLAGE AVE","NORTHBOUND","THRU","true","1","0.0","0.0","2.1","0.0","10","7","2022","21","45","5","900"
"69d51f89743f31e6fcd0583a5aa37925","6212","2022-10-07T21:45:00.000","PARMER LN / LAMPLIGHT VILLAGE AVE","SOUTHBOUND","LEFT TURN","false","3","9.0","5.568","0.9","0.755","10","7","2022","21","45","5","900"
"aa00ff918ce3bec99f3b4958519000cd","6212","2022-10-07T21:45:00.000","PARMER LN / LAMPLIGHT VILLAGE AVE","SOUTHBOUND","LEFT TURN","true","1","0.0","0.0","0.3","0.0","10","7","2022","21","45","5","900"
"4eedbfe63438990613af5d180c57a554","6212","2022-10-07T21:45:00.000","PARMER LN / LAMPLIGHT VILLAGE AVE","SOUTHBOUND","RIGHT TURN","false","2","6.0","8.485","13.4","16.688","10","7","2022","21","45","5","900"
"7de774fed9a6fdffcb8faa80c75ffbce","6212","2022-10-07T21:45:00.000","PARMER LN / LAMPLIGHT VILLAGE AVE","SOUTHBOUND","RIGHT TURN","true","1","12.0","0.0","6.9","0.0","10","7","2022","21","45","5","900"
"fe3e5bc808ca24edd576ede12ac1ab17","6212","2022-10-07T21:45:00.000","PARMER LN / LAMPLIGHT VILLAGE AVE","SOUTHBOUND","THRU","false","6","12.333","1.966","20.95","25.387","10","7","2022","21","45","5","900"
"283ab2e76b66663c8d69ae71bdd3b145","6212","2022-10-07T21:45:00.000","PARMER LN / LAMPLIGHT VILLAGE AVE","SOUTHBOUND","THRU","true","2","7.5","7.778","1.65","0.919","10","7","2022","21","45","5","900"
"a2647108c381dcadb2933286596ae652","6212","2022-10-07T21:45:00.000","PARMER LN / LAMPLIGHT VILLAGE AVE","WESTBOUND","LEFT TURN","false","4","11.5","3.109","16.575","31.225","10","7","2022","21","45","5","900"
"4864ca05259bc91069df185948e9a7ea","6212","2022-10-07T21:45:00.000","PARMER LN / LAMPLIGHT VILLAGE AVE","WESTBOUND","LEFT TURN","true","9","9.333","1.732","43.022","40.763","10","7","2022","21","45","5","900"
"b9e4b801bf47b424b898da401896b1ac","6212","2022-10-07T21:45:00.000","PARMER LN / LAMPLIGHT VILLAGE AVE","WESTBOUND","RIGHT TURN","false","1","8.0","0.0","9.8","0.0","10","7","2022","21","45","5","900"
"6e7bba6d67edcc1266665ccee58d3d65","6212","2022-10-07T21:45:00.000","PARMER LN / LAMPLIGHT VILLAGE AVE","WESTBOUND","RIGHT TURN","true","6","10.167","3.061","2.383","1.679","10","7","2022","21","45","5","900"
"28fdd75ddee0d5e4262b97ceabe282fe","6212","2022-10-07T21:45:00.000","PARMER LN / LAMPLIGHT VILLAGE AVE","WESTBOUND","THRU","false","84","45.119","11.534","2.16","4.256","10","7","2022","21","45","5","900"
"7ee84dd50cf3442d0804d8b33ce19420","6212","2022-10-07T21:45:00.000","PARMER LN / LAMPLIGHT VILLAGE AVE","WESTBOUND","THRU","true","21","43.381","10.205","3.629","9.254","10","7","2022","21","45","5","900"
"aa7cd49ad3d916ccde520c78809765fa","6212","2022-10-07T22:00:00.000","PARMER LN / LAMPLIGHT VILLAGE AVE","EASTBOUND","LEFT TURN","false","5","15.2","6.221","44.52","27.911","10","7","2022","22","0","5","900"
"4207fb3c5f2b0ed6de02d5e267efdb64","6212","2022-10-07T22:00:00.000","PARMER LN / LAMPLIGHT VILLAGE AVE","EASTBOUND","LEFT TURN","true","1","14.0","0.0","5.7","0.0","10","7","2022","22","0","5","900"
"2c18d2700d24f31b7a66fd9ccca079f5","6212","2022-10-07T22:00:00.000","PARMER LN / LAMPLIGHT VILLAGE AVE","EASTBOUND","THRU","false","70","57.6","10.985","1.497","4.425","10","7","2022","22","0","5","900"
"2df6441321363c60255fcbd25a0475ed","6212","2022-10-07T22:00:00.000","PARMER LN / LAMPLIGHT VILLAGE AVE","EASTBOUND","THRU","true","81","45.568","17.221","3.536","9.18","10","7","2022","22","0","5","900"
"d27a762acd8f253419d78d11e0212292","6212","2022-10-07T22:00:00.000","PARMER LN / LAMPLIGHT VILLAGE AVE","NORTHBOUND","LEFT TURN","false","11","13.545","2.252","33.245","30.422","10","7","2022","22","0","5","900"
"af0aaee5657e10d972c8007437e15208","6212","2022-10-07T22:00:00.000","PARMER LN / LAMPLIGHT VILLAGE AVE","NORTHBOUND","LEFT TURN","true","5","11.2","3.962","45.72","34.006","10","7","2022","22","0","5","900"
"5a68d57e3ebddeab7301591350ffcb94","6212","2022-10-07T22:00:00.000","PARMER LN / LAMPLIGHT VILLAGE AVE","NORTHBOUND","RIGHT TURN","true","7","6.143","5.872","10.086","13.572","10","7","2022","22","0","5","900"
"df154fee6b772ce4c3b18e6deda77c49","6212","2022-10-07T22:00:00.000","PARMER LN / LAMPLIGHT VILLAGE AVE","NORTHBOUND","THRU","false","5","11.0","13.019","23.52","19.742","10","7","2022","22","0","5","900"
"104125f9712c49558201067e05abc5b1","6212","2022-10-07T22:00:00.000","PARMER LN / LAMPLIGHT VILLAGE AVE","SOUTHBOUND","LEFT TURN","false","2","7.0","9.899","0.65","0.636","10","7","2022","22","0","5","900"
"1964d6b98deab5fd6d0ab59e71c034e8","6212","2022-10-07T22:00:00.000","PARMER LN / LAMPLIGHT VILLAGE AVE","SOUTHBOUND","RIGHT TURN","true","1","11.0","0.0","2.4","0.0","10","7","2022","22","0","5","900"
"bc92f96a02634a7a8a5ff92ae7c04df5","6212","2022-10-07T22:00:00.000","PARMER LN / LAMPLIGHT VILLAGE AVE","SOUTHBOUND","THRU","false","5","11.4","2.302","25.22","34.313","10","7","2022","22","0","5","900"
"fc586d70e697ce1675f8267f46fda9b4","6212","2022-10-07T22:00:00.000","PARMER LN / LAMPLIGHT VILLAGE AVE","SOUTHBOUND","THRU","true","1","16.0","0.0","1.3","0.0","10","7","2022","22","0","5","900"
"856613b14a23e274b6f4c2c8ac01fd9c","6212","2022-10-07T22:00:00.000","PARMER LN / LAMPLIGHT VILLAGE AVE","WESTBOUND","LEFT TURN","false","1","7.0","0.0","79.3","0.0","10","7","2022","22","0","5","900"
"99bbc8a48f57e2fc65746c169ce53aa8","6212","2022-10-07T22:00:00.000","PARMER LN / LAMPLIGHT VILLAGE AVE","WESTBOUND","LEFT TURN","true","5","10.4","6.877","22.52","31.334","10","7","2022","22","0","5","900"
"4af8ce701b9b960012f55036ecf510f1","6212","2022-10-07T22:00:00.000","PARMER LN / LAMPLIGHT VILLAGE AVE","WESTBOUND","RIGHT TURN","true","1","7.0","0.0","5.5","0.0","10","7","2022","22","0","5","900"
"3633238e30526b55f4bc51569cb42b4c","6212","2022-10-07T22:00:00.000","PARMER LN / LAMPLIGHT VILLAGE AVE","WESTBOUND","THRU","false","65","28.831","18.72","12.12","14.371","10","7","2022","22","0","5","900"
"9a8f67aef3f6922f2f2a7e9929678ff5","6212","2022-10-07T22:00:00.000","PARMER LN / LAMPLIGHT VILLAGE AVE","WESTBOUND","THRU","true","49","21.204","11.438","15.118","15.381","10","7","2022","22","0","5","900"
"aea2003ca068716548d7f2d13fe95d1f","6212","2022-10-07T22:15:00.000","PARMER LN / LAMPLIGHT VILLAGE AVE","EASTBOUND","LEFT TURN","false","3","7.0","3.606","39.833","39.449","10","7","2022","22","15","5","900"
"bc36fab2f8042f2a48d7df52ee2196ee","6212","2022-10-07T22:15:00.000","PARMER LN / LAMPLIGHT VILLAGE AVE","EASTBOUND","LEFT TURN","true","1","6.0","0.0","0.0","0.0","10","7","2022","22","15","5","900"
"19ee0fe40b5a2d68398ae35db88ffdee","6212","2022-10-07T22:15:00.000","PARMER LN / LAMPLIGHT VILLAGE AVE","EASTBOUND","RIGHT TURN","false","1","18.0","0.0","1.1","0.0","10","7","2022","22","15","5","900"
"ab29bb2bd7d72ce7e5c845ffcce50480","6212","2022-10-07T22:15:00.000","PARMER LN / LAMPLIGHT VILLAGE AVE","EASTBOUND","RIGHT TURN","true","2","82.0","103.238","0.95","1.061","10","7","2022","22","15","5","900"
"1f7f680c6b1705534cb3e742f9f2380a","6212","2022-10-07T22:15:00.000","PARMER LN / LAMPLIGHT VILLAGE AVE","EASTBOUND","THRU","false","54","57.889","15.577","0.9","0.607","10","7","2022","22","15","5","900"
"98bf523955a0f349f0856b782d9b3302","6212","2022-10-07T22:15:00.000","PARMER LN / LAMPLIGHT VILLAGE AVE","EASTBOUND","THRU","true","64","37.859","18.508","5.586","9.248","10","7","2022","22","15","5","900"
"076c6ad5d7b7d04e3cddca2dd4cd4338","6212","2022-10-07T22:15:00.000","PARMER LN / LAMPLIGHT VILLAGE AVE","EASTBOUND","U-TURN","false","1","14.0","0.0","2.3","0.0","10","7","2022","22","15","5","900"
"10e3aeb220254baa0c44c8df78c5f678","6212","2022-10-07T22:15:00.000","PARMER LN / LAMPLIGHT VILLAGE AVE","NORTHBOUND","LEFT TURN","false","8","14.0","3.78","36.087","33.069","10","7","2022","22","15","5","900"
"bc3d63661d250add763fb45c969f0de8","6212","2022-10-07T22:15:00.000","PARMER LN / LAMPLIGHT VILLAGE AVE","NORTHBOUND","LEFT TURN","true","3","14.0","1.0","63.2","32.729","10","7","2022","22","15","5","900"
"fef14a5aedd9c53efa37d622af7c54de","6212","2022-10-07T22:15:00.000","PARMER LN / LAMPLIGHT VILLAGE AVE","NORTHBOUND","RIGHT TURN","false","2","0.0","0.0","14.35","14.213","10","7","2022","22","15","5","900"
"7a4c5de083cabe50a5b57ac9d011b636","6212","2022-10-07T22:15:00.000","PARMER LN / LAMPLIGHT VILLAGE AVE","NORTHBOUND","RIGHT TURN","true","12","2.083","3.895","10.808","7.782","10","7","2022","22","15","5","900"
"6d741fbf541b2b11e23ae67424433857","6212","2022-10-07T22:15:00.000","PARMER LN / LAMPLIGHT VILLAGE AVE","NORTHBOUND","THRU","false","2","12.0","7.071","2.35","3.041","10","7","2022","22","15","5","900"
"093c6a9a1e4d69b4b23a968cecd478b2","6212","2022-10-07T22:15:00.000","PARMER LN / LAMPLIGHT VILLAGE AVE","WESTBOUND","LEFT TURN","false","3","9.667","3.512","39.3","34.768","10","7","2022","22","15","5","900"
"436d019c1895a31d0ce703777bde59e0","6212","2022-10-07T22:15:00.000","PARMER LN / LAMPLIGHT VILLAGE AVE","WESTBOUND","LEFT TURN","true","9","10.556","2.068","27.589","30.465","10","7","2022","22","15","5","900"
"7f959b41eb21acb9466cdcba93024b9c","6212","2022-10-07T22:15:00.000","PARMER LN / LAMPLIGHT VILLAGE AVE","WESTBOUND","RIGHT TURN","false","3","10.0","3.606","3.367","2.558","10","7","2022","22","15","5","900"
"b5c114bba30ae71ac332631a6fa947cd","6212","2022-10-07T22:15:00.000","PARMER LN / LAMPLIGHT VILLAGE AVE","WESTBOUND","RIGHT TURN","true","4","5.5","6.557","2.625","2.257","10","7","2022","22","15","5","900"
"583d9d6189d5c74e89118f18f63b7cc7","6212","2022-10-07T22:15:00.000","PARMER LN / LAMPLIGHT VILLAGE AVE","WESTBOUND","THRU","false","53","24.057","15.184","11.102","12.376","10","7","2022","22","15","5","900"
"fb86af9a60c28bd150eb52768cf036a7","6212","2022-10-07T22:15:00.000","PARMER LN / LAMPLIGHT VILLAGE AVE","WESTBOUND","THRU","true","44","21.114","10.603","12.036","11.983","10","7","2022","22","15","5","900"
"e2a5d0d854a430bf55889c9c34f2f9da","6212","2022-10-07T22:30:00.000","PARMER LN / LAMPLIGHT VILLAGE AVE","EASTBOUND","LEFT TURN","false","2","11.5","3.536","40.3","36.345","10","7","2022","22","30","5","900"
"cf05177c412f4b7f3a8f9f2d25b730a1","6212","2022-10-07T22:30:00.000","PARMER LN / LAMPLIGHT VILLAGE AVE","EASTBOUND","LEFT TURN","true","1","7.0","0.0","23.3","0.0","10","7","2022","22","30","5","900"
"bfef6d65bec2a8d14d1351e4a725bf05","6212","2022-10-07T22:30:00.000","PARMER LN / LAMPLIGHT VILLAGE AVE","EASTBOUND","RIGHT TURN","false","3","15.0","1.0","1.6","0.656","10","7","2022","22","30","5","900"
"b9b904819255f680c04f7a3a5c67cc72","6212","2022-10-07T22:30:00.000","PARMER LN / LAMPLIGHT VILLAGE AVE","EASTBOUND","RIGHT TURN","true","2","14.5","0.707","2.6","0.141","10","7","2022","22","30","5","900"
"b9350f0f6a292387e006f3d7dc65fa0f","6212","2022-10-07T22:30:00.000","PARMER LN / LAMPLIGHT VILLAGE AVE","EASTBOUND","THRU","false","54","59.944","24.047","1.167","1.394","10","7","2022","22","30","5","900"
"e5d24653780aafd5aac308584c70a408","6212","2022-10-07T22:30:00.000","PARMER LN / LAMPLIGHT VILLAGE AVE","EASTBOUND","THRU","true","44","47.205","16.534","1.857","3.073","10","7","2022","22","30","5","900"
"f30ab7b88a035bb7220a550bc0cc57d4","6212","2022-10-07T22:30:00.000","PARMER LN / LAMPLIGHT VILLAGE AVE","NORTHBOUND","LEFT TURN","false","7","12.571","4.117","25.814","33.709","10","7","2022","22","30","5","900"
"73a9bbd1e18fc2b58f4afaed0ad82ea0","6212","2022-10-07T22:30:00.000","PARMER LN / LAMPLIGHT VILLAGE AVE","NORTHBOUND","LEFT TURN","true","3","14.667","2.517","31.567","27.403","10","7","2022","22","30","5","900"
"55da68ba62e3c671eaa56fb78754ac54","6212","2022-10-07T22:30:00.000","PARMER LN / LAMPLIGHT VILLAGE AVE","NORTHBOUND","RIGHT TURN","true","7","2.857","5.242","9.343","6.893","10","7","2022","22","30","5","900"
"9e74338ff92a7cf320c7ad7f3078adcd","6212","2022-10-07T22:30:00.000","PARMER LN / LAMPLIGHT VILLAGE AVE","NORTHBOUND","THRU","true","1","0.0","0.0","38.1","0.0","10","7","2022","22","30","5","900"
"77728618b9dc131b23c95ba52f1b9dae","6212","2022-10-07T22:30:00.000","PARMER LN / LAMPLIGHT VILLAGE AVE","SOUTHBOUND","LEFT TURN","false","1","13.0","0.0","0.8","0.0","10","7","2022","22","30","5","900"
"3613d26973e72af2108bcf245a2b9fd8","6212","2022-10-07T22:30:00.000","PARMER LN / LAMPLIGHT VILLAGE AVE","SOUTHBOUND","RIGHT TURN","false","2","12.0","0.0","2.4","0.707","10","7","2022","22","30","5","900"
"7f7c97e68ab775d17cf57568a1bfdebd","6212","2022-10-07T22:30:00.000","PARMER LN / LAMPLIGHT VILLAGE AVE","SOUTHBOUND","THRU","false","2","18.5","7.778","5.4","4.95","10","7","2022","22","30","5","900"
"eae5bc97406cf40fa76017b68f18beff","6212","2022-10-07T22:30:00.000","PARMER LN / LAMPLIGHT VILLAGE AVE","SOUTHBOUND","THRU","true","1","10.0","0.0","88.0","0.0","10","7","2022","22","30","5","900"
"b512c5cce5884483d2f8333203337fdf","6212","2022-10-07T22:30:00.000","PARMER LN / LAMPLIGHT VILLAGE AVE","WESTBOUND","LEFT TURN","false","1","11.0","0.0","97.4","0.0","10","7","2022","22","30","5","900"
"4858d1dbb74a0e171d76448054128d33","6212","2022-10-07T22:30:00.000","PARMER LN / LAMPLIGHT VILLAGE AVE","WESTBOUND","LEFT TURN","true","2","13.5","0.707","31.25","36.699","10","7","2022","22","30","5","900"
"42f93461592b52afdd5004a2978006db","6212","2022-10-07T22:30:00.000","PARMER LN / LAMPLIGHT VILLAGE AVE","WESTBOUND","RIGHT TURN","false","5","7.4","5.595","4.76","2.806","10","7","2022","22","30","5","900"
"e8632ad4e30218fe1a16fb1fef3fef30","6212","2022-10-07T22:30:00.000","PARMER LN / LAMPLIGHT VILLAGE AVE","WESTBOUND","RIGHT TURN","true","4","7.0","3.651","3.975","3.848","10","7","2022","22","30","5","900"
"5341fee940a3fabedaab263f8251a202","6212","2022-10-07T22:30:00.000","PARMER LN / LAMPLIGHT VILLAGE AVE","WESTBOUND","THRU","false","54","24.611","14.352","9.196","14.071","10","7","2022","22","30","5","900"
"41869de832841dada79d467d58cd1fb3","6212","2022-10-07T22:30:00.000","PARMER LN / LAMPLIGHT VILLAGE AVE","WESTBOUND","THRU","true","45","21.6","10.657","10.229","13.005","10","7","2022","22","30","5","900"
"9af77d1a04c15ab4b1c721b0358f5e27","6212","2022-10-07T22:45:00.000","PARMER LN / LAMPLIGHT VILLAGE AVE","EASTBOUND","RIGHT TURN","false","1","18.0","0.0","1.7","0.0","10","7","2022","22","45","5","900"
"4b7ca2c28b2722a687bddb020b40d668","6212","2022-10-07T22:45:00.000","PARMER LN / LAMPLIGHT VILLAGE AVE","EASTBOUND","RIGHT TURN","true","2","73.0","77.782","0.95","1.202","10","7","2022","22","45","5","900"
"ac44be3466c756f95886a4c2586b7752","6212","2022-10-07T22:45:00.000","PARMER LN / LAMPLIGHT VILLAGE AVE","EASTBOUND","THRU","false","49","61.755","11.842","1.047","0.811","10","7","2022","22","45","5","900"
"b9e41781f6b09bebc997feb2ad07b0bf","6212","2022-10-07T22:45:00.000","PARMER LN / LAMPLIGHT VILLAGE AVE","EASTBOUND","THRU","true","58","47.155","19.795","2.147","4.646","10","7","2022","22","45","5","900"
"ad7af14af5daf25aa6b8d6a91e15cb7a","6212","2022-10-07T22:45:00.000","PARMER LN / LAMPLIGHT VILLAGE AVE","NORTHBOUND","LEFT TURN","false","6","12.0","0.894","43.533","26.598","10","7","2022","22","45","5","900"
"98b755fd81fcb5be978e6726e55cd74c","6212","2022-10-07T22:45:00.000","PARMER LN / LAMPLIGHT VILLAGE AVE","NORTHBOUND","RIGHT TURN","true","2","0.0","0.0","8.6","4.667","10","7","2022","22","45","5","900"
"2f7900b749b43448e16171310570a3ac","6212","2022-10-07T22:45:00.000","PARMER LN / LAMPLIGHT VILLAGE AVE","NORTHBOUND","THRU","false","1","5.0","0.0","69.9","0.0","10","7","2022","22","45","5","900"
"38360964051b2cc9062c9b0a57e90340","6212","2022-10-07T22:45:00.000","PARMER LN / LAMPLIGHT VILLAGE AVE","NORTHBOUND","THRU","true","1","5.0","0.0","37.8","0.0","10","7","2022","22","45","5","900"
"9dec7a8e9b5f26efb45f183d819f970b","6212","2022-10-07T22:45:00.000","PARMER LN / LAMPLIGHT VILLAGE AVE","SOUTHBOUND","LEFT TURN","false","2","11.0","0.0","1.05","0.212","10","7","2022","22","45","5","900"
"a0f19c954b5c311a4d8aab67b7fa74ff","6212","2022-10-07T22:45:00.000","PARMER LN / LAMPLIGHT VILLAGE AVE","SOUTHBOUND","LEFT TURN","true","1","0.0","0.0","2.1","0.0","10","7","2022","22","45","5","900"
"23e04317c83924a9548aae59ba59f9ad","6212","2022-10-07T22:45:00.000","PARMER LN / LAMPLIGHT VILLAGE AVE","SOUTHBOUND","THRU","true","1","9.0","0.0","1.4","0.0","10","7","2022","22","45","5","900"
"c5860b5c8350afe3ad8ef2d02ce10d4b","6212","2022-10-07T22:45:00.000","PARMER LN / LAMPLIGHT VILLAGE AVE","WESTBOUND","LEFT TURN","false","1","8.0","0.0","27.6","0.0","10","7","2022","22","45","5","900"
"9956e765bae3a314ea5f8d21bde72512","6212","2022-10-07T22:45:00.000","PARMER LN / LAMPLIGHT VILLAGE AVE","WESTBOUND","RIGHT TURN","true","2","2.5","3.536","3.95","0.636","10","7","2022","22","45","5","900"
"e9bc0ee25f11502af643e7f5524fa510","6212","2022-10-07T22:45:00.000","PARMER LN / LAMPLIGHT VILLAGE AVE","WESTBOUND","THRU","false","48","29.75","18.701","9.456","11.741","10","7","2022","22","45","5","900"
"32b2c407b3c35a10c0fdb8322dd37e9b","6212","2022-10-07T22:45:00.000","PARMER LN / LAMPLIGHT VILLAGE AVE","WESTBOUND","THRU","true","11","24.818","17.256","16.209","17.015","10","7","2022","22","45","5","900"
"fed105ad92b97e73612c8529a1c6c6d4","6212","2022-10-07T23:00:00.000","PARMER LN / LAMPLIGHT VILLAGE AVE","EASTBOUND","LEFT TURN","false","1","17.0","0.0","5.1","0.0","10","7","2022","23","0","5","900"
"4cb09217beecb4a9980438eade74afd0","6212","2022-10-07T23:00:00.000","PARMER LN / LAMPLIGHT VILLAGE AVE","EASTBOUND","THRU","false","59","51.898","18.157","1.79","3.437","10","7","2022","23","0","5","900"
"9b1a285c6c710af6fa6613d171e5c8be","6212","2022-10-07T23:00:00.000","PARMER LN / LAMPLIGHT VILLAGE AVE","EASTBOUND","THRU","true","35","49.114","19.638","4.186","8.163","10","7","2022","23","0","5","900"
"164fd5a7344579f88bf055005a8fbe36","6212","2022-10-07T23:00:00.000","PARMER LN / LAMPLIGHT VILLAGE AVE","NORTHBOUND","LEFT TURN","false","5","14.8","5.167","35.16","39.053","10","7","2022","23","0","5","900"
"b928cf49e36200ca3be1e7ecc9fb0f39","6212","2022-10-07T23:00:00.000","PARMER LN / LAMPLIGHT VILLAGE AVE","NORTHBOUND","LEFT TURN","true","1","12.0","0.0","66.0","0.0","10","7","2022","23","0","5","900"
"dbeef9aa88c9b56832e9e064c8a88ae1","6212","2022-10-07T23:00:00.000","PARMER LN / LAMPLIGHT VILLAGE AVE","NORTHBOUND","RIGHT TURN","false","1","0.0","0.0","5.4","0.0","10","7","2022","23","0","5","900"
"f8346b71aac1c8525cd94bc190b14d03","6212","2022-10-07T23:00:00.000","PARMER LN / LAMPLIGHT VILLAGE AVE","NORTHBOUND","RIGHT TURN","true","1","0.0","0.0","6.8","0.0","10","7","2022","23","0","5","900"
"6e8394ac162234155f5a0e194fdef586","6212","2022-10-07T23:00:00.000","PARMER LN / LAMPLIGHT VILLAGE AVE","NORTHBOUND","THRU","false","2","2.0","2.828","68.5","0.707","10","7","2022","23","0","5","900"
"b223a6cc2e47ad09ba997f4c10fb8a59","6212","2022-10-07T23:00:00.000","PARMER LN / LAMPLIGHT VILLAGE AVE","SOUTHBOUND","LEFT TURN","false","1","7.0","0.0","2.0","0.0","10","7","2022","23","0","5","900"
"13a15155f06f3f004b5be3060c5ae8f2","6212","2022-10-07T23:00:00.000","PARMER LN / LAMPLIGHT VILLAGE AVE","SOUTHBOUND","LEFT TURN","true","1","0.0","0.0","3.7","0.0","10","7","2022","23","0","5","900"
"be2de98bb2ad1187404ed46a929d5a9a","6212","2022-10-07T23:00:00.000","PARMER LN / LAMPLIGHT VILLAGE AVE","SOUTHBOUND","THRU","true","1","8.0","0.0","5.3","0.0","10","7","2022","23","0","5","900"
"d50818c3b2ad4a167e6b64efbaf93f6a","6212","2022-10-07T23:00:00.000","PARMER LN / LAMPLIGHT VILLAGE AVE","WESTBOUND","LEFT TURN","false","3","11.667","1.155","17.833","20.153","10","7","2022","23","0","5","900"
"e85be838453a42f6bd7e474f4ec30511","6212","2022-10-07T23:00:00.000","PARMER LN / LAMPLIGHT VILLAGE AVE","WESTBOUND","LEFT TURN","true","1","4.0","0.0","35.1","0.0","10","7","2022","23","0","5","900"
"dfd61a1ff20f7f0a83551bafc83b5ef3","6212","2022-10-07T23:00:00.000","PARMER LN / LAMPLIGHT VILLAGE AVE","WESTBOUND","RIGHT TURN","false","4","12.5","3.697","3.15","0.545","10","7","2022","23","0","5","900"
"1f03ad67174ed46eb9a20c68f505c420","6212","2022-10-07T23:00:00.000","PARMER LN / LAMPLIGHT VILLAGE AVE","WESTBOUND","THRU","false","59","35.356","17.748","8.514","11.053","10","7","2022","23","0","5","900"
"cae3ae62d95cf0e9e2078d9e1c7284ad","6212","2022-10-07T23:00:00.000","PARMER LN / LAMPLIGHT VILLAGE AVE","WESTBOUND","THRU","true","17","34.882","16.781","9.747","12.14","10","7","2022","23","0","5","900"
"1721394582482ca93bcad6addfed6036","6212","2022-10-07T23:15:00.000","PARMER LN / LAMPLIGHT VILLAGE AVE","EASTBOUND","LEFT TURN","false","1","12.0","0.0","9.4","0.0","10","7","2022","23","15","5","900"
"46fcb301576d781747c9192b293db9b5","6212","2022-10-07T23:15:00.000","PARMER LN / LAMPLIGHT VILLAGE AVE","EASTBOUND","THRU","false","53","56.321","16.689","2.983","7.686","10","7","2022","23","15","5","900"
"0328e6fbd07096fb2be0f4cfadc55790","6212","2022-10-07T23:15:00.000","PARMER LN / LAMPLIGHT VILLAGE AVE","EASTBOUND","THRU","true","27","50.259","16.316","1.463","2.756","10","7","2022","23","15","5","900"
"314f55aaa47b3120a8c4793315f62fd6","6212","2022-10-07T23:15:00.000","PARMER LN / LAMPLIGHT VILLAGE AVE","NORTHBOUND","LEFT TURN","false","2","12.5","2.121","48.55","59.751","10","7","2022","23","15","5","900"
"40b05c1e982398180403861e5b398ba1","6212","2022-10-07T23:15:00.000","PARMER LN / LAMPLIGHT VILLAGE AVE","NORTHBOUND","LEFT TURN","true","2","5.0","5.657","80.15","1.344","10","7","2022","23","15","5","900"
"2d43f7bef3dc9a340ce763c383254934","6212","2022-10-07T23:15:00.000","PARMER LN / LAMPLIGHT VILLAGE AVE","NORTHBOUND","RIGHT TURN","false","2","0.0","0.0","4.95","1.202","10","7","2022","23","15","5","900"
"e061fe08122f447f448fe73ce8115a1d","6212","2022-10-07T23:15:00.000","PARMER LN / LAMPLIGHT VILLAGE AVE","NORTHBOUND","RIGHT TURN","true","3","8.667","7.572","5.333","5.947","10","7","2022","23","15","5","900"
"3a69b9976b54ef8bc63f6b5ff4abcb0a","6212","2022-10-07T23:15:00.000","PARMER LN / LAMPLIGHT VILLAGE AVE","SOUTHBOUND","LEFT TURN","false","1","10.0","0.0","1.7","0.0","10","7","2022","23","15","5","900"
"4845939a4222a7f1a8639a909bfb9046","6212","2022-10-07T23:15:00.000","PARMER LN / LAMPLIGHT VILLAGE AVE","SOUTHBOUND","LEFT TURN","true","1","10.0","0.0","0.8","0.0","10","7","2022","23","15","5","900"
"a0ac7bd81a2dab6afd3c991966a7bde2","6212","2022-10-07T23:15:00.000","PARMER LN / LAMPLIGHT VILLAGE AVE","SOUTHBOUND","RIGHT TURN","false","1","10.0","0.0","0.9","0.0","10","7","2022","23","15","5","900"
"57e924beee855c19d204c7ea937c71ce","6212","2022-10-07T23:15:00.000","PARMER LN / LAMPLIGHT VILLAGE AVE","SOUTHBOUND","THRU","false","2","9.5","3.536","1.9","0.283","10","7","2022","23","15","5","900"
"7a9f6410e88571b30f469314319b569b","6212","2022-10-07T23:15:00.000","PARMER LN / LAMPLIGHT VILLAGE AVE","SOUTHBOUND","THRU","true","1","15.0","0.0","1.4","0.0","10","7","2022","23","15","5","900"
"7973cf5a6b99ec3eb41ef78280f2d5ee","6212","2022-10-07T23:15:00.000","PARMER LN / LAMPLIGHT VILLAGE AVE","WESTBOUND","LEFT TURN","false","2","15.5","4.95","35.55","46.315","10","7","2022","23","15","5","900"
"762aa19a65f2183dbbfbc54ece0c1361","6212","2022-10-07T23:15:00.000","PARMER LN / LAMPLIGHT VILLAGE AVE","WESTBOUND","RIGHT TURN","false","1","9.0","0.0","5.5","0.0","10","7","2022","23","15","5","900"
"8cf9f7b5beebbb70ebcd9d5ce997c3e8","6212","2022-10-07T23:15:00.000","PARMER LN / LAMPLIGHT VILLAGE AVE","WESTBOUND","RIGHT TURN","true","1","9.0","0.0","6.0","0.0","10","7","2022","23","15","5","900"
"d8783a2fa4f3333ce9e579290fca7b8a","6212","2022-10-07T23:15:00.000","PARMER LN / LAMPLIGHT VILLAGE AVE","WESTBOUND","THRU","false","51","31.333","18.933","10.422","12.296","10","7","2022","23","15","5","900"
"d45cb6be1d66b6f5033f1a294dca1670","6212","2022-10-07T23:15:00.000","PARMER LN / LAMPLIGHT VILLAGE AVE","WESTBOUND","THRU","true","10","24.5","20.365","13.39","13.745","10","7","2022","23","15","5","900"
"83969fdecc9f2cb868ed663f4d6d06e6","6212","2022-10-07T23:30:00.000","PARMER LN / LAMPLIGHT VILLAGE AVE","EASTBOUND","LEFT TURN","false","3","11.0","2.646","52.7","46.042","10","7","2022","23","30","5","900"
"5b27ec8dd36e95aea0f41b7cf3fb7fb7","6212","2022-10-07T23:30:00.000","PARMER LN / LAMPLIGHT VILLAGE AVE","EASTBOUND","THRU","false","53","54.472","13.737","0.996","0.637","10","7","2022","23","30","5","900"
"930e520ada44edb2c02e478109a28403","6212","2022-10-07T23:30:00.000","PARMER LN / LAMPLIGHT VILLAGE AVE","EASTBOUND","THRU","true","20","54.2","19.39","1.495","1.925","10","7","2022","23","30","5","900"
"3417dd02c56ece564f82e15704abfa1c","6212","2022-10-07T23:30:00.000","PARMER LN / LAMPLIGHT VILLAGE AVE","NORTHBOUND","LEFT TURN","false","6","13.333","2.805","61.533","29.521","10","7","2022","23","30","5","900"
"1b23d5351d1ab5f6238b135f506d12d1","6212","2022-10-07T23:30:00.000","PARMER LN / LAMPLIGHT VILLAGE AVE","NORTHBOUND","RIGHT TURN","false","1","2.0","0.0","0.2","0.0","10","7","2022","23","30","5","900"
"3aca20ae51f344c47b0dc504ed4d27d1","6212","2022-10-07T23:30:00.000","PARMER LN / LAMPLIGHT VILLAGE AVE","NORTHBOUND","RIGHT TURN","true","2","0.0","0.0","1.95","1.626","10","7","2022","23","30","5","900"
"89a1fa070dd0604e0284f897c7238945","6212","2022-10-07T23:30:00.000","PARMER LN / LAMPLIGHT VILLAGE AVE","SOUTHBOUND","LEFT TURN","false","2","8.5","0.707","65.5","3.394","10","7","2022","23","30","5","900"
"da0d2cad187e9b5b0fe5ac34ac011de2","6212","2022-10-07T23:30:00.000","PARMER LN / LAMPLIGHT VILLAGE AVE","SOUTHBOUND","RIGHT TURN","true","1","10.0","0.0","3.1","0.0","10","7","2022","23","30","5","900"
"5689c6e58d54b1ddff75f788ea5d103b","6212","2022-10-07T23:30:00.000","PARMER LN / LAMPLIGHT VILLAGE AVE","SOUTHBOUND","THRU","false","3","11.0","2.0","19.033","30.89","10","7","2022","23","30","5","900"
"2de7eee1f840ee5f57ee3a278456a4e5","6212","2022-10-07T23:30:00.000","PARMER LN / LAMPLIGHT VILLAGE AVE","WESTBOUND","LEFT TURN","false","6","12.0","6.164","58.267","43.295","10","7","2022","23","30","5","900"
"ccc3d7cd04e1386b968cb2f5c851fb71","6212","2022-10-07T23:30:00.000","PARMER LN / LAMPLIGHT VILLAGE AVE","WESTBOUND","LEFT TURN","true","3","8.667","8.505","19.9","29.01","10","7","2022","23","30","5","900"
"944cfc53558e4214b11c2677737543b2","6212","2022-10-07T23:30:00.000","PARMER LN / LAMPLIGHT VILLAGE AVE","WESTBOUND","RIGHT TURN","true","2","7.0","0.0","2.0","2.687","10","7","2022","23","30","5","900"
"1f87542ba7f68af1847ba22f96882481","6212","2022-10-07T23:30:00.000","PARMER LN / LAMPLIGHT VILLAGE AVE","WESTBOUND","THRU","false","40","36.25","20.973","7.462","10.643","10","7","2022","23","30","5","900"
"938b5ade33184c91eab11f2f8f4c54ce","6212","2022-10-07T23:30:00.000","PARMER LN / LAMPLIGHT VILLAGE AVE","WESTBOUND","THRU","true","9","25.111","15.902","13.111","11.186","10","7","2022","23","30","5","900"
"66fdab38c81e38c3efd7802325a4e88f","6212","2022-10-07T23:45:00.000","PARMER LN / LAMPLIGHT VILLAGE AVE","EASTBOUND","LEFT TURN","false","5","11.6","2.302","32.36","35.946","10","7","2022","23","45","5","900"
"e4c80c928341f2cbc8a912f69240d926","6212","2022-10-07T23:45:00.000","PARMER LN / LAMPLIGHT VILLAGE AVE","EASTBOUND","RIGHT TURN","false","1","15.0","0.0","2.4","0.0","10","7","2022","23","45","5","900"
"99377effd66c3a7611134b1a5dba1715","6212","2022-10-07T23:45:00.000","PARMER LN / LAMPLIGHT VILLAGE AVE","EASTBOUND","RIGHT TURN","true","1","13.0","0.0","0.2","0.0","10","7","2022","23","45","5","900"
"ea9876a59317ea3da01185ab624bc76c","6212","2022-10-07T23:45:00.000","PARMER LN / LAMPLIGHT VILLAGE AVE","EASTBOUND","THRU","false","34","54.824","18.324","1.553","2.13","10","7","2022","23","45","5","900"
"348692c44070d255a1a9860303fa99a5","6212","2022-10-07T23:45:00.000","PARMER LN / LAMPLIGHT VILLAGE AVE","EASTBOUND","THRU","true","17","48.0","19.991","2.388","4.471","10","7","2022","23","45","5","900"
"9409b0c32e88d9005da382acb93432c9","6212","2022-10-07T23:45:00.000","PARMER LN / LAMPLIGHT VILLAGE AVE","NORTHBOUND","LEFT TURN","false","8","13.25","2.816","42.713","24.034","10","7","2022","23","45","5","900"
"842594d2e62759f033bf1ca6a8a5c316","6212","2022-10-07T23:45:00.000","PARMER LN / LAMPLIGHT VILLAGE AVE","NORTHBOUND","LEFT TURN","true","2","12.5","2.121","53.0","35.78","10","7","2022","23","45","5","900"
"8ee059043d3d2353a298bae45afc56d1","6212","2022-10-07T23:45:00.000","PARMER LN / LAMPLIGHT VILLAGE AVE","NORTHBOUND","RIGHT TURN","true","4","0.0","0.0","14.025","7.5","10","7","2022","23","45","5","900"
"4c898dd96bc92a08f5da998d4f517be3","6212","2022-10-07T23:45:00.000","PARMER LN / LAMPLIGHT VILLAGE AVE","NORTHBOUND","THRU","false","1","19.0","0.0","5.2","0.0","10","7","2022","23","45","5","900"
"248d6947c3decd41f1d0921d42af63b7","6212","2022-10-07T23:45:00.000","PARMER LN / LAMPLIGHT VILLAGE AVE","SOUTHBOUND","LEFT TURN","false","1","10.0","0.0","0.5","0.0","10","7","2022","23","45","5","900"
"cd7da0cab9bdbb2c3137d65c961bb890","6212","2022-10-07T23:45:00.000","PARMER LN / LAMPLIGHT VILLAGE AVE","SOUTHBOUND","THRU","false","1","27.0","0.0","0.7","0.0","10","7","2022","23","45","5","900"
"74ef567e91d817b4adb90d2a0c78cfd7","6212","2022-10-07T23:45:00.000","PARMER LN / LAMPLIGHT VILLAGE AVE","SOUTHBOUND","THRU","true","1","26.0","0.0","0.1","0.0","10","7","2022","23","45","5","900"
"a062a07519c58d475fea474273cce8d2","6212","2022-10-07T23:45:00.000","PARMER LN / LAMPLIGHT VILLAGE AVE","WESTBOUND","LEFT TURN","false","3","13.667","4.619","28.2","46.349","10","7","2022","23","45","5","900"
"3132bf7463152b4bd5eeb7b5eb89bd6f","6212","2022-10-07T23:45:00.000","PARMER LN / LAMPLIGHT VILLAGE AVE","WESTBOUND","RIGHT TURN","false","3","9.667","2.309","4.633","2.715","10","7","2022","23","45","5","900"
"bd4def02a8adb764be408e4511b5a6c4","6212","2022-10-07T23:45:00.000","PARMER LN / LAMPLIGHT VILLAGE AVE","WESTBOUND","RIGHT TURN","true","3","9.667","2.082","3.1","0.529","10","7","2022","23","45","5","900"
"dd7f7859918b7d9317df9a6e8bb1e12e","6212","2022-10-07T23:45:00.000","PARMER LN / LAMPLIGHT VILLAGE AVE","WESTBOUND","THRU","false","27","40.407","17.303","7.833","12.782","10","7","2022","23","45","5","900"
"7a32a8ae7b9008ef340b55e954bea91e","6212","2022-10-07T23:45:00.000","PARMER LN / LAMPLIGHT VILLAGE AVE","WESTBOUND","THRU","true","10","40.1","16.278","4.15","8.001","10","7","2022","23","45","5","900"
"22541a8a8ac462df28c3035ee2dc29f0","6541","2022-10-08T00:00:00.000","IH 35 SVRD / HOLLY ST","EASTBOUND","LEFT TURN","false","11","13.727","4.125","1.091","0.708","10","8","2022","0","0","6","900"
"f8c1bb3851de3a94c508a2dd3de35fbf","6541","2022-10-08T00:00:00.000","IH 35 SVRD / HOLLY ST","EASTBOUND","LEFT TURN","true","21","12.952","4.353","1.295","1.473","10","8","2022","0","0","6","900"
"128f689fa1f5305ac79992378793088f","6541","2022-10-08T00:00:00.000","IH 35 SVRD / HOLLY ST","EASTBOUND","RIGHT TURN","false","11","13.364","7.173","4.818","6.048","10","8","2022","0","0","6","900"
"d91e5f4f522a8ec5e0e9905d8bc1c274","6541","2022-10-08T00:00:00.000","IH 35 SVRD / HOLLY ST","EASTBOUND","RIGHT TURN","true","14","14.929","5.863","1.2","0.857","10","8","2022","0","0","6","900"
"add6fddf62b2c89aa5cb91b47c2802d7","6541","2022-10-08T00:00:00.000","IH 35 SVRD / HOLLY ST","EASTBOUND","THRU","false","40","16.075","6.58","7.18","10.212","10","8","2022","0","0","6","900"
"1c41a161f13115223f152f783ef70484","6541","2022-10-08T00:00:00.000","IH 35 SVRD / HOLLY ST","EASTBOUND","THRU","true","29","17.966","8.629","7.521","9.328","10","8","2022","0","0","6","900"
"2ee04428374a3b4c9e5e420d9397332d","6541","2022-10-08T00:00:00.000","IH 35 SVRD / HOLLY ST","EASTBOUND","U-TURN","false","1","4.0","0.0","3.1","0.0","10","8","2022","0","0","6","900"
"a5e8494c8bd02feacf0a27425e39fc79","6541","2022-10-08T00:00:00.000","IH 35 SVRD / HOLLY ST","NORTHBOUND","LEFT TURN","false","11","19.364","6.786","6.991","8.076","10","8","2022","0","0","6","900"
"27a5f672f957ba2160f9cc4fd516a9c0","6541","2022-10-08T00:00:00.000","IH 35 SVRD / HOLLY ST","NORTHBOUND","LEFT TURN","true","27","19.444","8.159","7.248","8.345","10","8","2022","0","0","6","900"
"8b882f0ecdd21ada8958005383f2e45a","6541","2022-10-08T00:00:00.000","IH 35 SVRD / HOLLY ST","NORTHBOUND","RIGHT TURN","true","2","34.0","46.669","0.0","0.0","10","8","2022","0","0","6","900"
"8245aa69e474487cfd46318eaa4a8936","6541","2022-10-08T00:00:00.000","IH 35 SVRD / HOLLY ST","NORTHBOUND","THRU","false","32","35.062","21.348","6.941","8.576","10","8","2022","0","0","6","900"
"59b062f7f5c84de7dba9f06cb6ccf1e9","6541","2022-10-08T00:00:00.000","IH 35 SVRD / HOLLY ST","NORTHBOUND","THRU","true","44","30.614","18.296","7.143","8.673","10","8","2022","0","0","6","900"
"34731b2fe0fe58b91562d9d7b929fe4f","6541","2022-10-08T00:00:00.000","IH 35 SVRD / HOLLY ST","SOUTHBOUND","THRU","false","6","23.167","11.6","2.183","1.292","10","8","2022","0","0","6","900"
"7d012cb6b304f28c4b8ff05b1dbb63fb","6541","2022-10-08T00:00:00.000","IH 35 SVRD / HOLLY ST","SOUTHBOUND","THRU","true","2","29.5","6.364","4.6","2.404","10","8","2022","0","0","6","900"
"9255186ad6f488805609b0329d0edde0","6541","2022-10-08T00:00:00.000","IH 35 SVRD / HOLLY ST","WESTBOUND","LEFT TURN","true","15","14.0","2.268","7.853","10.605","10","8","2022","0","0","6","900"
"5181c1dfe55379dc929cade1114b3862","6541","2022-10-08T00:00:00.000","IH 35 SVRD / HOLLY ST","WESTBOUND","RIGHT TURN","true","4","10.0","6.633","4.575","3.32","10","8","2022","0","0","6","900"
"af2e9a9cdae99088b24ee919eadeb577","6541","2022-10-08T00:00:00.000","IH 35 SVRD / HOLLY ST","WESTBOUND","THRU","false","39","16.462","6.928","9.592","17.656","10","8","2022","0","0","6","900"
"ec32e36e4bb9d5527b65fb84f7742b53","6541","2022-10-08T00:00:00.000","IH 35 SVRD / HOLLY ST","WESTBOUND","THRU","true","72","13.861","8.624","15.144","23.034","10","8","2022","0","0","6","900"
"d11429a838bcc4ea1c905564c1646874","6541","2022-10-08T00:00:00.000","IH 35 SVRD / HOLLY ST","WESTBOUND","U-TURN","false","1","17.0","0.0","2.6","0.0","10","8","2022","0","0","6","900"
"682c33f92f4b93ee5b91ab55252863a8","6541","2022-10-08T00:00:00.000","IH 35 SVRD / HOLLY ST","WESTBOUND","U-TURN","true","2","13.0","2.828","0.65","0.778","10","8","2022","0","0","6","900"
"6183690a519e712b6aeb6ffc5fc70978","6541","2022-10-08T00:15:00.000","IH 35 SVRD / HOLLY ST","EASTBOUND","LEFT TURN","false","16","13.125","5.032","1.094","0.924","10","8","2022","0","15","6","900"
"df85b36f44931ad1d513323334a37074","6541","2022-10-08T00:15:00.000","IH 35 SVRD / HOLLY ST","EASTBOUND","LEFT TURN","true","14","11.714","4.214","1.443","1.06","10","8","2022","0","15","6","900"
"55f77e8462e05b643f0d896fcaa3781d","6541","2022-10-08T00:15:00.000","IH 35 SVRD / HOLLY ST","EASTBOUND","RIGHT TURN","false","13","12.077","4.573","3.415","2.478","10","8","2022","0","15","6","900"
"690b73c84031240e3241871848abf513","6541","2022-10-08T00:15:00.000","IH 35 SVRD / HOLLY ST","EASTBOUND","RIGHT TURN","true","18","14.556","6.224","3.3","4.0","10","8","2022","0","15","6","900"
"808fb278b78521f7b6ec483dab48a4ea","6541","2022-10-08T00:15:00.000","IH 35 SVRD / HOLLY ST","EASTBOUND","THRU","false","29","18.793","7.862","5.024","8.46","10","8","2022","0","15","6","900"
"be760e9bc828ebbdd8ecd502e384c112","6541","2022-10-08T00:15:00.000","IH 35 SVRD / HOLLY ST","EASTBOUND","THRU","true","41","18.195","7.236","5.18","7.936","10","8","2022","0","15","6","900"
"38760a12cd747ae439b480978cd49ae5","6541","2022-10-08T00:15:00.000","IH 35 SVRD / HOLLY ST","NORTHBOUND","LEFT TURN","false","4","21.25","5.315","6.425","4.344","10","8","2022","0","15","6","900"
"aab17cb9896b2aef67f31ac6e92883e2","6502","2022-10-07T00:00:00.000","PLEASANT VALLEY RD / ELMONT DR","SOUTHBOUND","THRU","true","1","16.0","0.0","1.2","0.0","10","7","2022","0","0","5","900"
"af4adeec2e1c8b3b147b78821664b38f","6502","2022-10-07T00:00:00.000","PLEASANT VALLEY RD / ELMONT DR","WESTBOUND","THRU","false","1","8.0","0.0","0.8","0.0","10","7","2022","0","0","5","900"
"d9c517fce61de241fa8cd0682d75a629","6502","2022-10-07T00:00:00.000","PLEASANT VALLEY RD / ELMONT DR","WESTBOUND","THRU","true","1","9.0","0.0","3.1","0.0","10","7","2022","0","0","5","900"
"fae71c658e412b7545491d5bff4d23d4","6502","2022-10-07T00:15:00.000","PLEASANT VALLEY RD / ELMONT DR","EASTBOUND","LEFT TURN","false","1","11.0","0.0","4.6","0.0","10","7","2022","0","15","5","900"
"945c2dcec4b9fa58c9767c30e68f5349","6502","2022-10-07T00:15:00.000","PLEASANT VALLEY RD / ELMONT DR","EASTBOUND","LEFT TURN","true","1","19.0","0.0","3.2","0.0","10","7","2022","0","15","5","900"
"e746bb98a69cf5d4753fc70dcdd1bf84","6502","2022-10-07T00:15:00.000","PLEASANT VALLEY RD / ELMONT DR","EASTBOUND","THRU","false","3","5.0","6.083","6.3","9.56","10","7","2022","0","15","5","900"
"33b4bef68c8b79abae529146a8f626b0","6502","2022-10-07T00:15:00.000","PLEASANT VALLEY RD / ELMONT DR","EASTBOUND","THRU","true","1","16.0","0.0","8.3","0.0","10","7","2022","0","15","5","900"
"3cb07842a589471a0f27686548de0048","6502","2022-10-07T00:15:00.000","PLEASANT VALLEY RD / ELMONT DR","NORTHBOUND","LEFT TURN","false","2","5.5","0.707","23.55","14.779","10","7","2022","0","15","5","900"
"c3fb6dfb3b170955f3bf1ea09bbe92b0","6502","2022-10-07T00:15:00.000","PLEASANT VALLEY RD / ELMONT DR","NORTHBOUND","LEFT TURN","true","2","8.5","9.192","8.5","7.637","10","7","2022","0","15","5","900"
"3b357d4c9c209efa68de0fc69c59af52","6502","2022-10-07T00:15:00.000","PLEASANT VALLEY RD / ELMONT DR","NORTHBOUND","THRU","false","5","31.0","9.925","2.02","1.514","10","7","2022","0","15","5","900"
"93030a194c7bc2c2567da3aef044c2ac","6502","2022-10-07T00:15:00.000","PLEASANT VALLEY RD / ELMONT DR","NORTHBOUND","THRU","true","2","25.5","19.092","2.35","0.636","10","7","2022","0","15","5","900"
"e2bc6fcc38fac573772d4b20dabc8487","6502","2022-10-07T00:15:00.000","PLEASANT VALLEY RD / ELMONT DR","SOUTHBOUND","LEFT TURN","false","2","7.5","0.707","16.95","13.081","10","7","2022","0","15","5","900"
"de1b43cf1b9cb2b4b69c20c8b1615b23","6502","2022-10-07T00:15:00.000","PLEASANT VALLEY RD / ELMONT DR","SOUTHBOUND","RIGHT TURN","false","2","16.0","1.414","0.9","0.424","10","7","2022","0","15","5","900"
"9e0cf6357e718c073a76581ec43dac01","6502","2022-10-07T00:15:00.000","PLEASANT VALLEY RD / ELMONT DR","SOUTHBOUND","THRU","false","10","24.8","14.148","2.72","1.96","10","7","2022","0","15","5","900"
"b877caa3fabca63d29fc8b66b50af926","6502","2022-10-07T00:15:00.000","PLEASANT VALLEY RD / ELMONT DR","WESTBOUND","THRU","false","2","7.5","6.364","4.75","5.586","10","7","2022","0","15","5","900"
"5f6edb58a2ccb5bd91e195a567a88eda","6502","2022-10-07T00:30:00.000","PLEASANT VALLEY RD / ELMONT DR","EASTBOUND","LEFT TURN","false","2","1.5","2.121","16.95","16.051","10","7","2022","0","30","5","900"
"9f96bfaecdcdd1f2a8a85561a45133fb","6502","2022-10-07T00:30:00.000","PLEASANT VALLEY RD / ELMONT DR","EASTBOUND","RIGHT TURN","false","1","11.0","0.0","5.4","0.0","10","7","2022","0","30","5","900"
"9a072115f227513e49d4639cabcc5a72","6502","2022-10-07T00:30:00.000","PLEASANT VALLEY RD / ELMONT DR","EASTBOUND","THRU","true","1","0.0","0.0","9.2","0.0","10","7","2022","0","30","5","900"
"090c6248a152dfd76da8d4be8c58ec58","6502","2022-10-07T00:30:00.000","PLEASANT VALLEY RD / ELMONT DR","NORTHBOUND","THRU","false","2","33.5","3.536","1.8","0.566","10","7","2022","0","30","5","900"
"39f4d619c6251547c650c99f06403f38","6502","2022-10-07T00:30:00.000","PLEASANT VALLEY RD / ELMONT DR","SOUTHBOUND","LEFT TURN","false","3","17.0","2.0","2.433","1.124","10","7","2022","0","30","5","900"
"0fde5b5b4d7695e2bf81954d3f8a95ba","6502","2022-10-07T00:30:00.000","PLEASANT VALLEY RD / ELMONT DR","SOUTHBOUND","RIGHT TURN","false","4","13.0","1.414","2.475","1.708","10","7","2022","0","30","5","900"
"8815929e9b843b4afc78eaca4bc71539","6502","2022-10-07T00:30:00.000","PLEASANT VALLEY RD / ELMONT DR","SOUTHBOUND","THRU","false","11","35.455","9.427","1.318","1.106","10","7","2022","0","30","5","900"
"2383c55e82777752c6e9c4cbc500ea5a","6502","2022-10-07T00:30:00.000","PLEASANT VALLEY RD / ELMONT DR","SOUTHBOUND","THRU","true","3","32.667","6.506","1.333","0.833","10","7","2022","0","30","5","900"
"b4e02503255d6171eefec985f64b6860","6502","2022-10-07T00:45:00.000","PLEASANT VALLEY RD / ELMONT DR","EASTBOUND","LEFT TURN","false","1","23.0","0.0","4.2","0.0","10","7","2022","0","45","5","900"
"ea797eca2ef03975117f2623498a60b8","6502","2022-10-07T00:45:00.000","PLEASANT VALLEY RD / ELMONT DR","EASTBOUND","RIGHT TURN","false","3","18.333","7.506","3.233","0.971","10","7","2022","0","45","5","900"
"33865aa779c6999fd62defff8607d30e","6502","2022-10-07T00:45:00.000","PLEASANT VALLEY RD / ELMONT DR","EASTBOUND","RIGHT TURN","true","2","7.5","10.607","1.9","1.697","10","7","2022","0","45","5","900"
"d0628d79c216959e70e8500aba7bb6da","6502","2022-10-07T00:45:00.000","PLEASANT VALLEY RD / ELMONT DR","EASTBOUND","THRU","false","1","21.0","0.0","1.4","0.0","10","7","2022","0","45","5","900"
"aa56e6588062ff204484dacd7e66f707","6502","2022-10-07T00:45:00.000","PLEASANT VALLEY RD / ELMONT DR","EASTBOUND","THRU","true","2","5.0","7.071","9.1","0.424","10","7","2022","0","45","5","900"
"dfb7520eb539b1f464b926ba99587527","6502","2022-10-07T00:45:00.000","PLEASANT VALLEY RD / ELMONT DR","NORTHBOUND","LEFT TURN","false","2","19.5","4.95","1.05","1.202","10","7","2022","0","45","5","900"
"271daa687e6bb8fcea5a3a406e410fc6","6502","2022-10-07T00:45:00.000","PLEASANT VALLEY RD / ELMONT DR","NORTHBOUND","THRU","false","6","24.333","10.132","2.483","1.116","10","7","2022","0","45","5","900"
"9823727aee19b7a2541557a952658c44","6502","2022-10-07T00:45:00.000","PLEASANT VALLEY RD / ELMONT DR","NORTHBOUND","THRU","true","1","0.0","0.0","1.5","0.0","10","7","2022","0","45","5","900"
"5a95252053ca79d5d25ac6e96153febd","6502","2022-10-07T00:45:00.000","PLEASANT VALLEY RD / ELMONT DR","SOUTHBOUND","LEFT TURN","false","4","18.25","5.188","1.925","1.975","10","7","2022","0","45","5","900"
"f4550a7ed39ec2b1187207e5ee79454a","6502","2022-10-07T00:45:00.000","PLEASANT VALLEY RD / ELMONT DR","SOUTHBOUND","THRU","false","4","27.75","13.2","5.35","8.2","10","7","2022","0","45","5","900"
"8e536654f5a6185570d014182d717e5d","6502","2022-10-07T00:45:00.000","PLEASANT VALLEY RD / ELMONT DR","SOUTHBOUND","THRU","true","2","42.0","8.485","1.3","0.141","10","7","2022","0","45","5","900"
"1552b24886397238a931680149f721f1","6502","2022-10-07T00:45:00.000","PLEASANT VALLEY RD / ELMONT DR","WESTBOUND","THRU","false","3","3.333","0.577","18.133","10.914","10","7","2022","0","45","5","900"
"922ef3d5f2de7777764b4c51aee0e428","6502","2022-10-07T00:45:00.000","PLEASANT VALLEY RD / ELMONT DR","WESTBOUND","THRU","true","2","8.0","4.243","22.7","3.818","10","7","2022","0","45","5","900"
"6d696d6cbc4c446386f7246c410ced38","6502","2022-10-07T01:00:00.000","PLEASANT VALLEY RD / ELMONT DR","EASTBOUND","LEFT TURN","false","1","0.0","0.0","2.0","0.0","10","7","2022","1","0","5","900"
"9520ab44d055f487f189646d576b5697","6502","2022-10-07T01:00:00.000","PLEASANT VALLEY RD / ELMONT DR","EASTBOUND","RIGHT TURN","false","1","12.0","0.0","4.9","0.0","10","7","2022","1","0","5","900"
"5877384c8b179264fa90e47d91b40937","6502","2022-10-07T01:00:00.000","PLEASANT VALLEY RD / ELMONT DR","EASTBOUND","THRU","false","1","22.0","0.0","3.5","0.0","10","7","2022","1","0","5","900"
"51b1373c5b157c39e3daebae6981e7db","6502","2022-10-07T01:00:00.000","PLEASANT VALLEY RD / ELMONT DR","NORTHBOUND","THRU","false","3","40.667","0.577","1.633","0.153","10","7","2022","1","0","5","900"
"ce13f7a1593c4b3118bac48bd4f07153","6502","2022-10-07T01:00:00.000","PLEASANT VALLEY RD / ELMONT DR","SOUTHBOUND","LEFT TURN","false","4","17.5","10.661","1.5","0.762","10","7","2022","1","0","5","900"
"3f6d14eea852d95567c306c8a868b936","6502","2022-10-07T01:00:00.000","PLEASANT VALLEY RD / ELMONT DR","SOUTHBOUND","RIGHT TURN","false","1","12.0","0.0","2.8","0.0","10","7","2022","1","0","5","900"
"1b76751219832dd4d3d29838ce5736bb","6502","2022-10-07T01:00:00.000","PLEASANT VALLEY RD / ELMONT DR","SOUTHBOUND","THRU","false","5","25.0","18.138","1.66","0.888","10","7","2022","1","0","5","900"
"379c5ef10feb61a13ec5fe58c9c5a632","6502","2022-10-07T01:00:00.000","PLEASANT VALLEY RD / ELMONT DR","SOUTHBOUND","THRU","true","1","35.0","0.0","0.8","0.0","10","7","2022","1","0","5","900"
"76ad7f6ea8fc3bea76465635ebc15145","6502","2022-10-07T01:15:00.000","PLEASANT VALLEY RD / ELMONT DR","EASTBOUND","RIGHT TURN","false","2","7.5","9.192","10.5","8.768","10","7","2022","1","15","5","900"
"0a2b783ecd499f02c9b0bdbf1dc41b52","6502","2022-10-07T01:15:00.000","PLEASANT VALLEY RD / ELMONT DR","EASTBOUND","RIGHT TURN","true","1","22.0","0.0","4.0","0.0","10","7","2022","1","15","5","900"
"66f421c5e2a3f657be0b3fac3de40787","6502","2022-10-07T01:15:00.000","PLEASANT VALLEY RD / ELMONT DR","EASTBOUND","THRU","false","4","6.25","6.652","2.575","1.609","10","7","2022","1","15","5","900"
"981adbf5f11cd3a04d24cd569fe5780a","6502","2022-10-07T01:15:00.000","PLEASANT VALLEY RD / ELMONT DR","EASTBOUND","THRU","true","2","59.0","80.61","5.9","5.94","10","7","2022","1","15","5","900"
"1393b127947cc3931698f052556e8cab","6502","2022-10-07T01:15:00.000","PLEASANT VALLEY RD / ELMONT DR","NORTHBOUND","LEFT TURN","false","1","25.0","0.0","1.4","0.0","10","7","2022","1","15","5","900"
"11901c2bff47b7340ffe598e6b0acd1e","6502","2022-10-07T01:15:00.000","PLEASANT VALLEY RD / ELMONT DR","NORTHBOUND","THRU","false","2","12.0","1.414","3.7","0.424","10","7","2022","1","15","5","900"
"f873c7ad65424210a2a4ecd8b0380bbf","6502","2022-10-07T01:15:00.000","PLEASANT VALLEY RD / ELMONT DR","SOUTHBOUND","LEFT TURN","false","5","13.2","7.596","9.0","8.446","10","7","2022","1","15","5","900"
"293f613f2c5b71d3bb28d9cb74541729","6502","2022-10-07T01:15:00.000","PLEASANT VALLEY RD / ELMONT DR","SOUTHBOUND","LEFT TURN","true","1","14.0","0.0","3.9","0.0","10","7","2022","1","15","5","900"
"243d90fe0d954e228cdc87e339f31dab","6502","2022-10-07T01:15:00.000","PLEASANT VALLEY RD / ELMONT DR","SOUTHBOUND","THRU","false","13","37.462","9.483","1.254","0.506","10","7","2022","1","15","5","900"
"0ccf057a9b7f41d3ea85962d7139176f","6502","2022-10-07T01:15:00.000","PLEASANT VALLEY RD / ELMONT DR","WESTBOUND","THRU","false","3","12.0","6.557","1.867","1.501","10","7","2022","1","15","5","900"
"34e8947b9c4dfc7d763f14ba28a05ed4","6502","2022-10-07T01:30:00.000","PLEASANT VALLEY RD / ELMONT DR","EASTBOUND","RIGHT TURN","false","3","19.0","3.606","4.067","0.737","10","7","2022","1","30","5","900"
"e3e474b492a7290f84b03da8f4273cc3","6502","2022-10-07T01:30:00.000","PLEASANT VALLEY RD / ELMONT DR","EASTBOUND","THRU","false","1","27.0","0.0","0.0","0.0","10","7","2022","1","30","5","900"
"ad0f28c7971026bef4dd6432aa1a4fd8","6502","2022-10-07T01:30:00.000","PLEASANT VALLEY RD / ELMONT DR","EASTBOUND","THRU","true","2","4.5","4.95","24.1","19.092","10","7","2022","1","30","5","900"
"0e2bb6e4613b795eb8103721b7350f60","6502","2022-10-07T01:30:00.000","PLEASANT VALLEY RD / ELMONT DR","NORTHBOUND","LEFT TURN","false","2","21.0","7.071","1.5","1.838","10","7","2022","1","30","5","900"
"8af7a857f8bbe9c8636ef600283750ad","6502","2022-10-07T01:30:00.000","PLEASANT VALLEY RD / ELMONT DR","NORTHBOUND","THRU","false","3","45.0","10.149","1.567","0.404","10","7","2022","1","30","5","900"
"f35e7befd8107fc5bf8e5b1ede6151f9","6502","2022-10-07T01:30:00.000","PLEASANT VALLEY RD / ELMONT DR","SOUTHBOUND","LEFT TURN","false","1","22.0","0.0","1.6","0.0","10","7","2022","1","30","5","900"
"1a0d5fea8858559ba194945736af04e5","6502","2022-10-07T01:30:00.000","PLEASANT VALLEY RD / ELMONT DR","SOUTHBOUND","LEFT TURN","true","2","16.5","10.607","2.8","2.546","10","7","2022","1","30","5","900"
"1f12caf3f95b75395bddc56ffd6de886","6502","2022-10-07T01:30:00.000","PLEASANT VALLEY RD / ELMONT DR","SOUTHBOUND","THRU","false","5","29.2","13.864","1.38","0.669","10","7","2022","1","30","5","900"
"de0439df9d3fd601fb00e55c33a51a49","6502","2022-10-07T01:30:00.000","PLEASANT VALLEY RD / ELMONT DR","WESTBOUND","THRU","false","2","13.5","10.607","3.1","1.273","10","7","2022","1","30","5","900"
"7ddbd77bf2131d9467b2cdd4d5128fe9","6502","2022-10-07T01:45:00.000","PLEASANT VALLEY RD / ELMONT DR","EASTBOUND","LEFT TURN","false","1","1.0","0.0","4.8","0.0","10","7","2022","1","45","5","900"
"ba2d98f1185cdb0d89e221de08ca32b6","6502","2022-10-07T01:45:00.000","PLEASANT VALLEY RD / ELMONT DR","EASTBOUND","LEFT TURN","true","1","0.0","0.0","0.2","0.0","10","7","2022","1","45","5","900"
"1e008d450738e09e77ab86e83ea492b0","6502","2022-10-07T01:45:00.000","PLEASANT VALLEY RD / ELMONT DR","EASTBOUND","RIGHT TURN","false","1","5.0","0.0","5.2","0.0","10","7","2022","1","45","5","900"
"4e28289d6e44e8219750a5cff368043c","6502","2022-10-07T01:45:00.000","PLEASANT VALLEY RD / ELMONT DR","EASTBOUND","THRU","false","1","1.0","0.0","13.4","0.0","10","7","2022","1","45","5","900"
"b25b707fb418b8f502c331e264091edc","6502","2022-10-07T01:45:00.000","PLEASANT VALLEY RD / ELMONT DR","NORTHBOUND","LEFT TURN","false","1","12.0","0.0","0.2","0.0","10","7","2022","1","45","5","900"
"7513a5c32affed67d5db7bb4820b02ae","6502","2022-10-07T01:45:00.000","PLEASANT VALLEY RD / ELMONT DR","NORTHBOUND","THRU","false","4","39.75","4.717","1.7","0.294","10","7","2022","1","45","5","900"
"9c3b5b61e578f8db78a15d5324c72612","6502","2022-10-07T01:45:00.000","PLEASANT VALLEY RD / ELMONT DR","NORTHBOUND","THRU","true","1","14.0","0.0","2.4","0.0","10","7","2022","1","45","5","900"
"382c5320822157c3c2a778dc10812f12","6502","2022-10-07T01:45:00.000","PLEASANT VALLEY RD / ELMONT DR","SOUTHBOUND","LEFT TURN","false","5","19.8","4.97","1.96","1.193","10","7","2022","1","45","5","900"
"37b76be81fa586a1dfb62e4f699f121e","6502","2022-10-07T01:45:00.000","PLEASANT VALLEY RD / ELMONT DR","SOUTHBOUND","LEFT TURN","true","1","27.0","0.0","0.4","0.0","10","7","2022","1","45","5","900"
"eb14858e4e9327ad8ce4dbe44241d374","6502","2022-10-07T01:45:00.000","PLEASANT VALLEY RD / ELMONT DR","SOUTHBOUND","THRU","false","8","39.125","12.438","1.162","0.316","10","7","2022","1","45","5","900"
"a82eb215cee808c0a09ab9b4fa9d94fe","6502","2022-10-07T01:45:00.000","PLEASANT VALLEY RD / ELMONT DR","WESTBOUND","THRU","true","1","5.0","0.0","4.0","0.0","10","7","2022","1","45","5","900"
"d2b8b1979aa03af38fbda75b5d6eb6c5","6502","2022-10-07T02:00:00.000","PLEASANT VALLEY RD / ELMONT DR","EASTBOUND","RIGHT TURN","false","2","9.0","12.728","6.9","5.233","10","7","2022","2","0","5","900"
"7886fd5f1344bd8eca79de741e0bbbce","6502","2022-10-07T02:00:00.000","PLEASANT VALLEY RD / ELMONT DR","EASTBOUND","THRU","true","1","0.0","0.0","2.9","0.0","10","7","2022","2","0","5","900"
"4aad210ba52b698c872cdd8d9151e853","6502","2022-10-07T02:00:00.000","PLEASANT VALLEY RD / ELMONT DR","NORTHBOUND","THRU","false","3","41.0","5.568","1.6","0.0","10","7","2022","2","0","5","900"
"504eb74d0cfc9a21a688e92c6b92baaa","6502","2022-10-07T02:00:00.000","PLEASANT VALLEY RD / ELMONT DR","NORTHBOUND","THRU","true","2","41.5","4.95","1.75","0.071","10","7","2022","2","0","5","900"
"3b08e43566445ed4f75b13040e21f2ea","6502","2022-10-07T02:00:00.000","PLEASANT VALLEY RD / ELMONT DR","SOUTHBOUND","THRU","false","6","40.667","11.639","1.15","0.517","10","7","2022","2","0","5","900"
"23319c15f4731e1cd13de56d5f55edda","6502","2022-10-07T02:00:00.000","PLEASANT VALLEY RD / ELMONT DR","WESTBOUND","LEFT TURN","false","1","22.0","0.0","0.8","0.0","10","7","2022","2","0","5","900"
"52d974b76393ceb6e6a26fe94c2403ca","6502","2022-10-07T02:00:00.000","PLEASANT VALLEY RD / ELMONT DR","WESTBOUND","THRU","true","2","3.0","4.243","7.1","1.556","10","7","2022","2","0","5","900"
"b15710753fe6bbb9688c8c62b63fd190","6502","2022-10-07T02:15:00.000","PLEASANT VALLEY RD / ELMONT DR","EASTBOUND","RIGHT TURN","false","2","13.0","0.0","4.5","0.141","10","7","2022","2","15","5","900"
"d5c6994748b291e843b2f304d0878e4f","6502","2022-10-07T02:15:00.000","PLEASANT VALLEY RD / ELMONT DR","EASTBOUND","THRU","false","1","8.0","0.0","2.7","0.0","10","7","2022","2","15","5","900"
"fe4fbf898b6131044a27e2eeb340eba7","6502","2022-10-07T02:15:00.000","PLEASANT VALLEY RD / ELMONT DR","NORTHBOUND","LEFT TURN","false","1","16.0","0.0","3.0","0.0","10","7","2022","2","15","5","900"
"6a43ce78da4137f5193fbfa1899722db","6502","2022-10-07T02:15:00.000","PLEASANT VALLEY RD / ELMONT DR","NORTHBOUND","THRU","false","3","43.333","12.741","1.767","0.153","10","7","2022","2","15","5","900"
"a00e19378e955e13d52f50a9b8e20046","6502","2022-10-07T02:15:00.000","PLEASANT VALLEY RD / ELMONT DR","SOUTHBOUND","LEFT TURN","true","1","17.0","0.0","2.8","0.0","10","7","2022","2","15","5","900"
"e6b261d6f14087647b4c968c46ab709d","6502","2022-10-07T02:15:00.000","PLEASANT VALLEY RD / ELMONT DR","SOUTHBOUND","THRU","false","3","37.0","5.568","1.833","1.563","10","7","2022","2","15","5","900"
"d018ff16e22f80d2f10ed20f762a5d13","6502","2022-10-07T02:30:00.000","PLEASANT VALLEY RD / ELMONT DR","NORTHBOUND","LEFT TURN","false","1","14.0","0.0","0.6","0.0","10","7","2022","2","30","5","900"
"d7e9d9dd9fcd80f8b354ce9571ba489f","6502","2022-10-07T02:30:00.000","PLEASANT VALLEY RD / ELMONT DR","NORTHBOUND","THRU","false","3","38.667","8.083","1.533","1.007","10","7","2022","2","30","5","900"
"b9cc57db36f4443157f49f2cc4e5e643","6502","2022-10-07T02:30:00.000","PLEASANT VALLEY RD / ELMONT DR","SOUTHBOUND","LEFT TURN","false","1","17.0","0.0","1.7","0.0","10","7","2022","2","30","5","900"
"3a9ddb637788b20335a0ab3a4e965134","6502","2022-10-07T02:30:00.000","PLEASANT VALLEY RD / ELMONT DR","SOUTHBOUND","LEFT TURN","true","1","15.0","0.0","3.1","0.0","10","7","2022","2","30","5","900"
"6cb170ac35ab07afdc35bd6d3ad53621","6502","2022-10-07T02:30:00.000","PLEASANT VALLEY RD / ELMONT DR","SOUTHBOUND","THRU","false","4","34.25","7.136","1.45","0.3","10","7","2022","2","30","5","900"
"2fad145cac8962b56f6a97c90530de84","6502","2022-10-07T02:30:00.000","PLEASANT VALLEY RD / ELMONT DR","SOUTHBOUND","THRU","true","1","40.0","0.0","1.4","0.0","10","7","2022","2","30","5","900"
"d343701366febe81783c388e4be67357","6502","2022-10-07T02:30:00.000","PLEASANT VALLEY RD / ELMONT DR","WESTBOUND","THRU","false","1","9.0","0.0","11.1","0.0","10","7","2022","2","30","5","900"
"579df1b53359cef1f2d8c875d8c8819a","6502","2022-10-07T02:45:00.000","PLEASANT VALLEY RD / ELMONT DR","EASTBOUND","RIGHT TURN","false","2","15.5","3.536","2.55","2.899","10","7","2022","2","45","5","900"
"b3fcb23e71e0611043914850dd9854dc","6502","2022-10-07T02:45:00.000","PLEASANT VALLEY RD / ELMONT DR","NORTHBOUND","LEFT TURN","false","1","5.0","0.0","5.2","0.0","10","7","2022","2","45","5","900"
"aeca656befd684a04dac3c16cbcd770b","6502","2022-10-07T02:45:00.000","PLEASANT VALLEY RD / ELMONT DR","NORTHBOUND","THRU","false","2","38.0","7.071","2.1","0.707","10","7","2022","2","45","5","900"
"a8f683f3a7bf04ed3c92ec6f6f0468b1","6502","2022-10-07T02:45:00.000","PLEASANT VALLEY RD / ELMONT DR","NORTHBOUND","THRU","true","1","42.0","0.0","1.4","0.0","10","7","2022","2","45","5","900"
"8ae4879bccab435d59d9060461fec09a","6502","2022-10-07T02:45:00.000","PLEASANT VALLEY RD / ELMONT DR","SOUTHBOUND","RIGHT TURN","false","2","15.0","2.828","3.2","0.283","10","7","2022","2","45","5","900"
"a926abd3738ae2b02bc83ff598267b90","6502","2022-10-07T02:45:00.000","PLEASANT VALLEY RD / ELMONT DR","SOUTHBOUND","RIGHT TURN","true","1","17.0","0.0","2.8","0.0","10","7","2022","2","45","5","900"
"653c439c406ea9376ffce591afea1e1b","6502","2022-10-07T02:45:00.000","PLEASANT VALLEY RD / ELMONT DR","SOUTHBOUND","THRU","false","4","40.0","3.559","1.325","0.222","10","7","2022","2","45","5","900"
"b0ff313aeb53a4deffc91c23b3074f87","6502","2022-10-07T03:00:00.000","PLEASANT VALLEY RD / ELMONT DR","NORTHBOUND","THRU","false","2","35.5","20.506","0.8","0.849","10","7","2022","3","0","5","900"
"7d65bb180798f28e810072c1ae5f23f5","6502","2022-10-07T03:00:00.000","PLEASANT VALLEY RD / ELMONT DR","SOUTHBOUND","LEFT TURN","false","1","22.0","0.0","3.4","0.0","10","7","2022","3","0","5","900"
"6f3bf945f13e741561a7c27042350c9e","6502","2022-10-07T03:00:00.000","PLEASANT VALLEY RD / ELMONT DR","SOUTHBOUND","LEFT TURN","true","1","4.0","0.0","8.2","0.0","10","7","2022","3","0","5","900"
"ef5838f4057cb09486e96f6846860876","6502","2022-10-07T03:00:00.000","PLEASANT VALLEY RD / ELMONT DR","SOUTHBOUND","RIGHT TURN","false","1","12.0","0.0","1.7","0.0","10","7","2022","3","0","5","900"
"84a2749eb428c9c620fc6eb9e75b303d","6502","2022-10-07T03:00:00.000","PLEASANT VALLEY RD / ELMONT DR","SOUTHBOUND","THRU","false","2","44.0","1.414","1.85","0.919","10","7","2022","3","0","5","900"
"f90aeae62025645a4d436d6ac28c20b8","6502","2022-10-07T03:00:00.000","PLEASANT VALLEY RD / ELMONT DR","WESTBOUND","THRU","false","1","8.0","0.0","0.4","0.0","10","7","2022","3","0","5","900"
"8985d0026580b80fc37244750dad0222","6502","2022-10-07T03:15:00.000","PLEASANT VALLEY RD / ELMONT DR","NORTHBOUND","THRU","false","3","31.333","11.547","2.233","0.929","10","7","2022","3","15","5","900"
"6387126a31a648b92f89f8c8ace7eace","6502","2022-10-07T03:15:00.000","PLEASANT VALLEY RD / ELMONT DR","NORTHBOUND","THRU","true","1","34.0","0.0","0.6","0.0","10","7","2022","3","15","5","900"
"29c1cf668876f11684a008f64b5f851c","6502","2022-10-07T03:15:00.000","PLEASANT VALLEY RD / ELMONT DR","SOUTHBOUND","THRU","true","1","32.0","0.0","0.2","0.0","10","7","2022","3","15","5","900"
"a544b652d5a0fef9f65b262e81194c88","6502","2022-10-07T03:15:00.000","PLEASANT VALLEY RD / ELMONT DR","WESTBOUND","THRU","true","2","9.0","11.314","4.05","2.616","10","7","2022","3","15","5","900"
"5e337e6bf694ad1a861325b076ab1b90","6502","2022-10-07T03:30:00.000","PLEASANT VALLEY RD / ELMONT DR","NORTHBOUND","RIGHT TURN","true","1","11.0","0.0","4.2","0.0","10","7","2022","3","30","5","900"
"33010dda9262daf4a7386f8eda2c92c3","6502","2022-10-07T03:30:00.000","PLEASANT VALLEY RD / ELMONT DR","NORTHBOUND","THRU","false","3","29.333","6.807","2.1","1.229","10","7","2022","3","30","5","900"
"23f15fdc260fc7ce173fc1d328e0dc60","6502","2022-10-07T03:30:00.000","PLEASANT VALLEY RD / ELMONT DR","WESTBOUND","RIGHT TURN","false","1","8.0","0.0","2.6","0.0","10","7","2022","3","30","5","900"
"235d4a44f68dd079bc50f3d658e384b9","6502","2022-10-07T03:30:00.000","PLEASANT VALLEY RD / ELMONT DR","WESTBOUND","THRU","false","1","3.0","0.0","0.6","0.0","10","7","2022","3","30","5","900"
"7761cad5dc89a339e861140c9541c9a6","6502","2022-10-07T03:45:00.000","PLEASANT VALLEY RD / ELMONT DR","EASTBOUND","LEFT TURN","false","1","19.0","0.0","4.5","0.0","10","7","2022","3","45","5","900"
"aabbd5ebaa0dfa1d884553f57519bc2b","6502","2022-10-07T03:45:00.000","PLEASANT VALLEY RD / ELMONT DR","EASTBOUND","RIGHT TURN","false","1","6.0","0.0","3.0","0.0","10","7","2022","3","45","5","900"
"9fbf79b2dfd189eca8e6484ad3674e02","6502","2022-10-07T03:45:00.000","PLEASANT VALLEY RD / ELMONT DR","EASTBOUND","RIGHT TURN","true","1","1.0","0.0","15.7","0.0","10","7","2022","3","45","5","900"
"2b0136e88b03ceaa12b7983a25a05022","6502","2022-10-07T03:45:00.000","PLEASANT VALLEY RD / ELMONT DR","NORTHBOUND","LEFT TURN","false","1","14.0","0.0","2.4","0.0","10","7","2022","3","45","5","900"
"5f83f7a983e7870d0ce0b1e87ce3ee7d","6502","2022-10-07T03:45:00.000","PLEASANT VALLEY RD / ELMONT DR","NORTHBOUND","THRU","false","2","31.5","30.406","4.0","3.96","10","7","2022","3","45","5","900"
"3f49042af44cbb54a3f838dc8b2693f9","6502","2022-10-07T03:45:00.000","PLEASANT VALLEY RD / ELMONT DR","SOUTHBOUND","LEFT TURN","false","1","7.0","0.0","4.6","0.0","10","7","2022","3","45","5","900"
"c47e60276a807a817e53bebca05c2e5f","6502","2022-10-07T03:45:00.000","PLEASANT VALLEY RD / ELMONT DR","SOUTHBOUND","THRU","false","4","31.75","6.994","1.8","0.337","10","7","2022","3","45","5","900"
"2475571ee5ee0ea2006a161878e11f39","6502","2022-10-07T03:45:00.000","PLEASANT VALLEY RD / ELMONT DR","SOUTHBOUND","THRU","true","1","27.0","0.0","0.2","0.0","10","7","2022","3","45","5","900"
"297216a40b904e7eb75e316257429725","6502","2022-10-07T04:00:00.000","PLEASANT VALLEY RD / ELMONT DR","EASTBOUND","THRU","false","1","20.0","0.0","2.6","0.0","10","7","2022","4","0","5","900"
"f8fbfb0d610f7650f4fe3d33fc7b703e","6502","2022-10-07T04:00:00.000","PLEASANT VALLEY RD / ELMONT DR","NORTHBOUND","RIGHT TURN","false","1","14.0","0.0","2.0","0.0","10","7","2022","4","0","5","900"
"023f6cd1f68e9f033f85278e817f9a93","6502","2022-10-07T04:00:00.000","PLEASANT VALLEY RD / ELMONT DR","NORTHBOUND","THRU","false","1","38.0","0.0","1.5","0.0","10","7","2022","4","0","5","900"
"0a5f872b8aa0ef57be5e124535c7514b","6502","2022-10-07T04:00:00.000","PLEASANT VALLEY RD / ELMONT DR","SOUTHBOUND","LEFT TURN","true","1","1.0","0.0","1.0","0.0","10","7","2022","4","0","5","900"
"df9788a0976aa9e49ac9a2ae3b1e4409","6502","2022-10-07T04:00:00.000","PLEASANT VALLEY RD / ELMONT DR","SOUTHBOUND","THRU","false","1","36.0","0.0","0.4","0.0","10","7","2022","4","0","5","900"
"4235b0a21a32180824773fa72d701278","6502","2022-10-07T04:15:00.000","PLEASANT VALLEY RD / ELMONT DR","NORTHBOUND","THRU","false","1","3.0","0.0","8.0","0.0","10","7","2022","4","15","5","900"
"df31cf20bc583e5ca4149c187b7fa289","6502","2022-10-07T04:15:00.000","PLEASANT VALLEY RD / ELMONT DR","SOUTHBOUND","LEFT TURN","true","1","15.0","0.0","0.2","0.0","10","7","2022","4","15","5","900"
"ff27a3197fd561c21bc18f533351b47d","6502","2022-10-07T04:15:00.000","PLEASANT VALLEY RD / ELMONT DR","SOUTHBOUND","THRU","false","1","42.0","0.0","1.6","0.0","10","7","2022","4","15","5","900"
"715fef46dded410c1859d25beca8bf29","6502","2022-10-07T04:15:00.000","PLEASANT VALLEY RD / ELMONT DR","WESTBOUND","THRU","false","1","9.0","0.0","3.6","0.0","10","7","2022","4","15","5","900"
"1d13a167688ad7a3f028b8907a4f49c6","6502","2022-10-07T04:30:00.000","PLEASANT VALLEY RD / ELMONT DR","EASTBOUND","THRU","false","1","14.0","0.0","5.4","0.0","10","7","2022","4","30","5","900"
"42896f87e4cd1213482330a73f85b329","6502","2022-10-07T04:30:00.000","PLEASANT VALLEY RD / ELMONT DR","NORTHBOUND","THRU","false","1","40.0","0.0","1.6","0.0","10","7","2022","4","30","5","900"
"53efd6004ee48a9ff5709ee59aa630a0","6502","2022-10-07T04:30:00.000","PLEASANT VALLEY RD / ELMONT DR","SOUTHBOUND","THRU","false","4","33.0","16.021","1.45","1.258","10","7","2022","4","30","5","900"
"ad55afab78b73e3f75144de9515a3ec6","6502","2022-10-07T04:30:00.000","PLEASANT VALLEY RD / ELMONT DR","SOUTHBOUND","THRU","true","4","35.25","3.775","1.25","0.719","10","7","2022","4","30","5","900"
"c637e51925df0f7b5b0cd5f28d8e4bd7","6502","2022-10-07T04:30:00.000","PLEASANT VALLEY RD / ELMONT DR","WESTBOUND","THRU","false","1","4.0","0.0","0.4","0.0","10","7","2022","4","30","5","900"
"2d73ffdd098e4640cebdaa4f520cc2f4","6502","2022-10-07T04:45:00.000","PLEASANT VALLEY RD / ELMONT DR","EASTBOUND","THRU","false","1","0.0","0.0","21.9","0.0","10","7","2022","4","45","5","900"
"c51fe58604475734e16d0c400df0af04","6502","2022-10-07T04:45:00.000","PLEASANT VALLEY RD / ELMONT DR","NORTHBOUND","THRU","false","3","21.0","15.62","1.967","1.002","10","7","2022","4","45","5","900"
"8880d6604dc05641fa05ac8ddbb24b4c","6502","2022-10-07T04:45:00.000","PLEASANT VALLEY RD / ELMONT DR","NORTHBOUND","THRU","true","1","41.0","0.0","1.7","0.0","10","7","2022","4","45","5","900"
"31abbb75c637d6330dbd2f0f77e0aed3","6502","2022-10-07T04:45:00.000","PLEASANT VALLEY RD / ELMONT DR","SOUTHBOUND","LEFT TURN","false","1","24.0","0.0","1.8","0.0","10","7","2022","4","45","5","900"
"00f54415188442133346adde57caee05","6502","2022-10-07T04:45:00.000","PLEASANT VALLEY RD / ELMONT DR","SOUTHBOUND","THRU","false","1","46.0","0.0","1.2","0.0","10","7","2022","4","45","5","900"
"47d68f1ce05bb67d22257e3dbd2335b0","6502","2022-10-07T04:45:00.000","PLEASANT VALLEY RD / ELMONT DR","SOUTHBOUND","THRU","true","4","36.75","2.5","1.525","0.25","10","7","2022","4","45","5","900"
"ede11485cd7d79b103d9448952af4053","6502","2022-10-07T04:45:00.000","PLEASANT VALLEY RD / ELMONT DR","WESTBOUND","THRU","false","2","9.0","1.414","1.5","1.273","10","7","2022","4","45","5","900"
"a2772623d0b226bec30b05876586558b","6502","2022-10-07T05:00:00.000","PLEASANT VALLEY RD / ELMONT DR","EASTBOUND","RIGHT TURN","false","1","1.0","0.0","8.8","0.0","10","7","2022","5","0","5","900"
"098a7d7ab17a6bb52e1e4b7edc4370e3","6502","2022-10-07T05:00:00.000","PLEASANT VALLEY RD / ELMONT DR","EASTBOUND","THRU","false","1","30.0","0.0","4.3","0.0","10","7","2022","5","0","5","900"
"8ceedd1004732ad70a33f4fa61be3349","6502","2022-10-07T05:00:00.000","PLEASANT VALLEY RD / ELMONT DR","SOUTHBOUND","THRU","false","6","43.333","7.528","1.333","0.575","10","7","2022","5","0","5","900"
"dca9ff7c9cfcaff5ec86f7e0be0a4433","6502","2022-10-07T05:00:00.000","PLEASANT VALLEY RD / ELMONT DR","SOUTHBOUND","THRU","true","5","36.4","4.506","1.32","0.642","10","7","2022","5","0","5","900"
"a178e6e349aafb8a8c0909390b159ea3","6502","2022-10-07T05:00:00.000","PLEASANT VALLEY RD / ELMONT DR","WESTBOUND","LEFT TURN","false","1","10.0","0.0","1.1","0.0","10","7","2022","5","0","5","900"
"2a4e391a3eb2cb886547faaf3a27c8a2","6502","2022-10-07T05:00:00.000","PLEASANT VALLEY RD / ELMONT DR","WESTBOUND","RIGHT TURN","false","2","10.0","4.243","3.3","1.273","10","7","2022","5","0","5","900"
"fb292f3049e5442d53a613becafd9dc2","6502","2022-10-07T05:00:00.000","PLEASANT VALLEY RD / ELMONT DR","WESTBOUND","THRU","false","2","4.0","4.243","0.8","0.283","10","7","2022","5","0","5","900"
"cfa2197c9efe772a9b35084ec68f3b29","6502","2022-10-07T05:15:00.000","PLEASANT VALLEY RD / ELMONT DR","EASTBOUND","RIGHT TURN","false","1","11.0","0.0","4.6","0.0","10","7","2022","5","15","5","900"
"6fc26748503cabfd3bd36a8458b26597","6502","2022-10-07T05:15:00.000","PLEASANT VALLEY RD / ELMONT DR","NORTHBOUND","LEFT TURN","false","1","18.0","0.0","2.2","0.0","10","7","2022","5","15","5","900"
"1f59a24853dfcd4274246fe98f3047bd","6502","2022-10-07T05:15:00.000","PLEASANT VALLEY RD / ELMONT DR","NORTHBOUND","THRU","false","6","32.167","7.782","1.817","0.88","10","7","2022","5","15","5","900"
"8a01cad90cc0a1c14f8847f21084cbe8","6502","2022-10-07T05:15:00.000","PLEASANT VALLEY RD / ELMONT DR","SOUTHBOUND","THRU","false","3","38.333","5.508","1.067","0.611","10","7","2022","5","15","5","900"
"1d10e3da446f07e6a60be8643adbe786","6502","2022-10-07T05:15:00.000","PLEASANT VALLEY RD / ELMONT DR","SOUTHBOUND","THRU","true","1","40.0","0.0","1.3","0.0","10","7","2022","5","15","5","900"
"06a04c364856d16eee12f1f98a31dbca","6502","2022-10-07T05:15:00.000","PLEASANT VALLEY RD / ELMONT DR","WESTBOUND","THRU","false","3","8.333","0.577","1.1","1.082","10","7","2022","5","15","5","900"
"87170dcef48eb2a5e304341669647d4b","6502","2022-10-07T05:15:00.000","PLEASANT VALLEY RD / ELMONT DR","WESTBOUND","THRU","true","3","3.333","5.774","2.333","3.955","10","7","2022","5","15","5","900"
"c52bd086ae5c0c241eed1bdcf5c18ab6","6502","2022-10-07T05:30:00.000","PLEASANT VALLEY RD / ELMONT DR","EASTBOUND","LEFT TURN","false","1","0.0","0.0","50.8","0.0","10","7","2022","5","30","5","900"
"1428a5b5bd14b700845a82aba3ac0d07","6502","2022-10-07T05:30:00.000","PLEASANT VALLEY RD / ELMONT DR","EASTBOUND","RIGHT TURN","false","1","16.0","0.0","2.8","0.0","10","7","2022","5","30","5","900"
"fab6e0fd28d88c60fc8335bc78047739","6502","2022-10-07T05:30:00.000","PLEASANT VALLEY RD / ELMONT DR","EASTBOUND","THRU","true","1","0.0","0.0","2.2","0.0","10","7","2022","5","30","5","900"
"b7a3f185ea3a0fb5415762153aba964b","6502","2022-10-07T05:30:00.000","PLEASANT VALLEY RD / ELMONT DR","NORTHBOUND","THRU","false","9","30.667","12.679","1.8","0.712","10","7","2022","5","30","5","900"
"164f1a6624193f4242f86a4204b0269c","6502","2022-10-07T05:30:00.000","PLEASANT VALLEY RD / ELMONT DR","NORTHBOUND","THRU","true","1","40.0","0.0","0.4","0.0","10","7","2022","5","30","5","900"
"200985b66f05c018e86516a6bce04790","6502","2022-10-07T05:30:00.000","PLEASANT VALLEY RD / ELMONT DR","SOUTHBOUND","THRU","false","5","42.0","6.164","1.44","0.219","10","7","2022","5","30","5","900"
"37fd050be7951208b9b410d80136eadb","6502","2022-10-07T05:30:00.000","PLEASANT VALLEY RD / ELMONT DR","SOUTHBOUND","THRU","true","6","37.667","4.502","0.65","0.404","10","7","2022","5","30","5","900"
"c349a5bd2c3384e78c285b517f2801d5","6502","2022-10-07T05:30:00.000","PLEASANT VALLEY RD / ELMONT DR","WESTBOUND","THRU","true","2","8.5","6.364","4.0","1.697","10","7","2022","5","30","5","900"
"4dc2ba8c0279c9317c70ea0b5447d0f5","6502","2022-10-07T05:45:00.000","PLEASANT VALLEY RD / ELMONT DR","EASTBOUND","LEFT TURN","false","2","15.5","14.849","2.35","1.626","10","7","2022","5","45","5","900"
"d673b3c6ff8eae1f4ded28f66b1643aa","6502","2022-10-07T05:45:00.000","PLEASANT VALLEY RD / ELMONT DR","EASTBOUND","RIGHT TURN","false","4","9.25","8.77","5.625","1.053","10","7","2022","5","45","5","900"
"15c65a16e2aedc44742c39c52e437080","6502","2022-10-07T05:45:00.000","PLEASANT VALLEY RD / ELMONT DR","EASTBOUND","THRU","false","2","9.5","3.536","2.4","1.273","10","7","2022","5","45","5","900"
"9173e06a746d60b0521390e833684f5e","6502","2022-10-07T05:45:00.000","PLEASANT VALLEY RD / ELMONT DR","NORTHBOUND","LEFT TURN","true","2","2.5","3.536","6.35","8.98","10","7","2022","5","45","5","900"
"e4d20d6930b45b13ec3132e318842503","6502","2022-10-07T05:45:00.000","PLEASANT VALLEY RD / ELMONT DR","NORTHBOUND","THRU","false","8","42.125","7.53","1.938","0.513","10","7","2022","5","45","5","900"
"63671df92d5077b2cf9f9cb51395adf5","6502","2022-10-07T05:45:00.000","PLEASANT VALLEY RD / ELMONT DR","NORTHBOUND","THRU","true","1","32.0","0.0","0.3","0.0","10","7","2022","5","45","5","900"
"fdfe1023ef64fd936947be3c20e855b6","6502","2022-10-07T05:45:00.000","PLEASANT VALLEY RD / ELMONT DR","SOUTHBOUND","LEFT TURN","false","1","19.0","0.0","2.6","0.0","10","7","2022","5","45","5","900"
"f38b99d1d98504b344e45fdf57216019","6502","2022-10-07T05:45:00.000","PLEASANT VALLEY RD / ELMONT DR","SOUTHBOUND","LEFT TURN","true","1","19.0","0.0","2.4","0.0","10","7","2022","5","45","5","900"
"d09d71ccd689aca10efb1736e6bbe749","6502","2022-10-07T05:45:00.000","PLEASANT VALLEY RD / ELMONT DR","SOUTHBOUND","THRU","false","12","35.917","10.184","1.325","2.567","10","7","2022","5","45","5","900"
"16ffc3f944f44be05e536debb89a074d","6502","2022-10-07T05:45:00.000","PLEASANT VALLEY RD / ELMONT DR","SOUTHBOUND","THRU","true","3","36.333","8.622","1.367","0.404","10","7","2022","5","45","5","900"
"af3be9ee641ac019b71ba569625e80ed","6502","2022-10-07T05:45:00.000","PLEASANT VALLEY RD / ELMONT DR","WESTBOUND","RIGHT TURN","false","1","16.0","0.0","2.4","0.0","10","7","2022","5","45","5","900"
"a1b11affc25c7f3c4d95a9ad0886c94c","6502","2022-10-07T05:45:00.000","PLEASANT VALLEY RD / ELMONT DR","WESTBOUND","THRU","false","5","6.0","2.121","3.1","2.229","10","7","2022","5","45","5","900"
"b5118968d4261cae5e3b46bf8329a5b4","6502","2022-10-07T05:45:00.000","PLEASANT VALLEY RD / ELMONT DR","WESTBOUND","THRU","true","2","6.0","5.657","0.6","0.283","10","7","2022","5","45","5","900"
"d047beb12e33a4268197396d4a18253b","6502","2022-10-07T06:00:00.000","PLEASANT VALLEY RD / ELMONT DR","EASTBOUND","RIGHT TURN","false","4","10.75","5.188","4.4","2.098","10","7","2022","6","0","5","900"
"b21ad5058c8c8e6fd1f4286d4a3685ec","6502","2022-10-07T06:00:00.000","PLEASANT VALLEY RD / ELMONT DR","EASTBOUND","THRU","false","1","7.0","0.0","5.8","0.0","10","7","2022","6","0","5","900"
"435c14b4f2690a905ad9b33c52391da6","6502","2022-10-07T06:00:00.000","PLEASANT VALLEY RD / ELMONT DR","EASTBOUND","THRU","true","1","0.0","0.0","9.2","0.0","10","7","2022","6","0","5","900"
"9b2459b8546611c9b634256bc768e63d","6502","2022-10-07T06:00:00.000","PLEASANT VALLEY RD / ELMONT DR","NORTHBOUND","LEFT TURN","false","2","13.0","7.071","4.1","1.556","10","7","2022","6","0","5","900"
"e83cf7ef86be7eeddd82811a15b5af5c","6502","2022-10-07T06:00:00.000","PLEASANT VALLEY RD / ELMONT DR","NORTHBOUND","LEFT TURN","true","1","2.0","0.0","5.8","0.0","10","7","2022","6","0","5","900"
"604980668e6befff8b15680054e19bd1","6502","2022-10-07T06:00:00.000","PLEASANT VALLEY RD / ELMONT DR","NORTHBOUND","RIGHT TURN","false","1","13.0","0.0","4.5","0.0","10","7","2022","6","0","5","900"
"03721ec7af7ee3ff506122146a54df64","6502","2022-10-07T06:00:00.000","PLEASANT VALLEY RD / ELMONT DR","NORTHBOUND","THRU","false","10","31.5","15.035","1.66","1.247","10","7","2022","6","0","5","900"
"b58d69698578ab25cfeab0d590af37a1","6502","2022-10-07T06:00:00.000","PLEASANT VALLEY RD / ELMONT DR","NORTHBOUND","THRU","true","3","14.0","12.288","6.833","8.463","10","7","2022","6","0","5","900"
"66cf2f76dee9bf1ec652741c8dd9601c","6502","2022-10-07T06:00:00.000","PLEASANT VALLEY RD / ELMONT DR","SOUTHBOUND","LEFT TURN","false","2","19.0","24.042","1.05","0.919","10","7","2022","6","0","5","900"
"3ae4e3aea758540f17b5b2995cc9fe30","6502","2022-10-07T06:00:00.000","PLEASANT VALLEY RD / ELMONT DR","SOUTHBOUND","THRU","false","17","39.412","9.533","1.094","0.762","10","7","2022","6","0","5","900"
"ed02fc7b9d3b1fb77342f9549d35c46e","6502","2022-10-07T06:00:00.000","PLEASANT VALLEY RD / ELMONT DR","SOUTHBOUND","THRU","true","4","35.25","4.031","1.375","0.33","10","7","2022","6","0","5","900"
"a36e9a72ecf097645e83e6e366dc7356","6502","2022-10-07T06:00:00.000","PLEASANT VALLEY RD / ELMONT DR","WESTBOUND","LEFT TURN","false","1","2.0","0.0","0.4","0.0","10","7","2022","6","0","5","900"
"b5b2aff834481418a97e118b0c0c0ebe","6502","2022-10-07T06:00:00.000","PLEASANT VALLEY RD / ELMONT DR","WESTBOUND","THRU","false","7","5.857","5.64","3.129","1.942","10","7","2022","6","0","5","900"
"a23c12345cd4d6adb5f4b11f45a1bea2","6502","2022-10-07T06:15:00.000","PLEASANT VALLEY RD / ELMONT DR","EASTBOUND","LEFT TURN","false","1","4.0","0.0","4.2","0.0","10","7","2022","6","15","5","900"
"b56b96490a537b7980133e76b9faad52","6502","2022-10-07T06:15:00.000","PLEASANT VALLEY RD / ELMONT DR","EASTBOUND","RIGHT TURN","false","3","10.333","5.508","4.167","1.097","10","7","2022","6","15","5","900"
"82ca8e1cafcb46a8e241d695d578c8df","6502","2022-10-07T06:15:00.000","PLEASANT VALLEY RD / ELMONT DR","EASTBOUND","THRU","false","2","17.0","0.0","3.95","0.495","10","7","2022","6","15","5","900"
"3eef0540c7a278fe0034814f51c910b8","6502","2022-10-07T06:15:00.000","PLEASANT VALLEY RD / ELMONT DR","NORTHBOUND","LEFT TURN","false","2","19.5","2.121","2.7","0.424","10","7","2022","6","15","5","900"
"6d287b7b1064396815d22cd965f3ee16","6502","2022-10-07T06:15:00.000","PLEASANT VALLEY RD / ELMONT DR","NORTHBOUND","RIGHT TURN","true","1","18.0","0.0","2.9","0.0","10","7","2022","6","15","5","900"
"70725741eb378a65bf03314d25abdd95","6502","2022-10-07T06:15:00.000","PLEASANT VALLEY RD / ELMONT DR","NORTHBOUND","THRU","false","23","35.087","9.577","2.148","1.438","10","7","2022","6","15","5","900"
"bd6de95f15ee99df3a1927987df70c1c","6502","2022-10-07T06:15:00.000","PLEASANT VALLEY RD / ELMONT DR","NORTHBOUND","THRU","true","2","24.5","16.263","1.7","1.838","10","7","2022","6","15","5","900"
"8c7ec090418eb08e6ec5278632ea074a","6502","2022-10-07T06:15:00.000","PLEASANT VALLEY RD / ELMONT DR","SOUTHBOUND","LEFT TURN","true","3","19.0","8.718","1.9","0.889","10","7","2022","6","15","5","900"
"be125b9d73f5311509aafb327e73459e","6502","2022-10-07T06:15:00.000","PLEASANT VALLEY RD / ELMONT DR","SOUTHBOUND","RIGHT TURN","false","1","14.0","0.0","4.0","0.0","10","7","2022","6","15","5","900"
"f949b9f88a2e5ace6a998402cbe4951a","6502","2022-10-07T06:15:00.000","PLEASANT VALLEY RD / ELMONT DR","SOUTHBOUND","RIGHT TURN","true","1","15.0","0.0","0.6","0.0","10","7","2022","6","15","5","900"
"3b723ecbf86e548624b55ad3c0c64d3a","6502","2022-10-07T06:15:00.000","PLEASANT VALLEY RD / ELMONT DR","SOUTHBOUND","THRU","false","14","35.214","11.349","1.35","1.077","10","7","2022","6","15","5","900"
"e8b0d36f4829bd6690f52405b872279f","6502","2022-10-07T06:15:00.000","PLEASANT VALLEY RD / ELMONT DR","SOUTHBOUND","THRU","true","3","45.667","1.528","0.833","0.473","10","7","2022","6","15","5","900"
"b0c235ef54cfc4b47f8e41e88fada8e4","6502","2022-10-07T06:15:00.000","PLEASANT VALLEY RD / ELMONT DR","WESTBOUND","LEFT TURN","true","1","9.0","0.0","7.6","0.0","10","7","2022","6","15","5","900"
"14ad3d587d400e33901b5cdec29afcd6","6502","2022-10-07T06:15:00.000","PLEASANT VALLEY RD / ELMONT DR","WESTBOUND","THRU","false","8","10.0","5.855","3.813","4.353","10","7","2022","6","15","5","900"
"73ce803d092e2a0650ca5a73005df3eb","6502","2022-10-07T06:15:00.000","PLEASANT VALLEY RD / ELMONT DR","WESTBOUND","THRU","true","5","7.8","5.07","8.26","3.614","10","7","2022","6","15","5","900"
"3b54e888b6052028ede582b54d8cb529","6502","2022-10-07T06:30:00.000","PLEASANT VALLEY RD / ELMONT DR","EASTBOUND","RIGHT TURN","false","1","14.0","0.0","6.5","0.0","10","7","2022","6","30","5","900"
"445d703cfc270dc4290835d377b78cda","6502","2022-10-07T06:30:00.000","PLEASANT VALLEY RD / ELMONT DR","EASTBOUND","THRU","false","4","13.5","11.091","2.65","1.427","10","7","2022","6","30","5","900"
"4ddac66355294664ccbcf00b80e73f33","6502","2022-10-07T06:30:00.000","PLEASANT VALLEY RD / ELMONT DR","EASTBOUND","THRU","true","2","14.0","4.243","2.0","1.131","10","7","2022","6","30","5","900"
"b3821e62b201013903b4e329034dd999","6502","2022-10-07T06:30:00.000","PLEASANT VALLEY RD / ELMONT DR","NORTHBOUND","LEFT TURN","false","2","15.0","4.243","2.65","0.495","10","7","2022","6","30","5","900"
"209ea936b65cdb19e190b7cc5663b30a","6502","2022-10-07T06:30:00.000","PLEASANT VALLEY RD / ELMONT DR","NORTHBOUND","THRU","false","18","31.611","16.227","5.556","8.11","10","7","2022","6","30","5","900"
"290ef7c5300e500d42e4f82194f4ea92","6502","2022-10-07T06:30:00.000","PLEASANT VALLEY RD / ELMONT DR","NORTHBOUND","THRU","true","5","21.4","13.069","3.3","2.37","10","7","2022","6","30","5","900"
"2b2e1e3227d624bc18870d91e3cf6a42","6502","2022-10-07T06:30:00.000","PLEASANT VALLEY RD / ELMONT DR","SOUTHBOUND","LEFT TURN","false","2","10.0","5.657","5.6","7.071","10","7","2022","6","30","5","900"
"d9d1cf3fbb681d8779e2335c6462c1e5","6502","2022-10-07T06:30:00.000","PLEASANT VALLEY RD / ELMONT DR","SOUTHBOUND","LEFT TURN","true","1","17.0","0.0","2.6","0.0","10","7","2022","6","30","5","900"
"2337fae172ba1c24980d6d6633eeb3bd","6502","2022-10-07T06:30:00.000","PLEASANT VALLEY RD / ELMONT DR","SOUTHBOUND","RIGHT TURN","false","1","13.0","0.0","10.8","0.0","10","7","2022","6","30","5","900"
"1015851ee3338db88b76f81ebcb1dbb6","6502","2022-10-07T06:30:00.000","PLEASANT VALLEY RD / ELMONT DR","SOUTHBOUND","THRU","false","15","31.4","11.891","1.413","0.832","10","7","2022","6","30","5","900"
"a215c1078070f64f05102f1d32b607d8","6502","2022-10-07T06:30:00.000","PLEASANT VALLEY RD / ELMONT DR","SOUTHBOUND","THRU","true","2","45.0","4.243","0.8","0.141","10","7","2022","6","30","5","900"
"15181cf2a4335563e01b3b6481ec4eae","6502","2022-10-07T06:30:00.000","PLEASANT VALLEY RD / ELMONT DR","WESTBOUND","RIGHT TURN","false","1","13.0","0.0","1.5","0.0","10","7","2022","6","30","5","900"
"cce569d0f137f4bbfa673d1abcb18962","6502","2022-10-07T06:30:00.000","PLEASANT VALLEY RD / ELMONT DR","WESTBOUND","RIGHT TURN","true","1","7.0","0.0","0.8","0.0","10","7","2022","6","30","5","900"
"3e66ee5e266a9ee09805bbb72eb8b96e","6502","2022-10-07T06:30:00.000","PLEASANT VALLEY RD / ELMONT DR","WESTBOUND","THRU","false","8","8.5","4.243","4.975","5.797","10","7","2022","6","30","5","900"
"85ba7385338d1b17cc9e0b963556aa3c","6502","2022-10-07T06:30:00.000","PLEASANT VALLEY RD / ELMONT DR","WESTBOUND","THRU","true","2","6.5","2.121","6.3","3.818","10","7","2022","6","30","5","900"
"0a75bd7aecb8153043353a3b0f3e4789","6502","2022-10-07T06:45:00.000","PLEASANT VALLEY RD / ELMONT DR","EASTBOUND","LEFT TURN","false","2","2.5","3.536","4.95","1.202","10","7","2022","6","45","5","900"
"bc0598e3b2157c0aa6936fe902e024ad","6502","2022-10-07T06:45:00.000","PLEASANT VALLEY RD / ELMONT DR","EASTBOUND","LEFT TURN","true","2","6.5","6.364","15.9","14.142","10","7","2022","6","45","5","900"
"34188db587d31881abecbeb4b47c596f","6502","2022-10-07T06:45:00.000","PLEASANT VALLEY RD / ELMONT DR","EASTBOUND","RIGHT TURN","false","1","6.0","0.0","2.0","0.0","10","7","2022","6","45","5","900"
"d8c816e650f04a82ccbe87478ce65cc6","6502","2022-10-07T06:45:00.000","PLEASANT VALLEY RD / ELMONT DR","EASTBOUND","THRU","false","3","7.0","12.124","4.867","5.029","10","7","2022","6","45","5","900"
"a9258479a4b8073153a9c590aba07a0d","6502","2022-10-07T06:45:00.000","PLEASANT VALLEY RD / ELMONT DR","NORTHBOUND","LEFT TURN","false","4","12.25","5.377","4.025","4.498","10","7","2022","6","45","5","900"
"1246cc778cb101ac4957bf3db0a0ae31","6502","2022-10-07T06:45:00.000","PLEASANT VALLEY RD / ELMONT DR","NORTHBOUND","RIGHT TURN","true","1","15.0","0.0","2.8","0.0","10","7","2022","6","45","5","900"
"e9c6e094a0abaa98d01bcad1b6ca3fb5","6502","2022-10-07T06:45:00.000","PLEASANT VALLEY RD / ELMONT DR","NORTHBOUND","THRU","false","13","34.077","12.52","1.769","0.854","10","7","2022","6","45","5","900"
"953201f07851f9dd0079a93489267211","6502","2022-10-07T06:45:00.000","PLEASANT VALLEY RD / ELMONT DR","NORTHBOUND","THRU","true","7","20.714","12.526","7.029","8.9","10","7","2022","6","45","5","900"
"11672a87f8d0f9fa036eaa69a35c778b","6502","2022-10-07T06:45:00.000","PLEASANT VALLEY RD / ELMONT DR","SOUTHBOUND","LEFT TURN","false","2","22.0","4.243","1.4","1.414","10","7","2022","6","45","5","900"
"e7d534416797a34d9c1bcb6889ae8252","6502","2022-10-07T06:45:00.000","PLEASANT VALLEY RD / ELMONT DR","SOUTHBOUND","THRU","false","11","31.818","12.656","1.655","1.214","10","7","2022","6","45","5","900"
"b31bd41e56a15769d25a007b59232274","6502","2022-10-07T06:45:00.000","PLEASANT VALLEY RD / ELMONT DR","SOUTHBOUND","THRU","true","2","42.5","2.121","1.3","0.141","10","7","2022","6","45","5","900"
"b65b682273597f22f4493e91a4a8210b","6502","2022-10-07T06:45:00.000","PLEASANT VALLEY RD / ELMONT DR","WESTBOUND","THRU","false","8","9.625","6.632","7.0","11.01","10","7","2022","6","45","5","900"
"ca2a6e85644837f21fe9d80c5aeca767","6502","2022-10-07T06:45:00.000","PLEASANT VALLEY RD / ELMONT DR","WESTBOUND","THRU","true","3","1.333","2.309","2.667","2.73","10","7","2022","6","45","5","900"
"b0a430c94ad98dc79b0844b6138e7198","6502","2022-10-07T07:00:00.000","PLEASANT VALLEY RD / ELMONT DR","EASTBOUND","LEFT TURN","false","4","7.5","2.517","19.475","21.881","10","7","2022","7","0","5","900"
"54e3741d492977738fcea49677586fa5","6502","2022-10-07T07:00:00.000","PLEASANT VALLEY RD / ELMONT DR","EASTBOUND","LEFT TURN","true","2","10.0","2.828","2.8","3.394","10","7","2022","7","0","5","900"
"5e2ad0a459d4236a1a7a31924c8569e5","6502","2022-10-07T07:00:00.000","PLEASANT VALLEY RD / ELMONT DR","EASTBOUND","THRU","false","8","11.25","7.741","16.225","26.175","10","7","2022","7","0","5","900"
"c30b2788c26b97199c4affbc75c94f6a","6502","2022-10-07T07:00:00.000","PLEASANT VALLEY RD / ELMONT DR","EASTBOUND","THRU","true","1","17.0","0.0","4.9","0.0","10","7","2022","7","0","5","900"
"fb3dec544074d05db7af4896556038c8","6502","2022-10-07T07:00:00.000","PLEASANT VALLEY RD / ELMONT DR","NORTHBOUND","LEFT TURN","false","3","13.0","6.557","5.433","7.215","10","7","2022","7","0","5","900"
"482dda83294dfe5781e11766a315d729","6502","2022-10-07T07:00:00.000","PLEASANT VALLEY RD / ELMONT DR","NORTHBOUND","LEFT TURN","true","1","12.0","0.0","0.3","0.0","10","7","2022","7","0","5","900"
"c652525b3026f8329072c6a4a5e95e00","6502","2022-10-07T07:00:00.000","PLEASANT VALLEY RD / ELMONT DR","NORTHBOUND","THRU","false","31","30.419","14.705","1.929","1.47","10","7","2022","7","0","5","900"
"96b194a3de99db9adf9b5ed8851bf5f9","6502","2022-10-07T07:00:00.000","PLEASANT VALLEY RD / ELMONT DR","NORTHBOUND","THRU","true","1","36.0","0.0","2.6","0.0","10","7","2022","7","0","5","900"
"55615413dcc46ce501cc6080c617546d","6502","2022-10-07T07:00:00.000","PLEASANT VALLEY RD / ELMONT DR","SOUTHBOUND","LEFT TURN","false","1","10.0","0.0","21.9","0.0","10","7","2022","7","0","5","900"
"2a9ccb90d646bb8c373f1300c7dd6780","6502","2022-10-07T07:00:00.000","PLEASANT VALLEY RD / ELMONT DR","SOUTHBOUND","LEFT TURN","true","1","21.0","0.0","2.6","0.0","10","7","2022","7","0","5","900"
"722c4708e1a4582474a9106ae88d6d6f","6502","2022-10-07T07:00:00.000","PLEASANT VALLEY RD / ELMONT DR","SOUTHBOUND","THRU","false","19","27.684","13.861","4.089","4.958","10","7","2022","7","0","5","900"
"2a3321f18eb5e45a93495aec73e936f7","6502","2022-10-07T07:00:00.000","PLEASANT VALLEY RD / ELMONT DR","SOUTHBOUND","THRU","true","2","32.5","3.536","2.1","0.283","10","7","2022","7","0","5","900"
"c2277a4166dd872ad479376f02cf00ad","6502","2022-10-07T07:00:00.000","PLEASANT VALLEY RD / ELMONT DR","WESTBOUND","LEFT TURN","false","1","3.0","0.0","1.7","0.0","10","7","2022","7","0","5","900"
"87162e599930cbd710b53c27cf341169","6502","2022-10-07T07:00:00.000","PLEASANT VALLEY RD / ELMONT DR","WESTBOUND","RIGHT TURN","false","1","6.0","0.0","4.4","0.0","10","7","2022","7","0","5","900"
"cffc703777e37cf68502f794321f21f7","6502","2022-10-07T07:00:00.000","PLEASANT VALLEY RD / ELMONT DR","WESTBOUND","THRU","false","9","11.222","4.236","5.178","9.535","10","7","2022","7","0","5","900"
"c3e7d5fa669dc5e286a7ed310404d8dd","6502","2022-10-07T07:00:00.000","PLEASANT VALLEY RD / ELMONT DR","WESTBOUND","THRU","true","2","0.0","0.0","4.35","6.01","10","7","2022","7","0","5","900"
"f0f2eca48919dacd91da50e563f4537d","6502","2022-10-07T07:15:00.000","PLEASANT VALLEY RD / ELMONT DR","EASTBOUND","LEFT TURN","false","3","7.0","6.0","0.633","0.751","10","7","2022","7","15","5","900"
"876a663d4a1d486845d77143c9faffd8","6502","2022-10-07T07:15:00.000","PLEASANT VALLEY RD / ELMONT DR","EASTBOUND","RIGHT TURN","false","3","12.333","13.051","2.767","3.066","10","7","2022","7","15","5","900"
"91a36b0f919e21103cee1f7004ad714d","6502","2022-10-07T07:15:00.000","PLEASANT VALLEY RD / ELMONT DR","EASTBOUND","RIGHT TURN","true","1","19.0","0.0","3.1","0.0","10","7","2022","7","15","5","900"
"0f56c5b66aaa6a01c989f7e65058ba0e","6502","2022-10-07T07:15:00.000","PLEASANT VALLEY RD / ELMONT DR","EASTBOUND","THRU","false","3","11.0","7.55","7.833","4.561","10","7","2022","7","15","5","900"
"ea394509b42baab8c3975a2a68584b80","6502","2022-10-07T07:15:00.000","PLEASANT VALLEY RD / ELMONT DR","EASTBOUND","THRU","true","1","16.0","0.0","8.1","0.0","10","7","2022","7","15","5","900"
"cf89f66c5942761dc6af2e90178cb942","6502","2022-10-07T07:15:00.000","PLEASANT VALLEY RD / ELMONT DR","NORTHBOUND","LEFT TURN","false","3","10.0","6.245","9.067","8.804","10","7","2022","7","15","5","900"
"b56a73ed732cbc671aa61615f39b817b","6502","2022-10-07T07:15:00.000","PLEASANT VALLEY RD / ELMONT DR","NORTHBOUND","LEFT TURN","true","1","6.0","0.0","5.6","0.0","10","7","2022","7","15","5","900"
"1fdbf5e2e5b8c9ef469a5966487b357f","6502","2022-10-07T07:15:00.000","PLEASANT VALLEY RD / ELMONT DR","NORTHBOUND","THRU","false","57","27.93","11.163","3.068","5.254","10","7","2022","7","15","5","900"
"e29c9d732e9af7e4a0c1fffb8c9a892e","6502","2022-10-07T07:15:00.000","PLEASANT VALLEY RD / ELMONT DR","NORTHBOUND","THRU","true","11","29.0","10.1","3.582","6.203","10","7","2022","7","15","5","900"
"2fc749d22873f394e7a7c1cc5169bd66","6502","2022-10-07T07:15:00.000","PLEASANT VALLEY RD / ELMONT DR","SOUTHBOUND","LEFT TURN","false","6","19.333","18.173","5.017","4.165","10","7","2022","7","15","5","900"
"8f76d4c5df374b87fec0a764e13dd3cd","6502","2022-10-07T07:15:00.000","PLEASANT VALLEY RD / ELMONT DR","SOUTHBOUND","LEFT TURN","true","3","16.333","3.786","5.133","3.009","10","7","2022","7","15","5","900"
"c6970d790224c27c357100d1eeafd121","6502","2022-10-07T07:15:00.000","PLEASANT VALLEY RD / ELMONT DR","SOUTHBOUND","RIGHT TURN","false","2","16.0","2.828","2.6","0.283","10","7","2022","7","15","5","900"
"f8c26055a54e130be4295b66fe32b120","6502","2022-10-07T07:15:00.000","PLEASANT VALLEY RD / ELMONT DR","SOUTHBOUND","THRU","false","41","22.463","14.721","3.544","4.173","10","7","2022","7","15","5","900"
"0ca903aee4c7a184213a1bf05e83797a","6502","2022-10-07T07:15:00.000","PLEASANT VALLEY RD / ELMONT DR","SOUTHBOUND","THRU","true","6","28.667","8.869","2.917","3.01","10","7","2022","7","15","5","900"
"03188eddf1b3f060719dab9f9eb735f5","6502","2022-10-07T07:15:00.000","PLEASANT VALLEY RD / ELMONT DR","WESTBOUND","RIGHT TURN","false","8","9.5","4.44","2.825","2.041","10","7","2022","7","15","5","900"
"7c3750817e30c26da54a61348507a2c1","6502","2022-10-07T07:15:00.000","PLEASANT VALLEY RD / ELMONT DR","WESTBOUND","THRU","false","9","8.556","5.94","23.233","42.009","10","7","2022","7","15","5","900"
"95af26535ecfdf0eccc261ad8f85aa0a","6502","2022-10-07T07:30:00.000","PLEASANT VALLEY RD / ELMONT DR","EASTBOUND","LEFT TURN","false","3","7.0","5.568","2.6","0.529","10","7","2022","7","30","5","900"
"5a43bee31b6d805d4fa82df5330567da","6502","2022-10-07T07:30:00.000","PLEASANT VALLEY RD / ELMONT DR","EASTBOUND","RIGHT TURN","false","1","0.0","0.0","0.2","0.0","10","7","2022","7","30","5","900"
"54f4b8111f955088f9c08a1f5efafc6b","6502","2022-10-07T07:30:00.000","PLEASANT VALLEY RD / ELMONT DR","EASTBOUND","RIGHT TURN","true","1","14.0","0.0","3.4","0.0","10","7","2022","7","30","5","900"
"b71f96e9385197fb32c9b8e537fd7301","6502","2022-10-07T07:30:00.000","PLEASANT VALLEY RD / ELMONT DR","EASTBOUND","THRU","false","3","16.333","11.93","1.967","1.823","10","7","2022","7","30","5","900"
"1ea558f31c894d6a6268bf6886f3aed1","6502","2022-10-07T07:30:00.000","PLEASANT VALLEY RD / ELMONT DR","EASTBOUND","THRU","true","3","9.667","7.095","16.367","27.137","10","7","2022","7","30","5","900"
"8f2bac7afa8ac9244da35b7d44284917","6502","2022-10-07T07:30:00.000","PLEASANT VALLEY RD / ELMONT DR","NORTHBOUND","LEFT TURN","false","2","19.0","0.0","2.75","0.495","10","7","2022","7","30","5","900"
"f4c7aa1823a73c27b1d6e1c1d2b5106c","6502","2022-10-07T07:30:00.000","PLEASANT VALLEY RD / ELMONT DR","NORTHBOUND","LEFT TURN","true","1","20.0","0.0","2.4","0.0","10","7","2022","7","30","5","900"
"479a350e3456962249901263e1d25a62","6502","2022-10-07T07:30:00.000","PLEASANT VALLEY RD / ELMONT DR","NORTHBOUND","THRU","false","47","28.489","14.079","3.332","5.532","10","7","2022","7","30","5","900"
"57694a5efe0436a43115736fc7f8e7d6","6502","2022-10-07T07:30:00.000","PLEASANT VALLEY RD / ELMONT DR","NORTHBOUND","THRU","true","6","30.167","22.516","1.75","2.807","10","7","2022","7","30","5","900"
"636d953e3c62cfbb1137475c62919a3c","6502","2022-10-07T07:30:00.000","PLEASANT VALLEY RD / ELMONT DR","SOUTHBOUND","LEFT TURN","false","9","12.111","6.972","4.644","4.676","10","7","2022","7","30","5","900"
"45a54b7e26f5aea5b74f84e1c5a08c13","6502","2022-10-07T07:30:00.000","PLEASANT VALLEY RD / ELMONT DR","SOUTHBOUND","LEFT TURN","true","2","15.0","4.243","2.35","2.051","10","7","2022","7","30","5","900"
"6b524870c09d8e888658566673b55352","6502","2022-10-07T07:30:00.000","PLEASANT VALLEY RD / ELMONT DR","SOUTHBOUND","RIGHT TURN","false","3","15.333","0.577","3.2","0.2","10","7","2022","7","30","5","900"
"a5c36108931cd9298e66252550dcb146","6502","2022-10-07T07:30:00.000","PLEASANT VALLEY RD / ELMONT DR","SOUTHBOUND","THRU","false","18","32.0","17.085","4.417","6.39","10","7","2022","7","30","5","900"
"1fa61935cf678335870530818f5ab020","6502","2022-10-07T07:30:00.000","PLEASANT VALLEY RD / ELMONT DR","SOUTHBOUND","THRU","true","3","28.0","9.644","1.2","1.442","10","7","2022","7","30","5","900"
"7c184c781bcc3824549ec09660f6cf01","6502","2022-10-07T07:30:00.000","PLEASANT VALLEY RD / ELMONT DR","WESTBOUND","RIGHT TURN","false","15","9.467","4.627","5.713","6.67","10","7","2022","7","30","5","900"
"3c8f535b8baa0581baf6d2260a4972d2","6502","2022-10-07T07:30:00.000","PLEASANT VALLEY RD / ELMONT DR","WESTBOUND","THRU","false","11","8.182","4.262","12.745","25.51","10","7","2022","7","30","5","900"
"c80d89dd375fabb639a0063e1fcecc4b","6502","2022-10-07T07:30:00.000","PLEASANT VALLEY RD / ELMONT DR","WESTBOUND","THRU","true","2","19.5","4.95","1.0","1.131","10","7","2022","7","30","5","900"
"790a801f653d4103254935f1ce9b1686","6502","2022-10-07T07:45:00.000","PLEASANT VALLEY RD / ELMONT DR","EASTBOUND","LEFT TURN","false","1","0.0","0.0","0.2","0.0","10","7","2022","7","45","5","900"
"1ce582d2a958c113848e97a70afe5b9a","6502","2022-10-07T07:45:00.000","PLEASANT VALLEY RD / ELMONT DR","EASTBOUND","LEFT TURN","true","3","14.0","7.0","3.5","5.22","10","7","2022","7","45","5","900"
"76d4230c9b88b2d54c4c2789cbeed190","6502","2022-10-07T07:45:00.000","PLEASANT VALLEY RD / ELMONT DR","EASTBOUND","RIGHT TURN","false","1","22.0","0.0","1.5","0.0","10","7","2022","7","45","5","900"
"5b1c3f636ec2bec3f7dba6ef8b29442d","6502","2022-10-07T07:45:00.000","PLEASANT VALLEY RD / ELMONT DR","EASTBOUND","THRU","false","5","14.8","19.867","1.56","2.308","10","7","2022","7","45","5","900"
"9aed13b38afdfc72441f355837a52e3b","6502","2022-10-07T07:45:00.000","PLEASANT VALLEY RD / ELMONT DR","NORTHBOUND","LEFT TURN","false","4","19.5","3.512","3.225","1.282","10","7","2022","7","45","5","900"
"e66b23f1f3190f8b661271c4d48ae4ee","6502","2022-10-07T07:45:00.000","PLEASANT VALLEY RD / ELMONT DR","NORTHBOUND","RIGHT TURN","false","2","8.5","6.364","6.3","1.273","10","7","2022","7","45","5","900"
"1c7921281831d47f104e853e5e0fbe09","6502","2022-10-07T07:45:00.000","PLEASANT VALLEY RD / ELMONT DR","NORTHBOUND","THRU","false","67","26.463","13.593","1.969","1.516","10","7","2022","7","45","5","900"
"c719919a0973424eaa5593ba1601c8d2","6502","2022-10-07T07:45:00.000","PLEASANT VALLEY RD / ELMONT DR","NORTHBOUND","THRU","true","9","20.778","15.643","3.644","4.991","10","7","2022","7","45","5","900"
"b53e98fd19866e8ee09c6e8ae6e23055","6502","2022-10-07T07:45:00.000","PLEASANT VALLEY RD / ELMONT DR","SOUTHBOUND","LEFT TURN","false","6","18.5","7.314","3.717","4.637","10","7","2022","7","45","5","900"
"3344d5cb1e8c969f9a381558f88213b3","6502","2022-10-07T07:45:00.000","PLEASANT VALLEY RD / ELMONT DR","SOUTHBOUND","LEFT TURN","true","1","10.0","0.0","4.3","0.0","10","7","2022","7","45","5","900"
"cd9f5e794789c24317aa5d2b8ef0fdef","6502","2022-10-07T07:45:00.000","PLEASANT VALLEY RD / ELMONT DR","SOUTHBOUND","RIGHT TURN","false","1","17.0","0.0","2.8","0.0","10","7","2022","7","45","5","900"
"689029751a9cc2845344ba19ca40f3b1","6502","2022-10-07T07:45:00.000","PLEASANT VALLEY RD / ELMONT DR","SOUTHBOUND","THRU","false","39","26.538","14.691","1.297","1.414","10","7","2022","7","45","5","900"
"750661e9a9524421fc6758c7ea9a4a13","6502","2022-10-07T07:45:00.000","PLEASANT VALLEY RD / ELMONT DR","SOUTHBOUND","THRU","true","2","18.0","22.627","3.8","4.808","10","7","2022","7","45","5","900"
"1da7eba59095c85263beeefc37480769","6502","2022-10-07T07:45:00.000","PLEASANT VALLEY RD / ELMONT DR","WESTBOUND","RIGHT TURN","false","8","10.625","3.42","3.075","1.611","10","7","2022","7","45","5","900"
"ca36c9c5e91fa65c11c8896e4ecc4b0b","6502","2022-10-07T07:45:00.000","PLEASANT VALLEY RD / ELMONT DR","WESTBOUND","THRU","false","6","8.333","5.68","10.333","13.261","10","7","2022","7","45","5","900"
"67aa55a6610b1ea8eab46dfbab63f9d3","6502","2022-10-07T07:45:00.000","PLEASANT VALLEY RD / ELMONT DR","WESTBOUND","THRU","true","1","3.0","0.0","5.7","0.0","10","7","2022","7","45","5","900"
"d3718766d4f13165fa4953baf08432cb","6502","2022-10-07T08:00:00.000","PLEASANT VALLEY RD / ELMONT DR","EASTBOUND","LEFT TURN","false","5","3.8","3.834","9.22","18.085","10","7","2022","8","0","5","900"
"ddfc9359613083a6b55d8768b4ee0abf","6502","2022-10-07T08:00:00.000","PLEASANT VALLEY RD / ELMONT DR","EASTBOUND","THRU","false","4","13.5","10.472","2.925","2.065","10","7","2022","8","0","5","900"
"a876d5e0d2b0d9ecf7ea8b72e651d412","6502","2022-10-07T08:00:00.000","PLEASANT VALLEY RD / ELMONT DR","EASTBOUND","THRU","true","1","10.0","0.0","59.4","0.0","10","7","2022","8","0","5","900"
"7595cad1342e90888b7af2fd42501d4d","6502","2022-10-07T08:00:00.000","PLEASANT VALLEY RD / ELMONT DR","NORTHBOUND","LEFT TURN","false","3","12.667","5.859","3.033","0.551","10","7","2022","8","0","5","900"
"ecd3acc2848f3be804ab9e9f76a031c5","6502","2022-10-07T08:00:00.000","PLEASANT VALLEY RD / ELMONT DR","NORTHBOUND","RIGHT TURN","false","3","10.667","3.512","8.133","10.372","10","7","2022","8","0","5","900"
"d5aa9312910fe784e06358d171df5fd0","6502","2022-10-07T08:00:00.000","PLEASANT VALLEY RD / ELMONT DR","NORTHBOUND","THRU","false","34","26.441","13.679","3.191","5.982","10","7","2022","8","0","5","900"
"1cb1d9a5cd1039c4e1b18ed4d187c957","6502","2022-10-07T08:00:00.000","PLEASANT VALLEY RD / ELMONT DR","NORTHBOUND","THRU","true","17","21.588","12.016","3.506","6.882","10","7","2022","8","0","5","900"
"3836a12b97294330b2eda6a96a5fa4ac","6502","2022-10-07T08:00:00.000","PLEASANT VALLEY RD / ELMONT DR","SOUTHBOUND","LEFT TURN","false","9","14.556","8.233","3.033","2.216","10","7","2022","8","0","5","900"
"ccfd14a81d99e5e508b540ce76721e42","6502","2022-10-07T08:00:00.000","PLEASANT VALLEY RD / ELMONT DR","SOUTHBOUND","RIGHT TURN","false","1","13.0","0.0","4.8","0.0","10","7","2022","8","0","5","900"
"df1f5107be86765b186da4d8492da27e","6502","2022-10-07T08:00:00.000","PLEASANT VALLEY RD / ELMONT DR","SOUTHBOUND","THRU","false","22","28.591","16.023","1.441","1.668","10","7","2022","8","0","5","900"
"992b479616a61b9da372bf5874ee1ebe","6502","2022-10-07T08:00:00.000","PLEASANT VALLEY RD / ELMONT DR","SOUTHBOUND","THRU","true","9","20.444","11.77","1.667","1.52","10","7","2022","8","0","5","900"
"b2b13325811d0aa6a1e5c430d868d342","6502","2022-10-07T08:00:00.000","PLEASANT VALLEY RD / ELMONT DR","WESTBOUND","RIGHT TURN","false","12","12.083","8.929","6.833","13.535","10","7","2022","8","0","5","900"
"c034608a9a25cf8febdfaad80a93fb9a","6502","2022-10-07T08:00:00.000","PLEASANT VALLEY RD / ELMONT DR","WESTBOUND","THRU","false","5","8.6","5.683","0.64","0.945","10","7","2022","8","0","5","900"
"1e395d4e5d5c938e50bcd93c57217249","6502","2022-10-07T08:00:00.000","PLEASANT VALLEY RD / ELMONT DR","WESTBOUND","THRU","true","1","8.0","0.0","0.7","0.0","10","7","2022","8","0","5","900"
"1866362709e101e4c6fd5ffa1bc6b4d3","6502","2022-10-07T08:15:00.000","PLEASANT VALLEY RD / ELMONT DR","EASTBOUND","LEFT TURN","false","2","8.5","6.364","7.65","8.132","10","7","2022","8","15","5","900"
"2115dc5180aa37f069c5677b355d19a6","6502","2022-10-07T08:15:00.000","PLEASANT VALLEY RD / ELMONT DR","EASTBOUND","RIGHT TURN","false","2","26.5","19.092","16.55","19.163","10","7","2022","8","15","5","900"
"ec39935b762965086b7b2890cc3e0243","6502","2022-10-07T08:15:00.000","PLEASANT VALLEY RD / ELMONT DR","EASTBOUND","THRU","false","5","17.8","14.601","1.24","1.278","10","7","2022","8","15","5","900"
"6466feef75d78a0bd77c717741c4e832","6502","2022-10-07T08:15:00.000","PLEASANT VALLEY RD / ELMONT DR","EASTBOUND","THRU","true","1","11.0","0.0","33.3","0.0","10","7","2022","8","15","5","900"
"d30e809ba1e82ec64d330977d849ac28","6502","2022-10-07T08:15:00.000","PLEASANT VALLEY RD / ELMONT DR","NORTHBOUND","LEFT TURN","false","6","11.0","6.481","2.383","1.787","10","7","2022","8","15","5","900"
"f5e7e709cf07f3a5f02eba40662825c2","6502","2022-10-07T08:15:00.000","PLEASANT VALLEY RD / ELMONT DR","NORTHBOUND","LEFT TURN","true","1","9.0","0.0","3.4","0.0","10","7","2022","8","15","5","900"
"57bb8daa1391263f87570bf816b4fdc3","6502","2022-10-07T08:15:00.000","PLEASANT VALLEY RD / ELMONT DR","NORTHBOUND","RIGHT TURN","false","1","18.0","0.0","4.1","0.0","10","7","2022","8","15","5","900"
"d9077d0d477ceb1e4ef92dac291aefb8","6502","2022-10-07T08:15:00.000","PLEASANT VALLEY RD / ELMONT DR","NORTHBOUND","THRU","false","60","28.383","13.269","2.982","6.64","10","7","2022","8","15","5","900"
"7dc22137ed809a9bd794b76cbdca4049","6502","2022-10-07T08:15:00.000","PLEASANT VALLEY RD / ELMONT DR","NORTHBOUND","THRU","true","8","23.875","13.163","10.038","11.775","10","7","2022","8","15","5","900"
"5bd187b55ab3458c6466da058e9ecbe8","6502","2022-10-07T08:15:00.000","PLEASANT VALLEY RD / ELMONT DR","SOUTHBOUND","LEFT TURN","false","4","11.25","7.632","1.85","1.708","10","7","2022","8","15","5","900"
"bc5eacf2d48cdf2535b6f96e1e6944bd","6502","2022-10-07T08:15:00.000","PLEASANT VALLEY RD / ELMONT DR","SOUTHBOUND","LEFT TURN","true","1","8.0","0.0","16.4","0.0","10","7","2022","8","15","5","900"
"6d4af6265f2c297f64bf1be08cfcf442","6502","2022-10-07T08:15:00.000","PLEASANT VALLEY RD / ELMONT DR","SOUTHBOUND","RIGHT TURN","false","3","15.333","3.786","2.633","0.208","10","7","2022","8","15","5","900"
"ed040f7ed36731d880c74af6c35f49c0","6502","2022-10-07T08:15:00.000","PLEASANT VALLEY RD / ELMONT DR","SOUTHBOUND","RIGHT TURN","true","1","8.0","0.0","4.2","0.0","10","7","2022","8","15","5","900"
"0eff9fae2d323985c02c1aca77c9c81d","6502","2022-10-07T08:15:00.000","PLEASANT VALLEY RD / ELMONT DR","SOUTHBOUND","THRU","false","21","23.571","14.119","1.529","2.235","10","7","2022","8","15","5","900"
"b9ca3f44893ee91e9d9bf8ff988cb012","6502","2022-10-07T08:15:00.000","PLEASANT VALLEY RD / ELMONT DR","SOUTHBOUND","THRU","true","7","23.714","14.221","3.314","5.679","10","7","2022","8","15","5","900"
"701f83daf9f89f724458ec7ad59443ac","6502","2022-10-07T08:15:00.000","PLEASANT VALLEY RD / ELMONT DR","WESTBOUND","LEFT TURN","false","1","3.0","0.0","3.1","0.0","10","7","2022","8","15","5","900"
"61cc1ba25e3f362333dfae794e95d4da","6502","2022-10-07T08:15:00.000","PLEASANT VALLEY RD / ELMONT DR","WESTBOUND","RIGHT TURN","false","4","5.5","1.732","13.975","19.647","10","7","2022","8","15","5","900"
"464b7586a157b1d749e614922f5d42e9","6502","2022-10-07T08:15:00.000","PLEASANT VALLEY RD / ELMONT DR","WESTBOUND","THRU","false","14","10.143","6.597","20.064","46.192","10","7","2022","8","15","5","900"
"1030cc63290d24ca010b21b18ff1b170","6502","2022-10-07T08:15:00.000","PLEASANT VALLEY RD / ELMONT DR","WESTBOUND","THRU","true","2","13.0","1.414","30.0","41.861","10","7","2022","8","15","5","900"
"72fe68b0ecb34067860a702383f643fc","6502","2022-10-07T08:30:00.000","PLEASANT VALLEY RD / ELMONT DR","EASTBOUND","LEFT TURN","false","4","23.25","30.203","0.45","0.9","10","7","2022","8","30","5","900"
"4710001a4130df15d25b351926c3a171","6502","2022-10-07T08:30:00.000","PLEASANT VALLEY RD / ELMONT DR","EASTBOUND","RIGHT TURN","false","3","18.0","3.464","4.467","1.447","10","7","2022","8","30","5","900"
"9ca1df98b6490d4b4ad1d4b6a8c7d3da","6502","2022-10-07T08:30:00.000","PLEASANT VALLEY RD / ELMONT DR","EASTBOUND","RIGHT TURN","true","1","12.0","0.0","1.8","0.0","10","7","2022","8","30","5","900"
"29651e1a64dcfbd3ed4e4c40259c2aaf","6502","2022-10-07T08:30:00.000","PLEASANT VALLEY RD / ELMONT DR","EASTBOUND","THRU","false","5","7.0","9.618","3.24","3.204","10","7","2022","8","30","5","900"
"132a3885841dfe47d8fca3296f9ca6b8","6502","2022-10-07T08:30:00.000","PLEASANT VALLEY RD / ELMONT DR","EASTBOUND","THRU","true","3","13.667","2.887","8.6","9.258","10","7","2022","8","30","5","900"
"d0e5620b05b58d257f61fa906c6bd18c","6502","2022-10-07T08:30:00.000","PLEASANT VALLEY RD / ELMONT DR","NORTHBOUND","LEFT TURN","false","5","12.0","8.631","1.1","0.644","10","7","2022","8","30","5","900"
"101d5e575791d7fadb7da4e650525ad0","6502","2022-10-07T08:30:00.000","PLEASANT VALLEY RD / ELMONT DR","NORTHBOUND","LEFT TURN","true","2","10.0","8.485","15.6","17.536","10","7","2022","8","30","5","900"
"5182597a75d1ca88981281aa224b4308","6502","2022-10-07T08:30:00.000","PLEASANT VALLEY RD / ELMONT DR","NORTHBOUND","RIGHT TURN","false","2","15.5","0.707","2.9","0.141","10","7","2022","8","30","5","900"
"e8084870291352095b516ef7695c019f","6502","2022-10-07T08:30:00.000","PLEASANT VALLEY RD / ELMONT DR","NORTHBOUND","THRU","false","50","30.16","13.77","2.684","3.843","10","7","2022","8","30","5","900"
"bfe11573a99d73f737493eaeb86a59a3","6502","2022-10-07T08:30:00.000","PLEASANT VALLEY RD / ELMONT DR","NORTHBOUND","THRU","true","9","33.0","7.874","1.089","0.752","10","7","2022","8","30","5","900"
"00a6725f6070756ef09f3a3c13be7c5a","6502","2022-10-07T08:30:00.000","PLEASANT VALLEY RD / ELMONT DR","SOUTHBOUND","LEFT TURN","false","4","14.0","10.132","4.3","3.004","10","7","2022","8","30","5","900"
"6676abef75d470aa41b18c8142fbe1b5","6502","2022-10-07T08:30:00.000","PLEASANT VALLEY RD / ELMONT DR","SOUTHBOUND","RIGHT TURN","true","1","10.0","0.0","0.1","0.0","10","7","2022","8","30","5","900"
"d58d5e5ee70536d5b2c7cbc587e034c8","6502","2022-10-07T08:30:00.000","PLEASANT VALLEY RD / ELMONT DR","SOUTHBOUND","THRU","false","45","26.578","13.993","1.751","2.88","10","7","2022","8","30","5","900"
"cd743e0fe50b96e3c5eab52738429420","6502","2022-10-07T08:30:00.000","PLEASANT VALLEY RD / ELMONT DR","SOUTHBOUND","THRU","true","3","28.333","18.175","4.4","5.575","10","7","2022","8","30","5","900"
"d53e477b37739fa389ee692be09169f1","6502","2022-10-07T08:30:00.000","PLEASANT VALLEY RD / ELMONT DR","WESTBOUND","RIGHT TURN","false","7","8.714","5.648","19.429","26.215","10","7","2022","8","30","5","900"
"dff32af972de82d9baf5329a7d309bb4","6502","2022-10-07T08:30:00.000","PLEASANT VALLEY RD / ELMONT DR","WESTBOUND","THRU","false","8","11.75","9.881","3.963","4.294","10","7","2022","8","30","5","900"
"cc59a45a5299359dc950c4dae314b1e7","6502","2022-10-07T08:45:00.000","PLEASANT VALLEY RD / ELMONT DR","EASTBOUND","LEFT TURN","false","3","9.667","9.866","0.2","0.346","10","7","2022","8","45","5","900"
"0acc1ee7d6ef225a86fbcfbfec550f3c","6502","2022-10-07T08:45:00.000","PLEASANT VALLEY RD / ELMONT DR","EASTBOUND","LEFT TURN","true","1","7.0","0.0","0.6","0.0","10","7","2022","8","45","5","900"
"3032850bcb790e6d80c7da98058f6402","6502","2022-10-07T08:45:00.000","PLEASANT VALLEY RD / ELMONT DR","EASTBOUND","RIGHT TURN","false","2","15.5","7.778","1.65","0.636","10","7","2022","8","45","5","900"
"692195d28a6884240e978e5dd3e9ef57","6502","2022-10-07T08:45:00.000","PLEASANT VALLEY RD / ELMONT DR","EASTBOUND","THRU","false","1","9.0","0.0","3.9","0.0","10","7","2022","8","45","5","900"
"70e55d7805a51c72281ef128632c1a1c","6502","2022-10-07T08:45:00.000","PLEASANT VALLEY RD / ELMONT DR","EASTBOUND","THRU","true","2","3.5","2.121","35.85","48.72","10","7","2022","8","45","5","900"
"434f073f573c16a15f8326fc87ad6b22","6502","2022-10-07T08:45:00.000","PLEASANT VALLEY RD / ELMONT DR","NORTHBOUND","LEFT TURN","false","3","14.0","3.606","1.967","1.801","10","7","2022","8","45","5","900"
"394a4d8c7eb64ca05eff36b3c19413e8","6502","2022-10-07T08:45:00.000","PLEASANT VALLEY RD / ELMONT DR","NORTHBOUND","RIGHT TURN","false","1","14.0","0.0","3.5","0.0","10","7","2022","8","45","5","900"
"c291df38581b266140c256a58476d824","6502","2022-10-07T08:45:00.000","PLEASANT VALLEY RD / ELMONT DR","NORTHBOUND","THRU","false","63","27.222","14.441","5.067","9.987","10","7","2022","8","45","5","900"
"20be817db395f5ac52732d887cade4bf","6502","2022-10-07T08:45:00.000","PLEASANT VALLEY RD / ELMONT DR","NORTHBOUND","THRU","true","7","32.143","5.367","1.343","0.914","10","7","2022","8","45","5","900"
"7edcd5157ee520be9d9f4036658bbe13","6502","2022-10-07T08:45:00.000","PLEASANT VALLEY RD / ELMONT DR","SOUTHBOUND","LEFT TURN","false","1","4.0","0.0","11.8","0.0","10","7","2022","8","45","5","900"
"966b4d7a9fc873904e7591fad2a1bcd5","6502","2022-10-07T08:45:00.000","PLEASANT VALLEY RD / ELMONT DR","SOUTHBOUND","RIGHT TURN","false","3","13.667","5.859","8.967","11.035","10","7","2022","8","45","5","900"
"312f237766c93770a4804aa92d3a06f0","6502","2022-10-07T08:45:00.000","PLEASANT VALLEY RD / ELMONT DR","SOUTHBOUND","THRU","false","44","25.614","15.351","2.284","3.404","10","7","2022","8","45","5","900"
"d7092a1c228a2ba929fd4a96afa18556","6502","2022-10-07T08:45:00.000","PLEASANT VALLEY RD / ELMONT DR","SOUTHBOUND","THRU","true","5","22.4","13.903","2.68","2.273","10","7","2022","8","45","5","900"
"26ec5bc6067de55371ff0fff21af1d68","6502","2022-10-07T08:45:00.000","PLEASANT VALLEY RD / ELMONT DR","WESTBOUND","RIGHT TURN","false","7","8.857","3.805","1.671","1.218","10","7","2022","8","45","5","900"
"282413baf1dcee2bae14865fb3b94893","6502","2022-10-07T08:45:00.000","PLEASANT VALLEY RD / ELMONT DR","WESTBOUND","THRU","false","12","8.75","6.047","12.008","23.122","10","7","2022","8","45","5","900"
"0bd2d028fb5a5ac6481ac5cd152898cd","6502","2022-10-07T09:00:00.000","PLEASANT VALLEY RD / ELMONT DR","EASTBOUND","LEFT TURN","false","1","10.0","0.0","2.3","0.0","10","7","2022","9","0","5","900"
"3f9d6567b30efd886e90e51442d87c0b","6502","2022-10-07T09:00:00.000","PLEASANT VALLEY RD / ELMONT DR","EASTBOUND","RIGHT TURN","false","4","9.0","6.976","3.375","2.141","10","7","2022","9","0","5","900"
"a6e6dca35c55edc2e2c9723d17f49f39","6502","2022-10-07T09:00:00.000","PLEASANT VALLEY RD / ELMONT DR","EASTBOUND","RIGHT TURN","true","1","8.0","0.0","0.4","0.0","10","7","2022","9","0","5","900"
"f1431acff657e5740b06bd9d9725e5fa","6502","2022-10-07T09:00:00.000","PLEASANT VALLEY RD / ELMONT DR","EASTBOUND","THRU","false","4","13.0","12.028","3.0","2.093","10","7","2022","9","0","5","900"
"603309df66d4a6d421644ce707bc0cde","6502","2022-10-07T09:00:00.000","PLEASANT VALLEY RD / ELMONT DR","EASTBOUND","THRU","true","2","5.5","6.364","12.15","12.233","10","7","2022","9","0","5","900"
"34209d574d2c8f35776049a45ab39b85","6502","2022-10-07T09:00:00.000","PLEASANT VALLEY RD / ELMONT DR","NORTHBOUND","LEFT TURN","false","3","19.333","1.528","2.467","0.321","10","7","2022","9","0","5","900"
"b02d3bc86bbfdb6e6c0476e3a173fa8f","6502","2022-10-07T09:00:00.000","PLEASANT VALLEY RD / ELMONT DR","NORTHBOUND","LEFT TURN","true","1","8.0","0.0","3.1","0.0","10","7","2022","9","0","5","900"
"06ed0176bea947a4a9c8d9bcc1388dd5","6502","2022-10-07T09:00:00.000","PLEASANT VALLEY RD / ELMONT DR","NORTHBOUND","THRU","false","52","25.308","13.827","3.267","6.053","10","7","2022","9","0","5","900"
"adcd3b0911e10ca731a1fce0bc422fc5","6502","2022-10-07T09:00:00.000","PLEASANT VALLEY RD / ELMONT DR","NORTHBOUND","THRU","true","13","26.769","12.65","1.985","1.845","10","7","2022","9","0","5","900"
"412bdf79171cbc498583bd65a5df0449","6502","2022-10-07T09:00:00.000","PLEASANT VALLEY RD / ELMONT DR","SOUTHBOUND","LEFT TURN","false","8","12.625","6.718","2.4","1.634","10","7","2022","9","0","5","900"
"0b7dcd94be483a1385928e26cb443035","6502","2022-10-07T09:00:00.000","PLEASANT VALLEY RD / ELMONT DR","SOUTHBOUND","LEFT TURN","true","1","13.0","0.0","0.3","0.0","10","7","2022","9","0","5","900"
"737fd68483bba29a073845cfd2054f4e","6502","2022-10-07T09:00:00.000","PLEASANT VALLEY RD / ELMONT DR","SOUTHBOUND","RIGHT TURN","false","5","15.0","5.339","1.58","1.035","10","7","2022","9","0","5","900"
"25ee34b61196ecc98c5be7bab794c2e8","6502","2022-10-07T09:00:00.000","PLEASANT VALLEY RD / ELMONT DR","SOUTHBOUND","THRU","false","36","26.139","13.955","2.256","3.066","10","7","2022","9","0","5","900"
"afb5f4b504e2ddf563a5a1d5becf8e97","6502","2022-10-07T09:00:00.000","PLEASANT VALLEY RD / ELMONT DR","SOUTHBOUND","THRU","true","6","26.667","14.208","1.1","0.701","10","7","2022","9","0","5","900"
"7ad1739d4dfe57e9e6393714fe3d00cd","6502","2022-10-07T09:00:00.000","PLEASANT VALLEY RD / ELMONT DR","WESTBOUND","RIGHT TURN","false","2","12.5","9.192","1.35","1.344","10","7","2022","9","0","5","900"
"117a69260ec4f3d6584d07a624c22a40","6502","2022-10-07T09:00:00.000","PLEASANT VALLEY RD / ELMONT DR","WESTBOUND","THRU","false","8","8.875","5.055","4.95","8.072","10","7","2022","9","0","5","900"
"22a04e6b3a663c9ec5a7739d359fb456","6502","2022-10-07T09:15:00.000","PLEASANT VALLEY RD / ELMONT DR","EASTBOUND","LEFT TURN","false","1","25.0","0.0","2.2","0.0","10","7","2022","9","15","5","900"
"47ff1bad6b3ae1ceb4dea92ab2db29dd","6502","2022-10-07T09:15:00.000","PLEASANT VALLEY RD / ELMONT DR","EASTBOUND","RIGHT TURN","false","4","13.0","2.449","3.0","1.163","10","7","2022","9","15","5","900"
"5bbcf752e57d862e0829178520da1f5c","6502","2022-10-07T09:15:00.000","PLEASANT VALLEY RD / ELMONT DR","EASTBOUND","THRU","false","1","13.0","0.0","0.4","0.0","10","7","2022","9","15","5","900"
"09baf4388f6ee2d0fca8a3bb39694ac9","6502","2022-10-07T09:15:00.000","PLEASANT VALLEY RD / ELMONT DR","EASTBOUND","THRU","true","2","7.5","6.364","1.5","0.283","10","7","2022","9","15","5","900"
"fd1f1000379f422e9ec3ad7186d5ec9c","6502","2022-10-07T09:15:00.000","PLEASANT VALLEY RD / ELMONT DR","NORTHBOUND","LEFT TURN","false","3","5.333","1.528","9.333","11.218","10","7","2022","9","15","5","900"
"7e66554fb66d44170fa273c8b0b51b06","6502","2022-10-07T09:15:00.000","PLEASANT VALLEY RD / ELMONT DR","NORTHBOUND","RIGHT TURN","false","2","17.5","3.536","2.05","1.344","10","7","2022","9","15","5","900"
"491a7d76423fe16e595a9550006e6e6e","6502","2022-10-07T09:15:00.000","PLEASANT VALLEY RD / ELMONT DR","NORTHBOUND","THRU","false","45","22.022","12.969","4.013","5.003","10","7","2022","9","15","5","900"
"3c78188191df386626d9767365bc9c44","6502","2022-10-07T09:15:00.000","PLEASANT VALLEY RD / ELMONT DR","NORTHBOUND","THRU","true","5","28.4","8.849","2.46","1.935","10","7","2022","9","15","5","900"
"6681be5dba9280d7909e020bf190a9ec","6502","2022-10-07T09:15:00.000","PLEASANT VALLEY RD / ELMONT DR","SOUTHBOUND","LEFT TURN","false","2","6.5","4.95","5.0","7.071","10","7","2022","9","15","5","900"
"143635f3bdf7dd08e21c3729fda5ce17","6502","2022-10-07T09:15:00.000","PLEASANT VALLEY RD / ELMONT DR","SOUTHBOUND","RIGHT TURN","false","2","20.0","1.414","2.6","0.424","10","7","2022","9","15","5","900"
"80eee99caf434e0155706657bd08434e","6502","2022-10-07T09:15:00.000","PLEASANT VALLEY RD / ELMONT DR","SOUTHBOUND","THRU","false","24","34.417","12.683","1.421","1.746","10","7","2022","9","15","5","900"
"c8a3584414816b99d2815aee482853d6","6502","2022-10-07T09:15:00.000","PLEASANT VALLEY RD / ELMONT DR","SOUTHBOUND","THRU","true","4","23.0","16.207","9.35","15.576","10","7","2022","9","15","5","900"
"0155cbc5d956f634edcc7c7bf6ed608c","6502","2022-10-07T09:15:00.000","PLEASANT VALLEY RD / ELMONT DR","WESTBOUND","RIGHT TURN","false","5","11.2","2.95","1.78","1.681","10","7","2022","9","15","5","900"
"a71591292861ca278c16132406677f0d","6502","2022-10-07T09:15:00.000","PLEASANT VALLEY RD / ELMONT DR","WESTBOUND","THRU","false","9","11.333","9.233","17.7","23.438","10","7","2022","9","15","5","900"
"d405317e8d210633de0ab09f8c35df6a","6502","2022-10-07T09:15:00.000","PLEASANT VALLEY RD / ELMONT DR","WESTBOUND","THRU","true","1","12.0","0.0","0.8","0.0","10","7","2022","9","15","5","900"
"418b8dbd8e1d0d720b6ca7fc7d92849f","6502","2022-10-07T09:30:00.000","PLEASANT VALLEY RD / ELMONT DR","EASTBOUND","LEFT TURN","false","1","2.0","0.0","0.0","0.0","10","7","2022","9","30","5","900"
"24021a3928b28c18c41b90af7add2434","6502","2022-10-07T09:30:00.000","PLEASANT VALLEY RD / ELMONT DR","EASTBOUND","LEFT TURN","true","1","12.0","0.0","0.7","0.0","10","7","2022","9","30","5","900"
"c40dc7aa6595e482df368183a44ea28d","6502","2022-10-07T09:30:00.000","PLEASANT VALLEY RD / ELMONT DR","EASTBOUND","THRU","false","4","39.25","37.062","1.375","1.943","10","7","2022","9","30","5","900"
"5c63ef56c894d47637ec0297c4364d0f","6502","2022-10-07T09:30:00.000","PLEASANT VALLEY RD / ELMONT DR","EASTBOUND","THRU","true","4","5.75","6.397","9.725","8.605","10","7","2022","9","30","5","900"
"3ca3ed0ac4e41125c6983dae0adfeeee","6502","2022-10-07T09:30:00.000","PLEASANT VALLEY RD / ELMONT DR","NORTHBOUND","LEFT TURN","false","2","11.5","9.192","2.1","1.838","10","7","2022","9","30","5","900"
"5b4b99f783a7e7534545edadb7157414","6502","2022-10-07T09:30:00.000","PLEASANT VALLEY RD / ELMONT DR","NORTHBOUND","THRU","false","48","24.312","14.289","3.188","5.191","10","7","2022","9","30","5","900"
"e002b9239411bc90a56763bdd3cf4314","6502","2022-10-07T09:30:00.000","PLEASANT VALLEY RD / ELMONT DR","NORTHBOUND","THRU","true","11","31.818","11.856","1.182","1.157","10","7","2022","9","30","5","900"
"78e91a84ebb8dadc5224bbab1b4a04d6","6502","2022-10-07T09:30:00.000","PLEASANT VALLEY RD / ELMONT DR","SOUTHBOUND","LEFT TURN","false","4","11.5","9.0","2.2","1.695","10","7","2022","9","30","5","900"
"ad747048c13143965930e34df68b03ae","6502","2022-10-07T09:30:00.000","PLEASANT VALLEY RD / ELMONT DR","SOUTHBOUND","RIGHT TURN","false","1","16.0","0.0","3.4","0.0","10","7","2022","9","30","5","900"
"a8f4b0a5051608be2e02ce7f1bc479e1","6502","2022-10-07T09:30:00.000","PLEASANT VALLEY RD / ELMONT DR","SOUTHBOUND","THRU","false","29","35.103","11.021","2.807","8.922","10","7","2022","9","30","5","900"
"7b173425ab7305730b0e24974b3907ae","6502","2022-10-07T09:30:00.000","PLEASANT VALLEY RD / ELMONT DR","SOUTHBOUND","THRU","true","4","25.25","19.449","1.525","0.78","10","7","2022","9","30","5","900"
"88d6d11d038aa4e709a0a6e8b62c35a3","6502","2022-10-07T09:30:00.000","PLEASANT VALLEY RD / ELMONT DR","WESTBOUND","LEFT TURN","false","2","12.5","0.707","1.0","0.566","10","7","2022","9","30","5","900"
"56f35b2f22c69409ae81de886fb059dd","6502","2022-10-07T09:30:00.000","PLEASANT VALLEY RD / ELMONT DR","WESTBOUND","RIGHT TURN","false","5","10.8","4.764","2.3","1.334","10","7","2022","9","30","5","900"
"9bc47b81cfd30b9d246f8113b484be71","6502","2022-10-07T09:30:00.000","PLEASANT VALLEY RD / ELMONT DR","WESTBOUND","THRU","false","13","9.308","5.202","6.754","10.561","10","7","2022","9","30","5","900"
"557b98b691fc59c8d7d81c3f1e57ea58","6502","2022-10-07T09:30:00.000","PLEASANT VALLEY RD / ELMONT DR","WESTBOUND","THRU","true","1","75.0","0.0","0.2","0.0","10","7","2022","9","30","5","900"
"e53c0f708a4be7ce8cd98d4b7ca759d6","6502","2022-10-07T09:45:00.000","PLEASANT VALLEY RD / ELMONT DR","EASTBOUND","LEFT TURN","false","3","12.0","12.124","0.633","1.097","10","7","2022","9","45","5","900"
"b1cc29deac7ab8395997d74764070d93","6502","2022-10-07T09:45:00.000","PLEASANT VALLEY RD / ELMONT DR","EASTBOUND","RIGHT TURN","false","2","9.0","4.243","5.7","0.283","10","7","2022","9","45","5","900"
"76deb1754ea962b0502ca0019bd118a8","6502","2022-10-07T09:45:00.000","PLEASANT VALLEY RD / ELMONT DR","EASTBOUND","THRU","false","6","9.333","8.733","10.833","21.102","10","7","2022","9","45","5","900"
"330eca69b78752633e74fbc298d5efc6","6502","2022-10-07T09:45:00.000","PLEASANT VALLEY RD / ELMONT DR","EASTBOUND","THRU","true","1","33.0","0.0","21.2","0.0","10","7","2022","9","45","5","900"
"ba8440cb3fce6b700408738182af831f","6502","2022-10-07T09:45:00.000","PLEASANT VALLEY RD / ELMONT DR","NORTHBOUND","LEFT TURN","false","1","24.0","0.0","1.8","0.0","10","7","2022","9","45","5","900"
"d03f7c8e9a5fecf3cd3bfd8d48fdeeff","6502","2022-10-07T09:45:00.000","PLEASANT VALLEY RD / ELMONT DR","NORTHBOUND","THRU","false","45","25.156","12.977","2.762","3.988","10","7","2022","9","45","5","900"
"3cbaad52fc7b4072636d56d87c27a4f0","6502","2022-10-07T09:45:00.000","PLEASANT VALLEY RD / ELMONT DR","NORTHBOUND","THRU","true","13","27.0","15.044","2.008","2.558","10","7","2022","9","45","5","900"
"3299b100f10790591842fe0090022310","6502","2022-10-07T09:45:00.000","PLEASANT VALLEY RD / ELMONT DR","SOUTHBOUND","LEFT TURN","false","3","6.0","7.81","9.7","10.349","10","7","2022","9","45","5","900"
"8c3edf429d0fdb85fc8f7e2bd9c1d5e9","6502","2022-10-07T09:45:00.000","PLEASANT VALLEY RD / ELMONT DR","SOUTHBOUND","RIGHT TURN","false","2","16.5","2.121","2.95","0.495","10","7","2022","9","45","5","900"
"c158f45214aed82ace4e478f62a5772a","6502","2022-10-07T09:45:00.000","PLEASANT VALLEY RD / ELMONT DR","SOUTHBOUND","THRU","false","35","32.6","14.685","1.134","0.906","10","7","2022","9","45","5","900"
"619b82db89c0af3c626b187f5d6b5cb2","6502","2022-10-07T09:45:00.000","PLEASANT VALLEY RD / ELMONT DR","SOUTHBOUND","THRU","true","3","29.0","20.785","0.8","0.8","10","7","2022","9","45","5","900"
"11372fccacdb15119020c20fb76f26e7","6502","2022-10-07T09:45:00.000","PLEASANT VALLEY RD / ELMONT DR","WESTBOUND","RIGHT TURN","false","4","10.75","2.986","2.875","0.55","10","7","2022","9","45","5","900"
"967ea76ffd791a71dbcfd0a021b9a5cc","6502","2022-10-07T09:45:00.000","PLEASANT VALLEY RD / ELMONT DR","WESTBOUND","THRU","false","6","11.167","5.492","1.567","1.242","10","7","2022","9","45","5","900"
"35a807638c0f2f8377465a84cd12fef5","6502","2022-10-07T10:00:00.000","PLEASANT VALLEY RD / ELMONT DR","EASTBOUND","LEFT TURN","false","2","8.0","8.485","4.35","1.909","10","7","2022","10","0","5","900"
"2cf8761a53b21706485adc904a21bc5a","6502","2022-10-07T10:00:00.000","PLEASANT VALLEY RD / ELMONT DR","EASTBOUND","LEFT TURN","true","1","9.0","0.0","2.6","0.0","10","7","2022","10","0","5","900"
"3d52a7918abe2f620a88d8007cabc0f5","6502","2022-10-07T10:00:00.000","PLEASANT VALLEY RD / ELMONT DR","EASTBOUND","THRU","false","7","9.571","6.188","2.914","2.928","10","7","2022","10","0","5","900"
"7a35f91f6289a4c8f5a16021a79a274d","6502","2022-10-07T10:00:00.000","PLEASANT VALLEY RD / ELMONT DR","EASTBOUND","THRU","true","3","13.0","11.0","4.567","4.104","10","7","2022","10","0","5","900"
"db676b7d9f7ce14032f919405265ffe4","6502","2022-10-07T10:00:00.000","PLEASANT VALLEY RD / ELMONT DR","NORTHBOUND","LEFT TURN","false","1","8.0","0.0","1.2","0.0","10","7","2022","10","0","5","900"
"3e915ff209eb1698f8b11ecb429c801c","6502","2022-10-07T10:00:00.000","PLEASANT VALLEY RD / ELMONT DR","NORTHBOUND","RIGHT TURN","false","1","13.0","0.0","3.4","0.0","10","7","2022","10","0","5","900"
"89a2c2c779ed10134145ab756bf27461","6502","2022-10-07T10:00:00.000","PLEASANT VALLEY RD / ELMONT DR","NORTHBOUND","THRU","false","37","19.946","13.187","5.359","9.274","10","7","2022","10","0","5","900"
"dd563395e592fabc63fd0aaa17204670","6502","2022-10-07T10:00:00.000","PLEASANT VALLEY RD / ELMONT DR","NORTHBOUND","THRU","true","13","29.615","19.259","4.769","8.97","10","7","2022","10","0","5","900"
"c3f02632da263247325b408de94ee8d9","6502","2022-10-07T10:00:00.000","PLEASANT VALLEY RD / ELMONT DR","SOUTHBOUND","LEFT TURN","false","4","19.75","14.818","0.95","1.066","10","7","2022","10","0","5","900"
"2d8238ad9413e4a4b4967fbbd4a5791b","6502","2022-10-07T10:00:00.000","PLEASANT VALLEY RD / ELMONT DR","SOUTHBOUND","RIGHT TURN","false","2","14.5","0.707","3.35","0.636","10","7","2022","10","0","5","900"
"a8992612e5c4e844fd9240efd1364fc8","6502","2022-10-07T10:00:00.000","PLEASANT VALLEY RD / ELMONT DR","SOUTHBOUND","THRU","false","19","32.789","16.175","3.311","9.176","10","7","2022","10","0","5","900"
"fb61ac7ee4f7e0839795fdf98b3130a9","6502","2022-10-07T10:00:00.000","PLEASANT VALLEY RD / ELMONT DR","SOUTHBOUND","THRU","true","6","17.333","14.61","6.483","13.224","10","7","2022","10","0","5","900"
"285a8858f742ef5320e14ba2f22e74d7","6502","2022-10-07T10:00:00.000","PLEASANT VALLEY RD / ELMONT DR","WESTBOUND","RIGHT TURN","false","3","5.333","2.517","11.667","7.905","10","7","2022","10","0","5","900"
"421d9b7b125971b22a48c1b698538956","6502","2022-10-07T10:00:00.000","PLEASANT VALLEY RD / ELMONT DR","WESTBOUND","RIGHT TURN","true","1","10.0","0.0","3.1","0.0","10","7","2022","10","0","5","900"
"cc3bef213917a603a2f102d61762da09","6502","2022-10-07T10:00:00.000","PLEASANT VALLEY RD / ELMONT DR","WESTBOUND","THRU","false","7","9.143","4.525","11.257","15.368","10","7","2022","10","0","5","900"
"612913cda8cce56f4fb8109ae6fdcd8c","6502","2022-10-07T10:15:00.000","PLEASANT VALLEY RD / ELMONT DR","EASTBOUND","LEFT TURN","false","5","5.2","3.899","10.1","19.439","10","7","2022","10","15","5","900"
"9b9f51b97a740d14407b653a4071496d","6502","2022-10-07T10:15:00.000","PLEASANT VALLEY RD / ELMONT DR","EASTBOUND","RIGHT TURN","false","1","19.0","0.0","4.6","0.0","10","7","2022","10","15","5","900"
"65f9b286996551bea92d0c95b67434ca","6502","2022-10-07T10:15:00.000","PLEASANT VALLEY RD / ELMONT DR","EASTBOUND","THRU","false","7","9.0","6.351","2.829","2.645","10","7","2022","10","15","5","900"
"c534554ff9b75b57ac5e539b24d176a3","6502","2022-10-07T10:15:00.000","PLEASANT VALLEY RD / ELMONT DR","EASTBOUND","THRU","true","2","7.0","2.828","42.0","17.253","10","7","2022","10","15","5","900"
"474db16a101e744c0323d18d7059f483","6502","2022-10-07T10:15:00.000","PLEASANT VALLEY RD / ELMONT DR","NORTHBOUND","LEFT TURN","false","5","13.0","6.325","2.42","1.23","10","7","2022","10","15","5","900"
"5df9106da58eb33ab467f4bd3e148bfd","6502","2022-10-07T10:15:00.000","PLEASANT VALLEY RD / ELMONT DR","NORTHBOUND","RIGHT TURN","false","2","13.0","1.414","8.5","11.738","10","7","2022","10","15","5","900"
"e6c0269af8d0c45dbd27d66eda5b43fb","6502","2022-10-07T10:15:00.000","PLEASANT VALLEY RD / ELMONT DR","NORTHBOUND","THRU","false","38","24.737","13.258","5.526","8.107","10","7","2022","10","15","5","900"
"52ee5c7762f597789f71e11a27ad537e","6502","2022-10-07T10:15:00.000","PLEASANT VALLEY RD / ELMONT DR","NORTHBOUND","THRU","true","6","33.333","14.76","6.467","12.565","10","7","2022","10","15","5","900"
"a602f40cb33ea4ab67a2195a93d6066c","6502","2022-10-07T10:15:00.000","PLEASANT VALLEY RD / ELMONT DR","SOUTHBOUND","LEFT TURN","false","3","14.667","8.505","8.1","11.358","10","7","2022","10","15","5","900"
"d83a75fc7b85c38ccaaeae04c1e0c21f","6502","2022-10-07T10:15:00.000","PLEASANT VALLEY RD / ELMONT DR","SOUTHBOUND","RIGHT TURN","false","4","14.25","6.021","2.125","0.793","10","7","2022","10","15","5","900"
"fc2c1b16675f8491a1bedb2389446a10","6502","2022-10-07T10:15:00.000","PLEASANT VALLEY RD / ELMONT DR","SOUTHBOUND","THRU","false","41","28.951","14.491","4.144","8.34","10","7","2022","10","15","5","900"
"0ae1e04d1f6aa31f94e397c6d528133c","6502","2022-10-07T10:15:00.000","PLEASANT VALLEY RD / ELMONT DR","SOUTHBOUND","THRU","true","10","22.4","17.728","1.6","1.906","10","7","2022","10","15","5","900"
"de87817e196f15576bfefd80a6ecb70a","6502","2022-10-07T10:15:00.000","PLEASANT VALLEY RD / ELMONT DR","WESTBOUND","RIGHT TURN","false","3","11.667","7.767","18.467","29.133","10","7","2022","10","15","5","900"
"93e2859131796623d665e0545994ddde","6502","2022-10-07T10:15:00.000","PLEASANT VALLEY RD / ELMONT DR","WESTBOUND","THRU","false","7","9.857","6.768","1.714","1.713","10","7","2022","10","15","5","900"
"4353e094b99878880cdc96eb874288a8","6502","2022-10-07T10:30:00.000","PLEASANT VALLEY RD / ELMONT DR","EASTBOUND","LEFT TURN","false","1","5.0","0.0","0.0","0.0","10","7","2022","10","30","5","900"
"c819cfbdcb396ee3a2b6d0d9d1ea58d5","6502","2022-10-07T10:30:00.000","PLEASANT VALLEY RD / ELMONT DR","EASTBOUND","LEFT TURN","true","1","6.0","0.0","0.0","0.0","10","7","2022","10","30","5","900"
"5f6b54d582b4cbfb10b60f67115f90d6","6502","2022-10-07T10:30:00.000","PLEASANT VALLEY RD / ELMONT DR","EASTBOUND","RIGHT TURN","false","2","12.0","16.971","1.15","0.495","10","7","2022","10","30","5","900"
"76238341e5ddc7270533df35bcfb1259","6502","2022-10-07T10:30:00.000","PLEASANT VALLEY RD / ELMONT DR","EASTBOUND","THRU","false","2","8.5","9.192","4.6","3.818","10","7","2022","10","30","5","900"
"f1efce6a2f3ec6dcbf90f213baa91839","6502","2022-10-07T10:30:00.000","PLEASANT VALLEY RD / ELMONT DR","NORTHBOUND","LEFT TURN","false","3","11.667","9.815","4.367","6.091","10","7","2022","10","30","5","900"
"9c1f719a20f3095b0b7e9112f2b88b2e","6502","2022-10-07T10:30:00.000","PLEASANT VALLEY RD / ELMONT DR","NORTHBOUND","LEFT TURN","true","1","16.0","0.0","1.1","0.0","10","7","2022","10","30","5","900"
"7b3aa5e91e6d1c3a41a2b907cc874883","6502","2022-10-07T10:30:00.000","PLEASANT VALLEY RD / ELMONT DR","NORTHBOUND","RIGHT TURN","false","1","15.0","0.0","3.8","0.0","10","7","2022","10","30","5","900"
"f13d43d642373cc06405957c1fbc1da1","6502","2022-10-07T10:30:00.000","PLEASANT VALLEY RD / ELMONT DR","NORTHBOUND","THRU","false","36","23.306","14.803","3.217","4.326","10","7","2022","10","30","5","900"
"aee97d9918ae87f84b8fcff034a4463a","6502","2022-10-07T10:30:00.000","PLEASANT VALLEY RD / ELMONT DR","NORTHBOUND","THRU","true","5","32.2","7.855","1.08","0.622","10","7","2022","10","30","5","900"
"1f3f24f8fe623192be357548a57059a5","6502","2022-10-07T10:30:00.000","PLEASANT VALLEY RD / ELMONT DR","SOUTHBOUND","LEFT TURN","false","5","13.8","5.933","9.34","17.004","10","7","2022","10","30","5","900"
"31bc470773cf8d66d3694ae8b56204c2","6502","2022-10-07T10:30:00.000","PLEASANT VALLEY RD / ELMONT DR","SOUTHBOUND","LEFT TURN","true","1","15.0","0.0","3.6","0.0","10","7","2022","10","30","5","900"
"9997c4065bc8f84933e7e2c4a25da076","6502","2022-10-07T10:30:00.000","PLEASANT VALLEY RD / ELMONT DR","SOUTHBOUND","RIGHT TURN","false","2","17.5","2.121","1.7","0.99","10","7","2022","10","30","5","900"
"ea78ae400cf67b807e54a5f970b5f31d","6502","2022-10-07T10:30:00.000","PLEASANT VALLEY RD / ELMONT DR","SOUTHBOUND","THRU","false","30","24.767","14.345","5.5","10.204","10","7","2022","10","30","5","900"
"2eb9b2b055734ff72969467ad917b2e6","6502","2022-10-07T10:30:00.000","PLEASANT VALLEY RD / ELMONT DR","SOUTHBOUND","THRU","true","6","31.333","17.84","1.533","1.335","10","7","2022","10","30","5","900"
"adf8ecaf6bd4b752fee24ca98dfafac1","6502","2022-10-07T10:30:00.000","PLEASANT VALLEY RD / ELMONT DR","WESTBOUND","RIGHT TURN","false","5","12.8","1.924","9.3","15.151","10","7","2022","10","30","5","900"
"1f504fa5281aacf1281df690902fe570","6502","2022-10-07T10:30:00.000","PLEASANT VALLEY RD / ELMONT DR","WESTBOUND","THRU","false","11","17.818","13.999","1.4","0.89","10","7","2022","10","30","5","900"
"fe8d3e0bea374cd527e79f7af8baf8bb","6502","2022-10-07T10:45:00.000","PLEASANT VALLEY RD / ELMONT DR","EASTBOUND","LEFT TURN","false","3","8.333","4.933","0.467","0.808","10","7","2022","10","45","5","900"
"5340eedf84b66308725e33c2b49b4588","6502","2022-10-07T10:45:00.000","PLEASANT VALLEY RD / ELMONT DR","EASTBOUND","RIGHT TURN","false","3","12.667","7.095","4.867","1.155","10","7","2022","10","45","5","900"
"bbd97196fb2ae4a43163b3ed8df7da30","6502","2022-10-07T10:45:00.000","PLEASANT VALLEY RD / ELMONT DR","EASTBOUND","THRU","false","6","28.333","50.48","1.733","2.498","10","7","2022","10","45","5","900"
"c9db914d4003dc0595ad53fcf929b28d","6502","2022-10-07T10:45:00.000","PLEASANT VALLEY RD / ELMONT DR","EASTBOUND","THRU","true","1","9.0","0.0","0.0","0.0","10","7","2022","10","45","5","900"
"bd40b04699d3037893a3ffd49f0a51a1","6502","2022-10-07T10:45:00.000","PLEASANT VALLEY RD / ELMONT DR","NORTHBOUND","LEFT TURN","false","2","10.5","9.192","1.3","1.556","10","7","2022","10","45","5","900"
"46a6c8dafd15170f27f23c3ab30092a0","6502","2022-10-07T10:45:00.000","PLEASANT VALLEY RD / ELMONT DR","NORTHBOUND","RIGHT TURN","false","3","13.0","1.732","9.167","13.482","10","7","2022","10","45","5","900"
"1b9e223ffaf772af86d6d0f595cfe86c","6502","2022-10-07T10:45:00.000","PLEASANT VALLEY RD / ELMONT DR","NORTHBOUND","THRU","false","54","20.407","10.959","6.141","8.796","10","7","2022","10","45","5","900"
"511a3b7389bbba881f1423ea5cbf723b","6502","2022-10-07T10:45:00.000","PLEASANT VALLEY RD / ELMONT DR","NORTHBOUND","THRU","true","16","22.688","10.229","4.356","6.758","10","7","2022","10","45","5","900"
"12f66011c37751ea84cfcd1b89fd4319","6502","2022-10-07T10:45:00.000","PLEASANT VALLEY RD / ELMONT DR","SOUTHBOUND","LEFT TURN","false","6","16.833","9.02","5.467","9.683","10","7","2022","10","45","5","900"
"ad9369857e8a70ecf39585fa14233a84","6502","2022-10-07T10:45:00.000","PLEASANT VALLEY RD / ELMONT DR","SOUTHBOUND","RIGHT TURN","false","1","16.0","0.0","2.8","0.0","10","7","2022","10","45","5","900"
"c00ebda0b780424ef9b54d83d82f1f62","6502","2022-10-07T10:45:00.000","PLEASANT VALLEY RD / ELMONT DR","SOUTHBOUND","RIGHT TURN","true","2","8.0","0.0","1.4","0.283","10","7","2022","10","45","5","900"
"aaaf9be509e63709b73f8e67109b7aaa","6502","2022-10-07T10:45:00.000","PLEASANT VALLEY RD / ELMONT DR","SOUTHBOUND","THRU","false","45","28.378","14.098","2.373","5.8","10","7","2022","10","45","5","900"
"e4a4e6ce4e25af29608a6486b4e367e8","6502","2022-10-07T10:45:00.000","PLEASANT VALLEY RD / ELMONT DR","SOUTHBOUND","THRU","true","4","21.25","13.672","9.675","10.311","10","7","2022","10","45","5","900"
"b8f0086f4a773d54e0e4e850f8b26531","6502","2022-10-07T10:45:00.000","PLEASANT VALLEY RD / ELMONT DR","WESTBOUND","RIGHT TURN","false","4","8.25","4.272","4.6","1.39","10","7","2022","10","45","5","900"
"653cbab3c47c4f2eb0b95ab52c7d4741","6502","2022-10-07T10:45:00.000","PLEASANT VALLEY RD / ELMONT DR","WESTBOUND","THRU","false","5","12.8","9.985","7.86","15.69","10","7","2022","10","45","5","900"
"e2782ab7e7907eb0e5306bc3353306bd","6502","2022-10-07T10:45:00.000","PLEASANT VALLEY RD / ELMONT DR","WESTBOUND","THRU","true","2","6.0","1.414","5.5","7.778","10","7","2022","10","45","5","900"
"6d602ad74a58e9bbb4ff6e9b8d3d3523","6502","2022-10-07T11:00:00.000","PLEASANT VALLEY RD / ELMONT DR","EASTBOUND","LEFT TURN","false","4","8.25","3.594","12.6","22.496","10","7","2022","11","0","5","900"
"efd086a73b5f9f92af3e8b3906a3665f","6502","2022-10-07T11:00:00.000","PLEASANT VALLEY RD / ELMONT DR","EASTBOUND","LEFT TURN","true","1","1.0","0.0","1.7","0.0","10","7","2022","11","0","5","900"
"ea79baecba17a9c1108e36de26ff5bd5","6502","2022-10-07T11:00:00.000","PLEASANT VALLEY RD / ELMONT DR","EASTBOUND","RIGHT TURN","false","5","16.2","2.168","2.66","0.948","10","7","2022","11","0","5","900"
"14fc725d1ca3901fe3a44f4d694f3937","6502","2022-10-07T11:00:00.000","PLEASANT VALLEY RD / ELMONT DR","EASTBOUND","RIGHT TURN","true","2","24.0","8.485","2.7","0.283","10","7","2022","11","0","5","900"
"1fc6de4853bce3637813a6a37e209c39","6502","2022-10-07T11:00:00.000","PLEASANT VALLEY RD / ELMONT DR","EASTBOUND","THRU","false","3","11.333","8.505","0.867","1.25","10","7","2022","11","0","5","900"
"1cbe39773877253f679bec1ee20a929f","6502","2022-10-07T11:00:00.000","PLEASANT VALLEY RD / ELMONT DR","EASTBOUND","THRU","true","2","18.0","2.828","3.6","1.556","10","7","2022","11","0","5","900"
"ca9bdb91fcea37c48f632ef19f2b5e82","6502","2022-10-07T11:00:00.000","PLEASANT VALLEY RD / ELMONT DR","NORTHBOUND","LEFT TURN","false","3","7.667","3.512","9.0","11.778","10","7","2022","11","0","5","900"
"5af2152c82cd4c95727a2da19fe2f19f","6502","2022-10-07T11:00:00.000","PLEASANT VALLEY RD / ELMONT DR","NORTHBOUND","RIGHT TURN","false","1","18.0","0.0","3.4","0.0","10","7","2022","11","0","5","900"
"05bb224340fa1f30412fa82c24265224","6502","2022-10-07T11:00:00.000","PLEASANT VALLEY RD / ELMONT DR","NORTHBOUND","THRU","false","36","19.389","13.269","9.631","13.162","10","7","2022","11","0","5","900"
"4b377bb5f94393f85085973b0daf8400","6502","2022-10-07T11:00:00.000","PLEASANT VALLEY RD / ELMONT DR","NORTHBOUND","THRU","true","6","28.5","14.349","11.667","17.488","10","7","2022","11","0","5","900"
"e330028403e3f86cc4fbf6d74df7d8ea","6502","2022-10-07T11:00:00.000","PLEASANT VALLEY RD / ELMONT DR","SOUTHBOUND","LEFT TURN","false","9","19.111","5.555","6.533","14.289","10","7","2022","11","0","5","900"
"dba6c2d2df77f8753e734205a78716f0","6502","2022-10-07T11:00:00.000","PLEASANT VALLEY RD / ELMONT DR","SOUTHBOUND","LEFT TURN","true","1","18.0","0.0","0.2","0.0","10","7","2022","11","0","5","900"
"68210abf62791d6eb9141dd169aec363","6502","2022-10-07T11:00:00.000","PLEASANT VALLEY RD / ELMONT DR","SOUTHBOUND","RIGHT TURN","false","3","17.667","3.215","2.333","0.924","10","7","2022","11","0","5","900"
"49195971decfaec2518a20e2fa774398","6502","2022-10-07T11:00:00.000","PLEASANT VALLEY RD / ELMONT DR","SOUTHBOUND","RIGHT TURN","true","1","18.0","0.0","2.8","0.0","10","7","2022","11","0","5","900"
"20a72580ae97c4f74b62ac4f617e8ce5","6502","2022-10-07T11:00:00.000","PLEASANT VALLEY RD / ELMONT DR","SOUTHBOUND","THRU","false","40","33.75","12.997","3.66","8.143","10","7","2022","11","0","5","900"
"5a86868e0c29713450fd5cfc36b12121","6502","2022-10-07T11:00:00.000","PLEASANT VALLEY RD / ELMONT DR","SOUTHBOUND","THRU","true","5","27.6","12.837","1.44","0.929","10","7","2022","11","0","5","900"
"72561543e1e511c338bbde196c8c4be2","6502","2022-10-07T11:00:00.000","PLEASANT VALLEY RD / ELMONT DR","WESTBOUND","LEFT TURN","false","2","13.5","12.021","1.35","0.778","10","7","2022","11","0","5","900"
"9418ff05b8c9904d60d3ff57437cf64b","6502","2022-10-07T11:00:00.000","PLEASANT VALLEY RD / ELMONT DR","WESTBOUND","RIGHT TURN","false","1","6.0","0.0","2.0","0.0","10","7","2022","11","0","5","900"
"98f9027a23dadb9ba0eac9f963072f66","6502","2022-10-07T11:00:00.000","PLEASANT VALLEY RD / ELMONT DR","WESTBOUND","THRU","false","8","4.75","4.559","10.425","17.829","10","7","2022","11","0","5","900"
"07c9792b8630444d8e7b09cc13f5bd7d","6502","2022-10-07T11:00:00.000","PLEASANT VALLEY RD / ELMONT DR","WESTBOUND","THRU","true","2","3.5","2.121","0.0","0.0","10","7","2022","11","0","5","900"
"d536ae95922e3a3b948b53c39909b637","6502","2022-10-07T11:15:00.000","PLEASANT VALLEY RD / ELMONT DR","EASTBOUND","LEFT TURN","false","4","14.5","1.732","0.375","0.263","10","7","2022","11","15","5","900"
"e6cac921b6d19aaa11c52e9b0ff4afcf","6502","2022-10-07T11:15:00.000","PLEASANT VALLEY RD / ELMONT DR","EASTBOUND","LEFT TURN","true","1","15.0","0.0","2.2","0.0","10","7","2022","11","15","5","900"
"5c0def402eb2bde132318c8097d525b1","6502","2022-10-07T11:15:00.000","PLEASANT VALLEY RD / ELMONT DR","EASTBOUND","RIGHT TURN","false","4","11.5","7.724","2.4","1.965","10","7","2022","11","15","5","900"
"3aea376baad30f56cb2e6836df820081","6502","2022-10-07T11:15:00.000","PLEASANT VALLEY RD / ELMONT DR","EASTBOUND","RIGHT TURN","true","1","13.0","0.0","4.5","0.0","10","7","2022","11","15","5","900"
"ae3cab6f01651a4dc26957e636580c36","6502","2022-10-07T11:15:00.000","PLEASANT VALLEY RD / ELMONT DR","EASTBOUND","THRU","false","6","6.667","4.761","2.85","1.724","10","7","2022","11","15","5","900"
"a85f79d3fced15d9b5a5e4cdf8472fde","6502","2022-10-07T11:15:00.000","PLEASANT VALLEY RD / ELMONT DR","EASTBOUND","THRU","true","2","3.0","4.243","3.2","4.243","10","7","2022","11","15","5","900"
"ba1686bf76addd5d3216c87dd2664079","6502","2022-10-07T11:15:00.000","PLEASANT VALLEY RD / ELMONT DR","NORTHBOUND","LEFT TURN","false","1","14.0","0.0","0.4","0.0","10","7","2022","11","15","5","900"
"38992b179ef86f48c7615b58583de8e3","6502","2022-10-07T11:15:00.000","PLEASANT VALLEY RD / ELMONT DR","NORTHBOUND","RIGHT TURN","false","1","22.0","0.0","0.4","0.0","10","7","2022","11","15","5","900"
"16eeb900f4ae185fd48d76b410c5d87a","6502","2022-10-07T11:15:00.000","PLEASANT VALLEY RD / ELMONT DR","NORTHBOUND","THRU","false","29","21.138","13.866","3.262","7.44","10","7","2022","11","15","5","900"
"f3b0844eaa437e41df4433e0efb043d2","6502","2022-10-07T11:15:00.000","PLEASANT VALLEY RD / ELMONT DR","NORTHBOUND","THRU","true","11","23.727","15.434","3.209","4.028","10","7","2022","11","15","5","900"
"88a8b91e8cf8fc4d164150bb7d5e4143","6502","2022-10-07T11:15:00.000","PLEASANT VALLEY RD / ELMONT DR","SOUTHBOUND","LEFT TURN","false","12","14.583","8.284","3.033","2.234","10","7","2022","11","15","5","900"
"8481fcc0bb1bafdbb099dc25041a7141","6502","2022-10-07T11:15:00.000","PLEASANT VALLEY RD / ELMONT DR","SOUTHBOUND","LEFT TURN","true","1","21.0","0.0","2.8","0.0","10","7","2022","11","15","5","900"
"d9892f7cebf70c94399ce2feb6dfb4e3","6502","2022-10-07T11:15:00.000","PLEASANT VALLEY RD / ELMONT DR","SOUTHBOUND","RIGHT TURN","false","1","8.0","0.0","1.3","0.0","10","7","2022","11","15","5","900"
"e68954fe7fcf56a8e361e78f5c7c763d","6502","2022-10-07T11:15:00.000","PLEASANT VALLEY RD / ELMONT DR","SOUTHBOUND","THRU","false","42","35.929","11.243","1.269","0.873","10","7","2022","11","15","5","900"
"920ba2cb5c34579c56045b96c6160b3d","6502","2022-10-07T11:15:00.000","PLEASANT VALLEY RD / ELMONT DR","SOUTHBOUND","THRU","true","3","39.333","1.528","0.533","0.611","10","7","2022","11","15","5","900"
"a153332c0b56919c19092400abd929cf","6502","2022-10-07T11:15:00.000","PLEASANT VALLEY RD / ELMONT DR","WESTBOUND","RIGHT TURN","false","1","10.0","0.0","3.3","0.0","10","7","2022","11","15","5","900"
"b6d33dccbc51ceb61a6be7c150d27263","6502","2022-10-07T11:15:00.000","PLEASANT VALLEY RD / ELMONT DR","WESTBOUND","THRU","false","7","11.286","6.499","4.8","5.539","10","7","2022","11","15","5","900"
"fbae9f542d238dcf940b2c1ecafad656","6502","2022-10-07T11:30:00.000","PLEASANT VALLEY RD / ELMONT DR","EASTBOUND","LEFT TURN","false","2","2.5","0.707","0.1","0.141","10","7","2022","11","30","5","900"
"3fa609150a3be0f223d2c0462cd7b32e","6502","2022-10-07T11:30:00.000","PLEASANT VALLEY RD / ELMONT DR","EASTBOUND","LEFT TURN","true","1","14.0","0.0","5.9","0.0","10","7","2022","11","30","5","900"
"95ee38f96cb9efc09ce2cf13f0e753b7","6502","2022-10-07T11:30:00.000","PLEASANT VALLEY RD / ELMONT DR","EASTBOUND","RIGHT TURN","false","2","21.0","0.0","4.0","0.849","10","7","2022","11","30","5","900"
"e3f1312769297f9f1b35a8218c48e498","6502","2022-10-07T11:30:00.000","PLEASANT VALLEY RD / ELMONT DR","EASTBOUND","RIGHT TURN","true","2","17.5","6.364","3.95","1.626","10","7","2022","11","30","5","900"
"8594e24b4bae8a8a650f7507225c7063","6502","2022-10-07T11:30:00.000","PLEASANT VALLEY RD / ELMONT DR","EASTBOUND","THRU","false","3","13.333","6.506","2.167","0.945","10","7","2022","11","30","5","900"
"2b84f01feb3b421a6ee0c05e20898555","6502","2022-10-07T11:30:00.000","PLEASANT VALLEY RD / ELMONT DR","EASTBOUND","THRU","true","2","12.5","9.192","12.4","14.001","10","7","2022","11","30","5","900"
"7f911d8ede9c893de02494d5cff4539f","6502","2022-10-07T11:30:00.000","PLEASANT VALLEY RD / ELMONT DR","NORTHBOUND","LEFT TURN","false","9","10.222","4.738","6.789","10.485","10","7","2022","11","30","5","900"
"1e9547d0114c9f5882c9278b303c7787","6502","2022-10-07T11:30:00.000","PLEASANT VALLEY RD / ELMONT DR","NORTHBOUND","LEFT TURN","true","1","12.0","0.0","16.1","0.0","10","7","2022","11","30","5","900"
"240a5868f1cd7e7a6aab7cff50748e55","6502","2022-10-07T11:30:00.000","PLEASANT VALLEY RD / ELMONT DR","NORTHBOUND","RIGHT TURN","false","5","14.6","3.715","2.24","1.23","10","7","2022","11","30","5","900"
"42339f7fe9207a553cebbc1bc150e6fa","6502","2022-10-07T11:30:00.000","PLEASANT VALLEY RD / ELMONT DR","NORTHBOUND","THRU","false","60","23.517","12.703","4.087","7.318","10","7","2022","11","30","5","900"
"044c77de8b255dcd008e04fc3a7ee90b","6502","2022-10-07T11:30:00.000","PLEASANT VALLEY RD / ELMONT DR","NORTHBOUND","THRU","true","6","26.333","11.639","2.083","1.729","10","7","2022","11","30","5","900"
"8f537d3d52351d2db4197774458416eb","6502","2022-10-07T11:30:00.000","PLEASANT VALLEY RD / ELMONT DR","SOUTHBOUND","LEFT TURN","false","3","15.667","12.741","1.833","1.079","10","7","2022","11","30","5","900"
"4707ab732469657906fdc60931850959","6502","2022-10-07T11:30:00.000","PLEASANT VALLEY RD / ELMONT DR","SOUTHBOUND","LEFT TURN","true","1","18.0","0.0","3.5","0.0","10","7","2022","11","30","5","900"
"48ea42f28c9642bd60778d07c378b487","6502","2022-10-07T11:30:00.000","PLEASANT VALLEY RD / ELMONT DR","SOUTHBOUND","RIGHT TURN","false","4","11.25","6.652","8.3","14.319","10","7","2022","11","30","5","900"
"30ee22dc89ba66f6584a07573bf69eb0","6502","2022-10-07T11:30:00.000","PLEASANT VALLEY RD / ELMONT DR","SOUTHBOUND","THRU","false","45","32.489","14.335","1.84","6.302","10","7","2022","11","30","5","900"
"29ae6ac7d3bcbf79b15f0fd6cc537138","6502","2022-10-07T11:30:00.000","PLEASANT VALLEY RD / ELMONT DR","SOUTHBOUND","THRU","true","9","32.556","17.314","4.0","5.628","10","7","2022","11","30","5","900"
"5e948fe17b6afb88417494491f030704","6502","2022-10-07T11:30:00.000","PLEASANT VALLEY RD / ELMONT DR","WESTBOUND","LEFT TURN","false","1","7.0","0.0","51.2","0.0","10","7","2022","11","30","5","900"
"eee18562a8b66fcc573aaf8ff76ab881","6502","2022-10-07T11:30:00.000","PLEASANT VALLEY RD / ELMONT DR","WESTBOUND","RIGHT TURN","false","8","8.625","5.502","4.712","2.375","10","7","2022","11","30","5","900"
"947f0b31120caa623ad950cc664654fa","6502","2022-10-07T11:30:00.000","PLEASANT VALLEY RD / ELMONT DR","WESTBOUND","THRU","false","11","10.273","4.901","11.745","15.143","10","7","2022","11","30","5","900"
"15bff41d3d892536b7cc158f7712b06d","6502","2022-10-07T11:30:00.000","PLEASANT VALLEY RD / ELMONT DR","WESTBOUND","THRU","true","1","2.0","0.0","0.0","0.0","10","7","2022","11","30","5","900"
"1aefe58e5a965c29229cfadbebcfe9a8","6502","2022-10-07T11:45:00.000","PLEASANT VALLEY RD / ELMONT DR","EASTBOUND","LEFT TURN","false","3","3.667","4.726","1.6","1.833","10","7","2022","11","45","5","900"
"ad504678be4cad4560bde73cbbb625c4","6502","2022-10-07T11:45:00.000","PLEASANT VALLEY RD / ELMONT DR","EASTBOUND","RIGHT TURN","false","1","18.0","0.0","3.0","0.0","10","7","2022","11","45","5","900"
"d314c346aac3e809d751846bf041a3e8","6502","2022-10-07T11:45:00.000","PLEASANT VALLEY RD / ELMONT DR","EASTBOUND","RIGHT TURN","true","1","18.0","0.0","0.9","0.0","10","7","2022","11","45","5","900"
"95787b6f30ecfa8a5027c95f361f642a","6502","2022-10-07T11:45:00.000","PLEASANT VALLEY RD / ELMONT DR","EASTBOUND","THRU","false","6","5.667","6.653","10.033","18.848","10","7","2022","11","45","5","900"
"32f1d187f97728c83ea673a4573c25b1","6502","2022-10-07T11:45:00.000","PLEASANT VALLEY RD / ELMONT DR","EASTBOUND","THRU","true","1","23.0","0.0","41.7","0.0","10","7","2022","11","45","5","900"
"5a5eec923a2f7a51504b92f1ad6b3db7","6502","2022-10-07T11:45:00.000","PLEASANT VALLEY RD / ELMONT DR","NORTHBOUND","LEFT TURN","false","1","17.0","0.0","0.9","0.0","10","7","2022","11","45","5","900"
"2bb2772741e77d8ce73bfa1a08e409da","6502","2022-10-07T11:45:00.000","PLEASANT VALLEY RD / ELMONT DR","NORTHBOUND","RIGHT TURN","false","1","16.0","0.0","2.6","0.0","10","7","2022","11","45","5","900"
"e97e7709881ae5d0f06f7309f88bc88f","6502","2022-10-07T11:45:00.000","PLEASANT VALLEY RD / ELMONT DR","NORTHBOUND","THRU","false","63","24.698","19.686","5.524","8.836","10","7","2022","11","45","5","900"
"951ebecb6655b0d03219f1f5e5a2c9c3","6502","2022-10-07T11:45:00.000","PLEASANT VALLEY RD / ELMONT DR","NORTHBOUND","THRU","true","10","25.5","10.341","2.68","5.04","10","7","2022","11","45","5","900"
"0e519b15c7785f87ea2831c604705e5c","6502","2022-10-07T11:45:00.000","PLEASANT VALLEY RD / ELMONT DR","SOUTHBOUND","LEFT TURN","false","6","7.167","5.879","9.267","13.088","10","7","2022","11","45","5","900"
"d4276533571641eb2fea167bf88450d2","6502","2022-10-07T11:45:00.000","PLEASANT VALLEY RD / ELMONT DR","SOUTHBOUND","LEFT TURN","true","2","10.5","0.707","4.2","0.849","10","7","2022","11","45","5","900"
"e1ae6f2933faf0a0d4433994f1908b34","6502","2022-10-07T11:45:00.000","PLEASANT VALLEY RD / ELMONT DR","SOUTHBOUND","RIGHT TURN","false","7","17.714","3.2","2.357","0.922","10","7","2022","11","45","5","900"
"72610bbf865a1226bc4b782c96e93010","6502","2022-10-07T11:45:00.000","PLEASANT VALLEY RD / ELMONT DR","SOUTHBOUND","RIGHT TURN","true","2","14.0","5.657","3.85","0.919","10","7","2022","11","45","5","900"
"b539e91d25ce8920cf19bc243b653677","6502","2022-10-07T11:45:00.000","PLEASANT VALLEY RD / ELMONT DR","SOUTHBOUND","THRU","false","43","34.023","12.188","1.844","4.136","10","7","2022","11","45","5","900"
"075c45fe35caf2178c81564b02387ffc","6502","2022-10-07T11:45:00.000","PLEASANT VALLEY RD / ELMONT DR","SOUTHBOUND","THRU","true","7","19.714","12.513","8.357","12.172","10","7","2022","11","45","5","900"
"ef006b73597f22398f78a3e97bda2478","6502","2022-10-07T11:45:00.000","PLEASANT VALLEY RD / ELMONT DR","WESTBOUND","RIGHT TURN","false","4","10.75","2.363","2.65","0.751","10","7","2022","11","45","5","900"
"9e2c9ac0ac1c827f7fe250ea5052a207","6502","2022-10-07T11:45:00.000","PLEASANT VALLEY RD / ELMONT DR","WESTBOUND","THRU","false","7","7.714","7.931","6.457","15.211","10","7","2022","11","45","5","900"
"3c8fbc3f09768751248b5b832760d327","6502","2022-10-07T11:45:00.000","PLEASANT VALLEY RD / ELMONT DR","WESTBOUND","THRU","true","2","5.5","0.707","5.6","5.374","10","7","2022","11","45","5","900"
"180cb5b0d6d24995f96d843f82f2fd00","6502","2022-10-07T12:00:00.000","PLEASANT VALLEY RD / ELMONT DR","EASTBOUND","LEFT TURN","false","4","15.0","11.343","1.0","0.796","10","7","2022","12","0","5","900"
"aced50674a3d82651593279e263faef5","6502","2022-10-07T12:00:00.000","PLEASANT VALLEY RD / ELMONT DR","EASTBOUND","LEFT TURN","true","1","12.0","0.0","6.4","0.0","10","7","2022","12","0","5","900"
"62b809f7dcb318543801ebf1429c329b","6502","2022-10-07T12:00:00.000","PLEASANT VALLEY RD / ELMONT DR","EASTBOUND","RIGHT TURN","false","2","11.5","7.778","1.3","0.424","10","7","2022","12","0","5","900"
"230e3ff25071e7d44f1cbed48afe698b","6502","2022-10-07T12:00:00.000","PLEASANT VALLEY RD / ELMONT DR","EASTBOUND","RIGHT TURN","true","1","8.0","0.0","0.2","0.0","10","7","2022","12","0","5","900"
"e20046dbfcd7acc49af4f197e1a9b41c","6502","2022-10-07T12:00:00.000","PLEASANT VALLEY RD / ELMONT DR","EASTBOUND","THRU","false","6","9.833","10.147","13.0","26.795","10","7","2022","12","0","5","900"
"9802cbef4f45875de008e90a707e045d","6502","2022-10-07T12:00:00.000","PLEASANT VALLEY RD / ELMONT DR","EASTBOUND","THRU","true","2","19.5","0.707","3.0","1.556","10","7","2022","12","0","5","900"
"45b98f2289118b99be1351a62a517454","6502","2022-10-07T12:00:00.000","PLEASANT VALLEY RD / ELMONT DR","NORTHBOUND","LEFT TURN","false","3","19.0","10.817","6.867","10.085","10","7","2022","12","0","5","900"
"75d080f362f9cd825241c8afdb714ad3","6502","2022-10-07T12:00:00.000","PLEASANT VALLEY RD / ELMONT DR","NORTHBOUND","RIGHT TURN","false","1","13.0","0.0","4.5","0.0","10","7","2022","12","0","5","900"
"544bd112be47b1c2073280c570a68d12","6502","2022-10-07T12:00:00.000","PLEASANT VALLEY RD / ELMONT DR","NORTHBOUND","RIGHT TURN","true","1","9.0","0.0","23.0","0.0","10","7","2022","12","0","5","900"
"f73fec9cce209db5223560d71fd5c0dd","6502","2022-10-07T12:00:00.000","PLEASANT VALLEY RD / ELMONT DR","NORTHBOUND","THRU","false","40","25.475","13.085","3.2","7.572","10","7","2022","12","0","5","900"
"bd7342391713d867736156fd0aaf695e","6502","2022-10-07T12:00:00.000","PLEASANT VALLEY RD / ELMONT DR","NORTHBOUND","THRU","true","12","26.167","10.547","1.975","1.312","10","7","2022","12","0","5","900"
"a06472c5c99ab90ada229dd89608b86b","6502","2022-10-07T12:00:00.000","PLEASANT VALLEY RD / ELMONT DR","SOUTHBOUND","LEFT TURN","false","8","10.25","10.11","6.012","11.983","10","7","2022","12","0","5","900"
"64af3817bd9b9f40764281f8681253c3","6502","2022-10-07T12:00:00.000","PLEASANT VALLEY RD / ELMONT DR","SOUTHBOUND","RIGHT TURN","false","3","11.333","7.234","2.067","1.801","10","7","2022","12","0","5","900"
"5bc8e423eb6dd010575ce53dc79da037","6502","2022-10-07T12:00:00.000","PLEASANT VALLEY RD / ELMONT DR","SOUTHBOUND","THRU","false","47","29.489","14.772","2.115","4.838","10","7","2022","12","0","5","900"
"182bdd80db81fbbb121c5456144006f4","6502","2022-10-07T12:00:00.000","PLEASANT VALLEY RD / ELMONT DR","SOUTHBOUND","THRU","true","1","38.0","0.0","1.0","0.0","10","7","2022","12","0","5","900"
"8580ea791e285fe14a4a4f466f4470c6","6502","2022-10-07T12:00:00.000","PLEASANT VALLEY RD / ELMONT DR","WESTBOUND","RIGHT TURN","false","2","11.5","7.778","3.35","2.051","10","7","2022","12","0","5","900"
"a1e676dbe4f80a7d77fa1e861a7b3a54","6502","2022-10-07T12:00:00.000","PLEASANT VALLEY RD / ELMONT DR","WESTBOUND","THRU","false","6","11.333","6.218","6.95","14.665","10","7","2022","12","0","5","900"
"a99f4eed1739b1463cc383ce3c998ad8","6502","2022-10-07T12:15:00.000","PLEASANT VALLEY RD / ELMONT DR","EASTBOUND","LEFT TURN","false","3","13.667","8.021","1.367","1.35","10","7","2022","12","15","5","900"
"2825324fb23548efc1ba75589f8abcc7","6502","2022-10-07T12:15:00.000","PLEASANT VALLEY RD / ELMONT DR","EASTBOUND","RIGHT TURN","false","2","18.5","2.121","2.3","0.141","10","7","2022","12","15","5","900"
"f5f97baa4ab60e6657fd304c551e3a94","6502","2022-10-07T12:15:00.000","PLEASANT VALLEY RD / ELMONT DR","EASTBOUND","THRU","false","7","5.714","6.291","7.057","14.513","10","7","2022","12","15","5","900"
"68cd89639937a7a6e6bc8cb80c0ce6bb","6502","2022-10-07T12:15:00.000","PLEASANT VALLEY RD / ELMONT DR","NORTHBOUND","LEFT TURN","false","3","18.667","2.517","2.433","0.351","10","7","2022","12","15","5","900"
"7f0271315c27a6cc5ab5708f4b784327","6502","2022-10-07T12:15:00.000","PLEASANT VALLEY RD / ELMONT DR","NORTHBOUND","RIGHT TURN","false","2","13.5","2.121","5.3","3.253","10","7","2022","12","15","5","900"
"7fb8946c775157b4f310e027badc8f0c","6502","2022-10-07T12:15:00.000","PLEASANT VALLEY RD / ELMONT DR","NORTHBOUND","THRU","false","50","28.04","15.849","3.676","6.783","10","7","2022","12","15","5","900"
"e0a84871f7324fbc1d5fbcb6726996f9","6502","2022-10-07T12:15:00.000","PLEASANT VALLEY RD / ELMONT DR","NORTHBOUND","THRU","true","5","20.4","11.824","5.2","8.015","10","7","2022","12","15","5","900"
"c7760ac1ff8dd3262a43ed1087d2abcf","6502","2022-10-07T12:15:00.000","PLEASANT VALLEY RD / ELMONT DR","SOUTHBOUND","LEFT TURN","false","7","11.714","8.807","2.471","4.386","10","7","2022","12","15","5","900"
"cf244150dfbfca88b67ce7ffa3aa7659","6502","2022-10-07T12:15:00.000","PLEASANT VALLEY RD / ELMONT DR","SOUTHBOUND","LEFT TURN","true","1","7.0","0.0","0.0","0.0","10","7","2022","12","15","5","900"
"16095a32759053e8216beac2d59e44ee","6502","2022-10-07T12:15:00.000","PLEASANT VALLEY RD / ELMONT DR","SOUTHBOUND","RIGHT TURN","false","9","16.556","2.506","2.322","1.191","10","7","2022","12","15","5","900"
"09e683bd43e699fabed0648f8a8d80ca","6502","2022-10-07T12:15:00.000","PLEASANT VALLEY RD / ELMONT DR","SOUTHBOUND","RIGHT TURN","true","1","11.0","0.0","4.3","0.0","10","7","2022","12","15","5","900"
"b2b44604eb16ba5ebaace64c107007ce","6502","2022-10-07T12:15:00.000","PLEASANT VALLEY RD / ELMONT DR","SOUTHBOUND","THRU","false","58","29.155","15.251","1.928","4.015","10","7","2022","12","15","5","900"
"e89c7cd3207e5e33e9464979fb820694","6502","2022-10-07T12:15:00.000","PLEASANT VALLEY RD / ELMONT DR","SOUTHBOUND","THRU","true","5","36.4","9.397","1.34","0.853","10","7","2022","12","15","5","900"
"32d19f0712c8585d25f82761b0026184","6502","2022-10-07T12:15:00.000","PLEASANT VALLEY RD / ELMONT DR","WESTBOUND","RIGHT TURN","false","2","5.5","3.536","0.7","0.707","10","7","2022","12","15","5","900"
"f9a2b3c7b1cb2e6cfed1dfa9a76cec5c","6502","2022-10-07T12:15:00.000","PLEASANT VALLEY RD / ELMONT DR","WESTBOUND","THRU","false","12","7.167","4.108","19.758","21.741","10","7","2022","12","15","5","900"
"7c8f349270eb92b4a99a483b5d049ec8","6502","2022-10-07T12:30:00.000","PLEASANT VALLEY RD / ELMONT DR","EASTBOUND","LEFT TURN","false","1","8.0","0.0","1.3","0.0","10","7","2022","12","30","5","900"
"bff2a68b4a6e1106e723eaa0c120905a","6502","2022-10-07T12:30:00.000","PLEASANT VALLEY RD / ELMONT DR","EASTBOUND","RIGHT TURN","false","2","16.5","2.121","3.45","2.333","10","7","2022","12","30","5","900"
"04512e833cfaec2bf1213f3cf41bf929","6502","2022-10-07T12:30:00.000","PLEASANT VALLEY RD / ELMONT DR","EASTBOUND","RIGHT TURN","true","1","2.0","0.0","24.8","0.0","10","7","2022","12","30","5","900"
"7b87012d6b93ad0adfbc3df83515a780","6502","2022-10-07T12:30:00.000","PLEASANT VALLEY RD / ELMONT DR","EASTBOUND","THRU","false","8","8.125","10.246","2.15","2.045","10","7","2022","12","30","5","900"
"3a04d3335398e131cce26054c39956e8","6502","2022-10-07T12:30:00.000","PLEASANT VALLEY RD / ELMONT DR","EASTBOUND","THRU","true","3","10.0","6.245","9.1","14.566","10","7","2022","12","30","5","900"
"56e68ff04106baa8de2bcbbb7c08e421","6502","2022-10-07T12:30:00.000","PLEASANT VALLEY RD / ELMONT DR","NORTHBOUND","LEFT TURN","false","6","13.5","3.146","2.383","1.179","10","7","2022","12","30","5","900"
"134fa5215e2b4a3545b23fa8e484cd25","6502","2022-10-07T12:30:00.000","PLEASANT VALLEY RD / ELMONT DR","NORTHBOUND","RIGHT TURN","false","5","11.0","6.164","10.78","18.376","10","7","2022","12","30","5","900"
"9a38539c46fde1b154e575ef95df57eb","6502","2022-10-07T12:30:00.000","PLEASANT VALLEY RD / ELMONT DR","NORTHBOUND","THRU","false","47","29.021","11.594","2.349","4.174","10","7","2022","12","30","5","900"
"31a551c6afe75c9cd81ceaae389db7df","6502","2022-10-07T12:30:00.000","PLEASANT VALLEY RD / ELMONT DR","NORTHBOUND","THRU","true","9","32.333","12.166","1.144","0.693","10","7","2022","12","30","5","900"
"7366228ea7e110432b47477ff5811cee","6502","2022-10-07T12:30:00.000","PLEASANT VALLEY RD / ELMONT DR","SOUTHBOUND","LEFT TURN","false","6","11.5","9.975","3.467","5.014","10","7","2022","12","30","5","900"
"56d2b15622d3aaa087eb65d031d80801","6502","2022-10-07T12:30:00.000","PLEASANT VALLEY RD / ELMONT DR","SOUTHBOUND","LEFT TURN","true","2","6.5","2.121","0.1","0.141","10","7","2022","12","30","5","900"
"006fa9d85c85876534e1a9bd818f7e53","6502","2022-10-07T12:30:00.000","PLEASANT VALLEY RD / ELMONT DR","SOUTHBOUND","RIGHT TURN","false","4","18.0","6.377","1.3","0.887","10","7","2022","12","30","5","900"
"4947a6c748ba28d4a9c4171d216b796d","6502","2022-10-07T12:30:00.000","PLEASANT VALLEY RD / ELMONT DR","SOUTHBOUND","RIGHT TURN","true","1","14.0","0.0","3.5","0.0","10","7","2022","12","30","5","900"
"b148f6891c02f50574c6d59396ba2d6e","6502","2022-10-07T12:30:00.000","PLEASANT VALLEY RD / ELMONT DR","SOUTHBOUND","THRU","false","66","29.636","13.082","1.115","0.858","10","7","2022","12","30","5","900"
"fc12488c783a3a5663f22907a1002af3","6502","2022-10-07T12:30:00.000","PLEASANT VALLEY RD / ELMONT DR","SOUTHBOUND","THRU","true","9","24.111","14.521","3.178","5.852","10","7","2022","12","30","5","900"
"71cea117539bb585f23c5f0a0a5a019c","6502","2022-10-07T12:30:00.000","PLEASANT VALLEY RD / ELMONT DR","WESTBOUND","RIGHT TURN","false","4","10.25","5.737","3.55","1.533","10","7","2022","12","30","5","900"
"f565fa159ed293a7542920b3bfe33d26","6502","2022-10-07T12:30:00.000","PLEASANT VALLEY RD / ELMONT DR","WESTBOUND","THRU","false","8","13.375","7.615","6.275","11.987","10","7","2022","12","30","5","900"
"2db9bea3239a71a53f24fa2f757a451d","6502","2022-10-07T12:45:00.000","PLEASANT VALLEY RD / ELMONT DR","EASTBOUND","LEFT TURN","false","5","13.2","13.953","7.86","13.667","10","7","2022","12","45","5","900"
"d5c1f5b3a5f55aa8762e89eb1e081da3","6502","2022-10-07T12:45:00.000","PLEASANT VALLEY RD / ELMONT DR","EASTBOUND","LEFT TURN","true","3","4.667","7.234","4.633","3.213","10","7","2022","12","45","5","900"
"02eed84d0665a55171b71bd51589032c","6502","2022-10-07T12:45:00.000","PLEASANT VALLEY RD / ELMONT DR","EASTBOUND","RIGHT TURN","false","6","6.333","6.653","4.733","4.92","10","7","2022","12","45","5","900"
"be519f1eb8c3a82f779bf0b519d4cc35","6502","2022-10-07T12:45:00.000","PLEASANT VALLEY RD / ELMONT DR","EASTBOUND","THRU","false","7","15.571","9.414","1.286","1.128","10","7","2022","12","45","5","900"
"a406cbfa76b1e52394dc2e04e27fe4a3","6502","2022-10-07T12:45:00.000","PLEASANT VALLEY RD / ELMONT DR","EASTBOUND","THRU","true","5","9.4","9.127","3.32","1.137","10","7","2022","12","45","5","900"
"e1009a419ca823fcc5fe0ac1f44e95ea","6502","2022-10-07T12:45:00.000","PLEASANT VALLEY RD / ELMONT DR","NORTHBOUND","LEFT TURN","false","3","7.0","5.568","6.733","10.713","10","7","2022","12","45","5","900"
"1ffb955b249ab9bdaa2c75f1d84e0ecf","6502","2022-10-07T12:45:00.000","PLEASANT VALLEY RD / ELMONT DR","NORTHBOUND","RIGHT TURN","false","1","14.0","0.0","3.4","0.0","10","7","2022","12","45","5","900"
"21d8bf44d0545dd5e562ae6e7386d287","6502","2022-10-07T12:45:00.000","PLEASANT VALLEY RD / ELMONT DR","NORTHBOUND","THRU","false","34","22.353","14.178","4.438","7.092","10","7","2022","12","45","5","900"
"05d7ee5acf68ddff28a3b8a8df7f1c5f","6502","2022-10-07T12:45:00.000","PLEASANT VALLEY RD / ELMONT DR","NORTHBOUND","THRU","true","4","24.75","19.363","0.9","0.663","10","7","2022","12","45","5","900"
"c196599146329a6b5b1a8ba47102d5d8","6502","2022-10-07T12:45:00.000","PLEASANT VALLEY RD / ELMONT DR","NORTHBOUND","U-TURN","false","1","5.0","0.0","0.5","0.0","10","7","2022","12","45","5","900"
"c6171da439844601641e1721c374ebf3","6502","2022-10-07T12:45:00.000","PLEASANT VALLEY RD / ELMONT DR","SOUTHBOUND","LEFT TURN","false","5","8.6","7.021","8.6","18.282","10","7","2022","12","45","5","900"
"fe35dd63020740996d6a33d6d26a0d15","6502","2022-10-07T12:45:00.000","PLEASANT VALLEY RD / ELMONT DR","SOUTHBOUND","RIGHT TURN","false","6","17.333","2.658","1.633","1.093","10","7","2022","12","45","5","900"
"1ff5e7349e0f5602df7791b6f9d9b526","6502","2022-10-07T12:45:00.000","PLEASANT VALLEY RD / ELMONT DR","SOUTHBOUND","RIGHT TURN","true","1","17.0","0.0","3.2","0.0","10","7","2022","12","45","5","900"
"97e25afa25849f1a596417f288fbeb9a","6502","2022-10-07T12:45:00.000","PLEASANT VALLEY RD / ELMONT DR","SOUTHBOUND","THRU","false","49","29.347","13.637","4.149","10.172","10","7","2022","12","45","5","900"
"afa4ec64dfc18d1e8f5e30f59bf169c2","6502","2022-10-07T12:45:00.000","PLEASANT VALLEY RD / ELMONT DR","SOUTHBOUND","THRU","true","3","24.0","13.077","1.967","0.896","10","7","2022","12","45","5","900"
"cba23fb7a3d6ed811d99c32cf5f678fc","6502","2022-10-07T12:45:00.000","PLEASANT VALLEY RD / ELMONT DR","WESTBOUND","LEFT TURN","false","1","9.0","0.0","0.6","0.0","10","7","2022","12","45","5","900"
"b08dfe7d1a8d0d0b76bb04e65fa9f1e7","6502","2022-10-07T12:45:00.000","PLEASANT VALLEY RD / ELMONT DR","WESTBOUND","RIGHT TURN","false","6","14.0","2.191","2.367","0.807","10","7","2022","12","45","5","900"
"948ec9ece64cb3968e2ba66d2657baf2","6502","2022-10-07T12:45:00.000","PLEASANT VALLEY RD / ELMONT DR","WESTBOUND","THRU","false","7","8.286","5.823","6.9","13.886","10","7","2022","12","45","5","900"
"983de4396b5ceb15eeb298da8024175d","6502","2022-10-07T13:00:00.000","PLEASANT VALLEY RD / ELMONT DR","EASTBOUND","LEFT TURN","false","4","5.25","3.304","1.725","3.126","10","7","2022","13","0","5","900"
"cc48acbfc691ea1da81894a2c2ce50bb","6502","2022-10-07T13:00:00.000","PLEASANT VALLEY RD / ELMONT DR","EASTBOUND","LEFT TURN","true","1","1.0","0.0","75.5","0.0","10","7","2022","13","0","5","900"
"e4e8a53f1c2ab4241cfe864070bae445","6502","2022-10-07T13:00:00.000","PLEASANT VALLEY RD / ELMONT DR","EASTBOUND","RIGHT TURN","false","4","13.25","6.652","2.75","1.173","10","7","2022","13","0","5","900"
"bf918964d38f8a33181fa2cc3df9323b","6502","2022-10-07T13:00:00.000","PLEASANT VALLEY RD / ELMONT DR","EASTBOUND","THRU","false","9","10.333","9.785","18.811","21.04","10","7","2022","13","0","5","900"
"1b8c91f92973b014556841888febf0a5","6502","2022-10-07T13:00:00.000","PLEASANT VALLEY RD / ELMONT DR","EASTBOUND","THRU","true","2","7.5","7.778","0.1","0.141","10","7","2022","13","0","5","900"
"43bc21bc6290e6af133b7bf9d49e9c68","6502","2022-10-07T13:00:00.000","PLEASANT VALLEY RD / ELMONT DR","NORTHBOUND","LEFT TURN","false","3","9.667","7.371","1.4","1.058","10","7","2022","13","0","5","900"
"2362f3d9cddc8a983c865cee2fe9902a","6502","2022-10-07T13:00:00.000","PLEASANT VALLEY RD / ELMONT DR","NORTHBOUND","RIGHT TURN","false","2","12.0","2.828","7.0","9.051","10","7","2022","13","0","5","900"
"1e6eb304b416b0c55a1e92a72bd744c1","6502","2022-10-07T13:00:00.000","PLEASANT VALLEY RD / ELMONT DR","NORTHBOUND","THRU","false","76","21.658","10.799","4.23","6.701","10","7","2022","13","0","5","900"
"024c03e6d98b95e03bd6dd309d24aef8","6502","2022-10-07T13:00:00.000","PLEASANT VALLEY RD / ELMONT DR","NORTHBOUND","THRU","true","14","22.286","12.773","5.493","9.943","10","7","2022","13","0","5","900"
"0bc8a76abbb6bb9c06b17711fc0b929f","6502","2022-10-07T13:00:00.000","PLEASANT VALLEY RD / ELMONT DR","SOUTHBOUND","LEFT TURN","false","6","14.0","8.05","5.433","11.614","10","7","2022","13","0","5","900"
"620d4a90e25676b2f680e54a4ed147a5","6502","2022-10-07T13:00:00.000","PLEASANT VALLEY RD / ELMONT DR","SOUTHBOUND","LEFT TURN","true","1","6.0","0.0","63.8","0.0","10","7","2022","13","0","5","900"
"a4bc13dfd14245fecac1847877659dc6","6502","2022-10-07T13:00:00.000","PLEASANT VALLEY RD / ELMONT DR","SOUTHBOUND","RIGHT TURN","false","7","15.286","6.8","2.029","0.912","10","7","2022","13","0","5","900"
"10e3f09c28a436258853cd12e2bb705d","6502","2022-10-07T13:00:00.000","PLEASANT VALLEY RD / ELMONT DR","SOUTHBOUND","RIGHT TURN","true","1","24.0","0.0","0.7","0.0","10","7","2022","13","0","5","900"
"f7531d634f16297b26fdf0c0a44e6c27","6502","2022-10-07T13:00:00.000","PLEASANT VALLEY RD / ELMONT DR","SOUTHBOUND","THRU","false","41","27.537","15.31","1.28","1.319","10","7","2022","13","0","5","900"
"2a0301e3fd91f2a8e123a2dcf002bd36","6502","2022-10-07T13:00:00.000","PLEASANT VALLEY RD / ELMONT DR","SOUTHBOUND","THRU","true","4","22.0","7.257","1.725","1.537","10","7","2022","13","0","5","900"
"f65d6e8e822b25378943bed33fc0f0a1","6502","2022-10-07T13:00:00.000","PLEASANT VALLEY RD / ELMONT DR","WESTBOUND","RIGHT TURN","false","3","12.333","8.327","2.9","1.229","10","7","2022","13","0","5","900"
"5692a8daf538fd6f2668c47dc30bdfb3","6502","2022-10-07T13:00:00.000","PLEASANT VALLEY RD / ELMONT DR","WESTBOUND","THRU","false","10","15.8","7.115","6.84","13.548","10","7","2022","13","0","5","900"
"e4704339293414ddf98424c3927e4808","6502","2022-10-07T13:15:00.000","PLEASANT VALLEY RD / ELMONT DR","EASTBOUND","LEFT TURN","false","5","5.8","3.271","3.12","1.854","10","7","2022","13","15","5","900"
"b92094b0d66458ae6bba9cfc851196f2","6502","2022-10-07T13:15:00.000","PLEASANT VALLEY RD / ELMONT DR","EASTBOUND","LEFT TURN","true","1","17.0","0.0","1.1","0.0","10","7","2022","13","15","5","900"
"d00cfc90b9d5c5cb0b8704a9463b2aa9","6502","2022-10-07T13:15:00.000","PLEASANT VALLEY RD / ELMONT DR","EASTBOUND","RIGHT TURN","false","3","20.0","6.0","3.733","1.115","10","7","2022","13","15","5","900"
"013bcd30f72ce771c72d70d6cb65f71d","6502","2022-10-07T13:15:00.000","PLEASANT VALLEY RD / ELMONT DR","EASTBOUND","THRU","false","5","11.4","11.803","4.1","7.053","10","7","2022","13","15","5","900"
"061060dc74ad01119fc88cd7de693453","6502","2022-10-07T13:15:00.000","PLEASANT VALLEY RD / ELMONT DR","NORTHBOUND","LEFT TURN","false","3","9.667","6.658","4.7","3.923","10","7","2022","13","15","5","900"
"b5931194a8f62e18a0f70d2d9c37751a","6502","2022-10-07T13:15:00.000","PLEASANT VALLEY RD / ELMONT DR","NORTHBOUND","LEFT TURN","true","1","10.0","0.0","0.6","0.0","10","7","2022","13","15","5","900"
"348c4eaac9f6b26adb898671fa7aa3d3","6502","2022-10-07T13:15:00.000","PLEASANT VALLEY RD / ELMONT DR","NORTHBOUND","RIGHT TURN","false","3","18.0","2.0","1.967","0.351","10","7","2022","13","15","5","900"
"fb19205eee6220ca0cefdaff9012cc33","6502","2022-10-07T13:15:00.000","PLEASANT VALLEY RD / ELMONT DR","NORTHBOUND","THRU","false","49","23.857","13.847","4.041","7.703","10","7","2022","13","15","5","900"
"fe806b48bf507e7659b83899e5a6dfff","6502","2022-10-07T13:15:00.000","PLEASANT VALLEY RD / ELMONT DR","NORTHBOUND","THRU","true","8","22.25","9.13","4.912","7.477","10","7","2022","13","15","5","900"
"968c56289cf2654f87e003df425770c4","6502","2022-10-07T13:15:00.000","PLEASANT VALLEY RD / ELMONT DR","SOUTHBOUND","LEFT TURN","false","10","17.0","11.225","3.38","4.73","10","7","2022","13","15","5","900"
"7b4af725a30e6eb3204f31acf00b71d4","6502","2022-10-07T13:15:00.000","PLEASANT VALLEY RD / ELMONT DR","SOUTHBOUND","RIGHT TURN","false","3","13.333","4.509","1.133","0.945","10","7","2022","13","15","5","900"
"0d5b85d24b77ed1d599f6bb4324db146","6502","2022-10-07T13:15:00.000","PLEASANT VALLEY RD / ELMONT DR","SOUTHBOUND","THRU","false","33","27.242","17.743","4.255","8.442","10","7","2022","13","15","5","900"
"46372ab32dd15adc8c7a588e5dbc9a2d","6502","2022-10-07T13:15:00.000","PLEASANT VALLEY RD / ELMONT DR","SOUTHBOUND","THRU","true","7","22.286","15.924","2.529","3.498","10","7","2022","13","15","5","900"
"5c2e95ad2544e543a7f8c23799859810","6502","2022-10-07T13:15:00.000","PLEASANT VALLEY RD / ELMONT DR","WESTBOUND","RIGHT TURN","false","4","9.0","1.414","2.975","1.533","10","7","2022","13","15","5","900"
"6dcc3e0f0879ddfbc5c092fcea25199e","6502","2022-10-07T13:15:00.000","PLEASANT VALLEY RD / ELMONT DR","WESTBOUND","RIGHT TURN","true","1","1.0","0.0","1.1","0.0","10","7","2022","13","15","5","900"
"48bc86a9b8d23a26526eac4156c10e3c","6502","2022-10-07T13:15:00.000","PLEASANT VALLEY RD / ELMONT DR","WESTBOUND","THRU","false","10","10.3","4.62","2.82","1.445","10","7","2022","13","15","5","900"
"0f83c311d26cf874b30bad04f41355f4","6502","2022-10-07T13:30:00.000","PLEASANT VALLEY RD / ELMONT DR","EASTBOUND","LEFT TURN","false","3","7.667","10.017","15.667","26.704","10","7","2022","13","30","5","900"
"be91e2d0726ef790c8251d640739742b","6502","2022-10-07T13:30:00.000","PLEASANT VALLEY RD / ELMONT DR","EASTBOUND","LEFT TURN","true","1","16.0","0.0","2.8","0.0","10","7","2022","13","30","5","900"
"f281d61e207002784070248bffb0c14d","6502","2022-10-07T13:30:00.000","PLEASANT VALLEY RD / ELMONT DR","EASTBOUND","RIGHT TURN","false","2","11.0","9.899","3.15","2.475","10","7","2022","13","30","5","900"
"15efb2151023bc424b3de074cc78087e","6502","2022-10-07T13:30:00.000","PLEASANT VALLEY RD / ELMONT DR","EASTBOUND","THRU","false","7","8.429","7.044","5.943","11.02","10","7","2022","13","30","5","900"
"361b7f396fa80ba2e636544939b9db90","6502","2022-10-07T13:30:00.000","PLEASANT VALLEY RD / ELMONT DR","EASTBOUND","THRU","true","4","7.25","4.787","12.75","20.271","10","7","2022","13","30","5","900"
"5fe5ec04d65e3bc75db7f450d82e640f","6502","2022-10-07T13:30:00.000","PLEASANT VALLEY RD / ELMONT DR","NORTHBOUND","LEFT TURN","false","4","9.75","10.046","5.325","7.614","10","7","2022","13","30","5","900"
"02d4f701bcdae4d629893891d0f503e5","6502","2022-10-07T13:30:00.000","PLEASANT VALLEY RD / ELMONT DR","NORTHBOUND","THRU","false","37","23.162","14.08","1.378","1.075","10","7","2022","13","30","5","900"
"d6465eb793ade382bbe3e905ee7e5835","6502","2022-10-07T13:30:00.000","PLEASANT VALLEY RD / ELMONT DR","NORTHBOUND","THRU","true","6","35.833","13.121","2.9","3.556","10","7","2022","13","30","5","900"
"40dfb4df19466d96acf5237063c14f81","6502","2022-10-07T13:30:00.000","PLEASANT VALLEY RD / ELMONT DR","SOUTHBOUND","LEFT TURN","false","3","17.667","14.572","5.933","7.694","10","7","2022","13","30","5","900"
"4325e8f133922b69fce3190ae539c166","6502","2022-10-07T13:30:00.000","PLEASANT VALLEY RD / ELMONT DR","SOUTHBOUND","RIGHT TURN","false","2","18.0","5.657","2.35","0.071","10","7","2022","13","30","5","900"
"5dc208e03db0b6ff85b4d766282ed7de","6502","2022-10-07T13:30:00.000","PLEASANT VALLEY RD / ELMONT DR","SOUTHBOUND","RIGHT TURN","true","1","17.0","0.0","4.8","0.0","10","7","2022","13","30","5","900"
"fc0ad6a8d3f81705f26a38ba6ef36471","6502","2022-10-07T13:30:00.000","PLEASANT VALLEY RD / ELMONT DR","SOUTHBOUND","THRU","false","43","31.837","13.16","3.635","8.524","10","7","2022","13","30","5","900"
"b33858852bb4fa72d08ea0ef1d4c9f33","6502","2022-10-07T13:30:00.000","PLEASANT VALLEY RD / ELMONT DR","SOUTHBOUND","THRU","true","2","20.5","27.577","20.4","25.456","10","7","2022","13","30","5","900"
"5fce469471514d71a516f1a2caca99e9","6502","2022-10-07T13:30:00.000","PLEASANT VALLEY RD / ELMONT DR","WESTBOUND","RIGHT TURN","false","2","9.5","6.364","3.9","1.838","10","7","2022","13","30","5","900"
"c501023bd352c02461f90ae00a69b804","6502","2022-10-07T13:30:00.000","PLEASANT VALLEY RD / ELMONT DR","WESTBOUND","THRU","false","6","23.333","38.996","5.517","10.948","10","7","2022","13","30","5","900"
"a5e78a7575e27f6d768d777449c0ec54","6502","2022-10-07T13:45:00.000","PLEASANT VALLEY RD / ELMONT DR","EASTBOUND","LEFT TURN","false","1","10.0","0.0","0.0","0.0","10","7","2022","13","45","5","900"
"462ffb550297df394196a78973c5caec","6502","2022-10-07T13:45:00.000","PLEASANT VALLEY RD / ELMONT DR","EASTBOUND","THRU","false","4","13.5","11.15","3.375","5.572","10","7","2022","13","45","5","900"
"90c0061eb4c264cf846bb2ee01ce25ac","6502","2022-10-07T13:45:00.000","PLEASANT VALLEY RD / ELMONT DR","EASTBOUND","THRU","true","2","11.0","4.243","0.9","1.273","10","7","2022","13","45","5","900"
"32c95a872541e08e6127bb4c4a79da2f","6502","2022-10-07T13:45:00.000","PLEASANT VALLEY RD / ELMONT DR","NORTHBOUND","THRU","false","24","29.542","13.4","2.75","4.476","10","7","2022","13","45","5","900"
"91126344b0cedd4dd4378cdb96f29c2f","6502","2022-10-07T13:45:00.000","PLEASANT VALLEY RD / ELMONT DR","NORTHBOUND","THRU","true","4","24.25","14.315","1.85","1.955","10","7","2022","13","45","5","900"
"e950647d2017a29173af724956a550eb","6502","2022-10-07T13:45:00.000","PLEASANT VALLEY RD / ELMONT DR","SOUTHBOUND","LEFT TURN","false","6","9.5","7.868","1.233","1.224","10","7","2022","13","45","5","900"
"ef344cef34b3dca00b115cbc695e9449","6502","2022-10-07T13:45:00.000","PLEASANT VALLEY RD / ELMONT DR","SOUTHBOUND","LEFT TURN","true","2","13.5","12.021","1.7","0.99","10","7","2022","13","45","5","900"
"ca2b0b1ef4afc463db21eda30170f9c9","6502","2022-10-07T13:45:00.000","PLEASANT VALLEY RD / ELMONT DR","SOUTHBOUND","RIGHT TURN","false","2","15.5","6.364","1.35","1.344","10","7","2022","13","45","5","900"
"4e4136dbea3c6e4dd48ee539d90fe286","6502","2022-10-07T13:45:00.000","PLEASANT VALLEY RD / ELMONT DR","SOUTHBOUND","THRU","false","40","31.1","13.355","1.638","3.018","10","7","2022","13","45","5","900"
"8c1c2bfdff6beb2b17aeeebe0c778e16","6502","2022-10-07T13:45:00.000","PLEASANT VALLEY RD / ELMONT DR","SOUTHBOUND","THRU","true","4","15.75","13.276","1.05","0.915","10","7","2022","13","45","5","900"
"bbc7c6c50a9d235e2cf6eb48d3ceb5ca","6502","2022-10-07T13:45:00.000","PLEASANT VALLEY RD / ELMONT DR","WESTBOUND","RIGHT TURN","false","1","7.0","0.0","5.5","0.0","10","7","2022","13","45","5","900"
"f4b7ddc5e1e09fe68cabfeb0c7d53ae4","6502","2022-10-07T13:45:00.000","PLEASANT VALLEY RD / ELMONT DR","WESTBOUND","THRU","false","5","11.2","11.454","0.62","0.585","10","7","2022","13","45","5","900"
"cd443a38dbb550cd99cdcc51467d873f","6502","2022-10-07T14:00:00.000","PLEASANT VALLEY RD / ELMONT DR","EASTBOUND","LEFT TURN","false","2","6.0","7.071","1.7","2.121","10","7","2022","14","0","5","900"
"21b23adbda9ab999784f4e2d45e36cc8","6502","2022-10-07T14:00:00.000","PLEASANT VALLEY RD / ELMONT DR","EASTBOUND","RIGHT TURN","false","2","10.5","13.435","4.65","4.455","10","7","2022","14","0","5","900"
"8ca7518d3f75f0c5fbe52d337b1f07b4","6502","2022-10-07T14:00:00.000","PLEASANT VALLEY RD / ELMONT DR","EASTBOUND","THRU","false","5","8.2","6.058","5.02","7.121","10","7","2022","14","0","5","900"
"71d2a2c2ee399174757abaa3f6764cb3","6502","2022-10-07T14:00:00.000","PLEASANT VALLEY RD / ELMONT DR","EASTBOUND","THRU","true","5","16.0","9.772","5.3","8.913","10","7","2022","14","0","5","900"
"08041e049513b02f5d4864642ba7e751","6502","2022-10-07T14:00:00.000","PLEASANT VALLEY RD / ELMONT DR","NORTHBOUND","LEFT TURN","false","5","10.0","6.285","4.74","8.639","10","7","2022","14","0","5","900"
"ded523f0ccbba0fc5c60f9fd8dc7d70e","6502","2022-10-07T14:00:00.000","PLEASANT VALLEY RD / ELMONT DR","NORTHBOUND","THRU","false","23","23.391","12.206","2.291","2.574","10","7","2022","14","0","5","900"
"f93702f72ac46304b7a758a7ecb4c819","6502","2022-10-07T14:00:00.000","PLEASANT VALLEY RD / ELMONT DR","NORTHBOUND","THRU","true","9","19.444","10.076","4.656","7.146","10","7","2022","14","0","5","900"
"9f9c9b894cbfbf20bdb91f4fbaf3011e","6502","2022-10-07T14:00:00.000","PLEASANT VALLEY RD / ELMONT DR","SOUTHBOUND","LEFT TURN","false","7","18.286","6.343","1.086","0.807","10","7","2022","14","0","5","900"
"0085b2529a127a28efed829c30713100","6502","2022-10-07T14:00:00.000","PLEASANT VALLEY RD / ELMONT DR","SOUTHBOUND","RIGHT TURN","false","2","14.5","0.707","1.2","1.273","10","7","2022","14","0","5","900"
"db8609fb3882b7fb86cdbd1e37920f7e","6502","2022-10-07T14:00:00.000","PLEASANT VALLEY RD / ELMONT DR","SOUTHBOUND","RIGHT TURN","true","1","8.0","0.0","3.2","0.0","10","7","2022","14","0","5","900"
"a8837cbc6a9d7a4e58e3f731e9f52ec8","6502","2022-10-07T14:00:00.000","PLEASANT VALLEY RD / ELMONT DR","SOUTHBOUND","THRU","false","29","24.966","12.594","3.459","7.362","10","7","2022","14","0","5","900"
"79c6c4363181f526b506356e6f40625b","6502","2022-10-07T14:00:00.000","PLEASANT VALLEY RD / ELMONT DR","SOUTHBOUND","THRU","true","5","16.6","10.213","3.28","4.53","10","7","2022","14","0","5","900"
"f58104b1ce8b02feecff934f973f8f4b","6502","2022-10-07T14:00:00.000","PLEASANT VALLEY RD / ELMONT DR","WESTBOUND","RIGHT TURN","false","1","17.0","0.0","2.2","0.0","10","7","2022","14","0","5","900"
"02f8ae6f164bb38f4dd3f40f0018fb33","6502","2022-10-07T14:00:00.000","PLEASANT VALLEY RD / ELMONT DR","WESTBOUND","THRU","false","12","11.75","7.338","7.533","12.346","10","7","2022","14","0","5","900"
"5b9665706bb287c58144cc66608896d0","6502","2022-10-07T14:15:00.000","PLEASANT VALLEY RD / ELMONT DR","EASTBOUND","LEFT TURN","false","2","8.0","1.414","0.4","0.566","10","7","2022","14","15","5","900"
"bd2d3dcf321d4a6e21756bc16ad999f8","6502","2022-10-07T14:15:00.000","PLEASANT VALLEY RD / ELMONT DR","EASTBOUND","RIGHT TURN","false","2","13.0","8.485","3.1","0.99","10","7","2022","14","15","5","900"
"ab9fd43cbd43db4bbc2c6ed57e1cd248","6502","2022-10-07T14:15:00.000","PLEASANT VALLEY RD / ELMONT DR","EASTBOUND","THRU","false","5","12.6","7.335","2.18","2.722","10","7","2022","14","15","5","900"
"31ec4bd857ea2f0d4a1de01b4a45e8d7","6502","2022-10-07T14:15:00.000","PLEASANT VALLEY RD / ELMONT DR","EASTBOUND","THRU","true","1","22.0","0.0","1.4","0.0","10","7","2022","14","15","5","900"
"eefa4e93b16ea8b1075e61f482d7f983","6502","2022-10-07T14:15:00.000","PLEASANT VALLEY RD / ELMONT DR","NORTHBOUND","LEFT TURN","false","3","13.0","6.928","2.633","0.777","10","7","2022","14","15","5","900"
"8acd195a4a0526a7d118fd7c917b2422","6502","2022-10-07T14:15:00.000","PLEASANT VALLEY RD / ELMONT DR","NORTHBOUND","THRU","false","22","25.636","12.465","1.368","0.993","10","7","2022","14","15","5","900"
"17c25d0a80aa5861a8964d0e07456f63","6502","2022-10-07T14:15:00.000","PLEASANT VALLEY RD / ELMONT DR","NORTHBOUND","THRU","true","5","14.8","11.454","7.6","10.717","10","7","2022","14","15","5","900"
"ae9095ffb5e667229f43432fd66d8b78","6502","2022-10-07T14:15:00.000","PLEASANT VALLEY RD / ELMONT DR","SOUTHBOUND","LEFT TURN","false","7","7.286","8.22","5.157","10.898","10","7","2022","14","15","5","900"
"2a690de2070e010c254ff1f8ab249246","6502","2022-10-07T14:15:00.000","PLEASANT VALLEY RD / ELMONT DR","SOUTHBOUND","RIGHT TURN","false","1","10.0","0.0","4.0","0.0","10","7","2022","14","15","5","900"
"0529648f5c9463ade97e159b5ae871a7","6502","2022-10-07T14:15:00.000","PLEASANT VALLEY RD / ELMONT DR","SOUTHBOUND","THRU","false","29","19.621","12.225","2.821","5.268","10","7","2022","14","15","5","900"
"fc9e4958fa452facb71253722fc904bb","6502","2022-10-07T14:15:00.000","PLEASANT VALLEY RD / ELMONT DR","SOUTHBOUND","THRU","true","4","15.0","7.118","2.85","1.642","10","7","2022","14","15","5","900"
"6267176a8ffc5fdc15dd30fc54630aee","6502","2022-10-07T14:15:00.000","PLEASANT VALLEY RD / ELMONT DR","WESTBOUND","RIGHT TURN","false","2","6.5","0.707","0.9","0.99","10","7","2022","14","15","5","900"
"8a151333ac0da14504fd56c2af2cff13","6502","2022-10-07T14:15:00.000","PLEASANT VALLEY RD / ELMONT DR","WESTBOUND","THRU","false","12","11.0","4.39","7.808","20.159","10","7","2022","14","15","5","900"
"6cb6afd67eb0af6d85e6d4d89f94aa54","6502","2022-10-07T14:15:00.000","PLEASANT VALLEY RD / ELMONT DR","WESTBOUND","THRU","true","1","14.0","0.0","2.5","0.0","10","7","2022","14","15","5","900"
"a9f960da4382f0826fb3fe63b0716acc","6502","2022-10-07T14:30:00.000","PLEASANT VALLEY RD / ELMONT DR","EASTBOUND","LEFT TURN","false","2","5.0","1.414","12.2","17.253","10","7","2022","14","30","5","900"
"d07bcd95d6d6b12c4995c2a33a15012f","6502","2022-10-07T14:30:00.000","PLEASANT VALLEY RD / ELMONT DR","EASTBOUND","LEFT TURN","true","1","4.0","0.0","1.0","0.0","10","7","2022","14","30","5","900"
"d7acc5995d6bf6b58f6807d9af8e1e6b","6502","2022-10-07T14:30:00.000","PLEASANT VALLEY RD / ELMONT DR","EASTBOUND","RIGHT TURN","false","1","6.0","0.0","0.8","0.0","10","7","2022","14","30","5","900"
"01c76dff12572658ac8005a59136ea06","6502","2022-10-07T14:30:00.000","PLEASANT VALLEY RD / ELMONT DR","EASTBOUND","THRU","false","8","10.5","6.761","1.175","1.531","10","7","2022","14","30","5","900"
"e495ad97336225726cdd9dda41e5cf06","6502","2022-10-07T14:30:00.000","PLEASANT VALLEY RD / ELMONT DR","EASTBOUND","THRU","true","3","0.333","0.577","1.533","0.961","10","7","2022","14","30","5","900"
"9f9dc50b10dc75e52ce8cc48c37327c0","6502","2022-10-07T14:30:00.000","PLEASANT VALLEY RD / ELMONT DR","NORTHBOUND","LEFT TURN","false","5","11.0","5.657","1.34","0.853","10","7","2022","14","30","5","900"
"cfb3a706be8639ad4793c07346ea5c51","6502","2022-10-07T14:30:00.000","PLEASANT VALLEY RD / ELMONT DR","NORTHBOUND","LEFT TURN","true","1","14.0","0.0","1.4","0.0","10","7","2022","14","30","5","900"
"8307d19b85b85318a2a03b684291737a","6502","2022-10-07T14:30:00.000","PLEASANT VALLEY RD / ELMONT DR","NORTHBOUND","THRU","false","32","24.281","12.829","2.503","3.409","10","7","2022","14","30","5","900"
"d8cbc6ef22c7bb2a6b155bc8f5cd959f","6502","2022-10-07T14:30:00.000","PLEASANT VALLEY RD / ELMONT DR","NORTHBOUND","THRU","true","11","28.727","11.261","1.082","0.97","10","7","2022","14","30","5","900"
"9bd175bc544bcf2265c1eafe95a5572c","6502","2022-10-07T14:30:00.000","PLEASANT VALLEY RD / ELMONT DR","SOUTHBOUND","LEFT TURN","false","5","15.4","7.232","2.14","1.37","10","7","2022","14","30","5","900"
"6ef4612a0e91ad719bf7280659c87185","6502","2022-10-07T14:30:00.000","PLEASANT VALLEY RD / ELMONT DR","SOUTHBOUND","LEFT TURN","true","1","6.0","0.0","6.0","0.0","10","7","2022","14","30","5","900"
"80174dab17e9700d22aac01c0c97b7df","6502","2022-10-07T14:30:00.000","PLEASANT VALLEY RD / ELMONT DR","SOUTHBOUND","RIGHT TURN","false","1","11.0","0.0","1.8","0.0","10","7","2022","14","30","5","900"
"a179bbb14a92ffdf07606fe4aa53ac65","6502","2022-10-07T14:30:00.000","PLEASANT VALLEY RD / ELMONT DR","SOUTHBOUND","THRU","false","46","23.674","15.709","2.883","6.1","10","7","2022","14","30","5","900"
"b948f5e1407bbaf6fa7e636136c3637a","6502","2022-10-07T14:30:00.000","PLEASANT VALLEY RD / ELMONT DR","SOUTHBOUND","THRU","true","3","23.333","3.786","2.867","1.115","10","7","2022","14","30","5","900"
"1419093658613607c225865f6a7d4d29","6502","2022-10-07T14:30:00.000","PLEASANT VALLEY RD / ELMONT DR","WESTBOUND","RIGHT TURN","false","5","13.2","13.989","3.94","5.283","10","7","2022","14","30","5","900"
"123c86ad5e309541e2b4a45ba175fb07","6502","2022-10-07T14:30:00.000","PLEASANT VALLEY RD / ELMONT DR","WESTBOUND","THRU","false","8","9.5","4.84","3.438","5.764","10","7","2022","14","30","5","900"
"2f3fdc1b477d836a60f1a80df08e47f3","6502","2022-10-07T14:45:00.000","PLEASANT VALLEY RD / ELMONT DR","EASTBOUND","LEFT TURN","false","1","2.0","0.0","0.0","0.0","10","7","2022","14","45","5","900"
"43be5a0704a291cb08443601f00c50ee","6502","2022-10-07T14:45:00.000","PLEASANT VALLEY RD / ELMONT DR","EASTBOUND","THRU","false","2","12.5","2.121","1.3","0.707","10","7","2022","14","45","5","900"
"4be8d2a4866ce345be317d5080e61ff7","6502","2022-10-07T14:45:00.000","PLEASANT VALLEY RD / ELMONT DR","NORTHBOUND","LEFT TURN","false","1","13.0","0.0","0.7","0.0","10","7","2022","14","45","5","900"
"ae0b505d64569b6d642513408d01ce43","6502","2022-10-07T14:45:00.000","PLEASANT VALLEY RD / ELMONT DR","NORTHBOUND","THRU","false","15","28.667","14.695","0.807","0.711","10","7","2022","14","45","5","900"
"5cbce820dcf38445c67765804afc3105","6502","2022-10-07T14:45:00.000","PLEASANT VALLEY RD / ELMONT DR","NORTHBOUND","THRU","true","4","34.25","12.764","2.225","2.324","10","7","2022","14","45","5","900"
"e798bb204ecfc09d53a0f863a4ac55a6","6502","2022-10-07T14:45:00.000","PLEASANT VALLEY RD / ELMONT DR","SOUTHBOUND","LEFT TURN","false","5","11.0","6.633","0.36","0.75","10","7","2022","14","45","5","900"
"636cb3f40edcf338834fe00a9310727f","6502","2022-10-07T14:45:00.000","PLEASANT VALLEY RD / ELMONT DR","SOUTHBOUND","LEFT TURN","true","1","23.0","0.0","0.6","0.0","10","7","2022","14","45","5","900"
"8be52ab0a4fb85d7e138b533d1c65ae3","6502","2022-10-07T14:45:00.000","PLEASANT VALLEY RD / ELMONT DR","SOUTHBOUND","RIGHT TURN","false","1","20.0","0.0","1.6","0.0","10","7","2022","14","45","5","900"
"ae30ecf6b3694b265b07ad3d665efd63","6502","2022-10-07T14:45:00.000","PLEASANT VALLEY RD / ELMONT DR","SOUTHBOUND","THRU","false","13","28.846","13.063","1.277","1.065","10","7","2022","14","45","5","900"
"bc4fe09fedf930b20d5c3c5c5dd2824e","6502","2022-10-07T14:45:00.000","PLEASANT VALLEY RD / ELMONT DR","SOUTHBOUND","THRU","true","3","25.333","9.713","1.933","0.231","10","7","2022","14","45","5","900"
"af365a875230984a71751f86023ce4ee","6502","2022-10-07T14:45:00.000","PLEASANT VALLEY RD / ELMONT DR","WESTBOUND","THRU","false","4","9.5","6.137","1.4","0.983","10","7","2022","14","45","5","900"
"321e8c633a0858acaf74ee029f5b7c0d","6502","2022-10-07T14:45:00.000","PLEASANT VALLEY RD / ELMONT DR","WESTBOUND","THRU","true","1","8.0","0.0","11.9","0.0","10","7","2022","14","45","5","900"
"b8623dd3cb6fe6ada033d5c9e11fa2d4","6502","2022-10-07T15:00:00.000","PLEASANT VALLEY RD / ELMONT DR","EASTBOUND","LEFT TURN","false","3","5.0","2.646","2.267","3.926","10","7","2022","15","0","5","900"
"9d34e5f9142eaafa49c7caaade3cd104","6502","2022-10-07T15:00:00.000","PLEASANT VALLEY RD / ELMONT DR","EASTBOUND","LEFT TURN","true","1","2.0","0.0","16.6","0.0","10","7","2022","15","0","5","900"
"72dc3079b34566da2f556c7519e364a4","6502","2022-10-07T15:00:00.000","PLEASANT VALLEY RD / ELMONT DR","EASTBOUND","THRU","false","9","10.222","9.011","3.856","7.764","10","7","2022","15","0","5","900"
"2d3b2dbfc45379d1f2cd2ce5c73c610b","6502","2022-10-07T15:00:00.000","PLEASANT VALLEY RD / ELMONT DR","EASTBOUND","THRU","true","1","13.0","0.0","1.1","0.0","10","7","2022","15","0","5","900"
"a06cf42ebd92d06afa74e4387f5c4c33","6502","2022-10-07T15:00:00.000","PLEASANT VALLEY RD / ELMONT DR","NORTHBOUND","THRU","false","32","23.375","12.341","3.15","4.368","10","7","2022","15","0","5","900"
"326e2836d5b9a447f3419ca30b88abd2","6502","2022-10-07T15:00:00.000","PLEASANT VALLEY RD / ELMONT DR","NORTHBOUND","THRU","true","13","25.692","10.491","1.385","1.659","10","7","2022","15","0","5","900"
"553f612edb643579ac490803e3046cae","6502","2022-10-07T15:00:00.000","PLEASANT VALLEY RD / ELMONT DR","SOUTHBOUND","LEFT TURN","false","9","13.778","7.259","1.111","1.003","10","7","2022","15","0","5","900"
"09ac517f36533bbbb9c64513d4d98546","6502","2022-10-07T15:00:00.000","PLEASANT VALLEY RD / ELMONT DR","SOUTHBOUND","THRU","false","39","34.59","16.902","0.892","0.778","10","7","2022","15","0","5","900"
"9475e3fb3c7dcbd20b1ed686484820c5","6502","2022-10-07T15:00:00.000","PLEASANT VALLEY RD / ELMONT DR","SOUTHBOUND","THRU","true","8","32.125","12.999","0.588","0.909","10","7","2022","15","0","5","900"
"72a46f864d970f9da48f64e14049d03a","6502","2022-10-07T15:00:00.000","PLEASANT VALLEY RD / ELMONT DR","WESTBOUND","THRU","false","5","5.4","1.517","26.8","22.483","10","7","2022","15","0","5","900"
"b18cb1a7e8ced8b47d2eb4f7b34a2582","6502","2022-10-07T15:15:00.000","PLEASANT VALLEY RD / ELMONT DR","EASTBOUND","LEFT TURN","false","3","12.667","20.232","0.6","0.529","10","7","2022","15","15","5","900"
"0c07d8a7f4df572fa091691839c4e33b","6502","2022-10-07T15:15:00.000","PLEASANT VALLEY RD / ELMONT DR","EASTBOUND","THRU","false","8","61.0","133.201","1.075","1.083","10","7","2022","15","15","5","900"
"d4a42f723bb578dd48b861a1ac694bc3","6502","2022-10-07T15:15:00.000","PLEASANT VALLEY RD / ELMONT DR","NORTHBOUND","LEFT TURN","false","3","18.333","3.512","0.533","0.586","10","7","2022","15","15","5","900"
"e1a2a6ed678151419334c1b8383eab8a","6502","2022-10-07T15:15:00.000","PLEASANT VALLEY RD / ELMONT DR","NORTHBOUND","THRU","false","25","28.64","20.226","2.668","5.293","10","7","2022","15","15","5","900"
"a2fca62c9ba16d2c1a23f929970b6648","6502","2022-10-07T15:15:00.000","PLEASANT VALLEY RD / ELMONT DR","NORTHBOUND","THRU","true","4","24.25","11.843","1.35","1.248","10","7","2022","15","15","5","900"
"f30291c18a1afb14cc3c8bd6a2101f50","6502","2022-10-07T15:15:00.000","PLEASANT VALLEY RD / ELMONT DR","SOUTHBOUND","LEFT TURN","false","5","16.8","6.058","1.74","1.498","10","7","2022","15","15","5","900"
"50b7f1f48640d3a890eab9a2190bbd78","6502","2022-10-07T15:15:00.000","PLEASANT VALLEY RD / ELMONT DR","SOUTHBOUND","LEFT TURN","true","1","26.0","0.0","2.4","0.0","10","7","2022","15","15","5","900"
"a9a62b30958cae7c3f0ecd0f6ab555b2","6502","2022-10-07T15:15:00.000","PLEASANT VALLEY RD / ELMONT DR","SOUTHBOUND","THRU","false","31","34.323","13.828","0.997","1.199","10","7","2022","15","15","5","900"
"a5582fd6739b4061c526ffb6be50ee19","6502","2022-10-07T15:15:00.000","PLEASANT VALLEY RD / ELMONT DR","SOUTHBOUND","THRU","true","6","27.833","13.045","6.0","12.349","10","7","2022","15","15","5","900"
"8b79b9d67cc9ce7e48f479a77035507f","6502","2022-10-07T15:15:00.000","PLEASANT VALLEY RD / ELMONT DR","WESTBOUND","RIGHT TURN","false","3","7.333","4.041","8.2","13.77","10","7","2022","15","15","5","900"
"60c140a33a3f2183790ac1bfa7ba2aad","6502","2022-10-07T15:15:00.000","PLEASANT VALLEY RD / ELMONT DR","WESTBOUND","THRU","false","6","8.0","5.02","2.683","2.525","10","7","2022","15","15","5","900"
"f6c207f8d157e1ddc1950c31871ed709","6502","2022-10-07T15:30:00.000","PLEASANT VALLEY RD / ELMONT DR","EASTBOUND","LEFT TURN","false","2","4.5","0.707","0.0","0.0","10","7","2022","15","30","5","900"
"d505dbca56666a401f996cba68e2efa3","6502","2022-10-07T15:30:00.000","PLEASANT VALLEY RD / ELMONT DR","EASTBOUND","LEFT TURN","true","1","7.0","0.0","25.0","0.0","10","7","2022","15","30","5","900"
"e08a9ebac9f725fe1c35ffae763e0d64","6502","2022-10-07T15:30:00.000","PLEASANT VALLEY RD / ELMONT DR","EASTBOUND","THRU","false","6","18.833","29.281","0.617","1.034","10","7","2022","15","30","5","900"
"b1c8d6e98386735b25975e5131450c8e","6502","2022-10-07T15:30:00.000","PLEASANT VALLEY RD / ELMONT DR","NORTHBOUND","LEFT TURN","false","3","15.333","4.726","2.967","2.354","10","7","2022","15","30","5","900"
"23b34cda73bdfcb090a40d404aee6585","6502","2022-10-07T15:30:00.000","PLEASANT VALLEY RD / ELMONT DR","NORTHBOUND","THRU","false","28","24.286","14.079","3.154","4.462","10","7","2022","15","30","5","900"
"d2c3f615695f101cf88f28ea5e352e0c","6502","2022-10-07T15:30:00.000","PLEASANT VALLEY RD / ELMONT DR","NORTHBOUND","THRU","true","5","30.6","12.095","0.86","0.404","10","7","2022","15","30","5","900"
"6a28c36a0bca0aa6d8a83c3ba90477ed","6502","2022-10-07T15:30:00.000","PLEASANT VALLEY RD / ELMONT DR","SOUTHBOUND","LEFT TURN","false","5","13.6","6.986","1.48","1.363","10","7","2022","15","30","5","900"
"4755b1dbb89615cb5165bc9bf0ceaae7","6502","2022-10-07T15:30:00.000","PLEASANT VALLEY RD / ELMONT DR","SOUTHBOUND","THRU","false","29","35.448","10.183","0.89","0.731","10","7","2022","15","30","5","900"
"265837e6d45650c33f7a828b5f4f31c5","6502","2022-10-07T15:30:00.000","PLEASANT VALLEY RD / ELMONT DR","SOUTHBOUND","THRU","true","2","38.5","4.95","1.65","0.636","10","7","2022","15","30","5","900"
"f65245e58e45f630cb3ccfc2ef1fd553","6502","2022-10-07T15:30:00.000","PLEASANT VALLEY RD / ELMONT DR","WESTBOUND","THRU","false","12","9.5","6.789","9.017","22.187","10","7","2022","15","30","5","900"
"7c13999f55355b4152bd3656a59c84fa","6502","2022-10-07T15:45:00.000","PLEASANT VALLEY RD / ELMONT DR","EASTBOUND","LEFT TURN","false","4","12.75","7.455","0.5","0.622","10","7","2022","15","45","5","900"
"cc4bfa888785343a086cac61678d8d18","6502","2022-10-07T15:45:00.000","PLEASANT VALLEY RD / ELMONT DR","EASTBOUND","RIGHT TURN","false","1","13.0","0.0","4.4","0.0","10","7","2022","15","45","5","900"
"cc18169f3dfae9dfaaf530f830fe7e72","6502","2022-10-07T15:45:00.000","PLEASANT VALLEY RD / ELMONT DR","EASTBOUND","THRU","false","5","11.4","9.762","1.34","1.46","10","7","2022","15","45","5","900"
"61b767a4497b4399cb4131c9025d285b","6502","2022-10-07T15:45:00.000","PLEASANT VALLEY RD / ELMONT DR","NORTHBOUND","LEFT TURN","false","1","5.0","0.0","2.5","0.0","10","7","2022","15","45","5","900"
"1e775e9c9c1bdabb38e4d076615f7f13","6502","2022-10-07T15:45:00.000","PLEASANT VALLEY RD / ELMONT DR","NORTHBOUND","RIGHT TURN","false","1","14.0","0.0","6.4","0.0","10","7","2022","15","45","5","900"
"dd97ad15bb9c9c7719e5ef1a16c8769e","6502","2022-10-07T15:45:00.000","PLEASANT VALLEY RD / ELMONT DR","NORTHBOUND","THRU","false","36","25.389","12.29","3.281","5.976","10","7","2022","15","45","5","900"
"85c45cf5626fe5d83deaa4c855bff175","6502","2022-10-07T15:45:00.000","PLEASANT VALLEY RD / ELMONT DR","NORTHBOUND","THRU","true","3","31.0","16.823","0.567","0.321","10","7","2022","15","45","5","900"
"f514f75b98605031984ffdaf1abb124e","6502","2022-10-07T15:45:00.000","PLEASANT VALLEY RD / ELMONT DR","SOUTHBOUND","LEFT TURN","false","5","12.2","6.611","1.88","2.17","10","7","2022","15","45","5","900"
"89463adfceda17285b8782f02d373a1a","6502","2022-10-07T15:45:00.000","PLEASANT VALLEY RD / ELMONT DR","SOUTHBOUND","RIGHT TURN","false","1","20.0","0.0","2.1","0.0","10","7","2022","15","45","5","900"
"ac6313e9b176381024560f0c31da458b","6502","2022-10-07T15:45:00.000","PLEASANT VALLEY RD / ELMONT DR","SOUTHBOUND","THRU","false","34","31.176","12.963","1.806","3.71","10","7","2022","15","45","5","900"
"08c93af970663bc5af876cd0464c93ec","6502","2022-10-07T15:45:00.000","PLEASANT VALLEY RD / ELMONT DR","SOUTHBOUND","THRU","true","7","37.429","10.628","1.129","0.461","10","7","2022","15","45","5","900"
"a787b80788865b5e66280819ce0972be","6502","2022-10-07T15:45:00.000","PLEASANT VALLEY RD / ELMONT DR","WESTBOUND","LEFT TURN","false","1","3.0","0.0","0.0","0.0","10","7","2022","15","45","5","900"
"b82c6ba480b8c65e7f4e9b54cd94cfc8","6502","2022-10-07T15:45:00.000","PLEASANT VALLEY RD / ELMONT DR","WESTBOUND","RIGHT TURN","false","2","10.5","7.778","2.65","3.606","10","7","2022","15","45","5","900"
"f74ad0b5592f873b1cc408763f279844","6502","2022-10-07T15:45:00.000","PLEASANT VALLEY RD / ELMONT DR","WESTBOUND","THRU","false","6","6.5","5.206","20.067","24.869","10","7","2022","15","45","5","900"
"122d3b85bf4af2c04f9e89dcf8e27c0a","6502","2022-10-07T15:45:00.000","PLEASANT VALLEY RD / ELMONT DR","WESTBOUND","THRU","true","2","8.0","4.243","27.95","39.527","10","7","2022","15","45","5","900"
"496bbe31650c036a15194bcad5785844","6502","2022-10-07T16:00:00.000","PLEASANT VALLEY RD / ELMONT DR","EASTBOUND","LEFT TURN","false","3","5.333","3.215","0.5","0.866","10","7","2022","16","0","5","900"
"c177a6aee47aa1b8be04298679768197","6502","2022-10-07T16:00:00.000","PLEASANT VALLEY RD / ELMONT DR","EASTBOUND","THRU","false","7","9.143","7.515","1.714","2.964","10","7","2022","16","0","5","900"
"99dde2e463086df5e2bb5aaae622848b","6502","2022-10-07T16:00:00.000","PLEASANT VALLEY RD / ELMONT DR","NORTHBOUND","LEFT TURN","false","2","7.0","1.414","0.85","0.636","10","7","2022","16","0","5","900"
"b9d8a74606cfacca019d0ace6a22ee44","6502","2022-10-07T16:00:00.000","PLEASANT VALLEY RD / ELMONT DR","NORTHBOUND","LEFT TURN","true","1","5.0","0.0","2.7","0.0","10","7","2022","16","0","5","900"
"cb2064c1be571163c7d4065839622ae7","6502","2022-10-07T16:00:00.000","PLEASANT VALLEY RD / ELMONT DR","NORTHBOUND","THRU","false","24","32.042","13.35","3.229","7.364","10","7","2022","16","0","5","900"
"e292707c0769117f0c7a083352155616","6502","2022-10-07T16:00:00.000","PLEASANT VALLEY RD / ELMONT DR","NORTHBOUND","THRU","true","3","18.0","21.166","1.4","0.917","10","7","2022","16","0","5","900"
"cb3d636b822f719f4fbf63b7edb5ffa6","6502","2022-10-07T16:00:00.000","PLEASANT VALLEY RD / ELMONT DR","SOUTHBOUND","LEFT TURN","false","8","16.875","14.187","6.087","6.723","10","7","2022","16","0","5","900"
"88384b14ae0510a9f66328193879fb4f","6502","2022-10-07T16:00:00.000","PLEASANT VALLEY RD / ELMONT DR","SOUTHBOUND","LEFT TURN","true","1","22.0","0.0","0.4","0.0","10","7","2022","16","0","5","900"
"bfa8d07aa9705e19a1e8ec826f7b9667","6502","2022-10-07T16:00:00.000","PLEASANT VALLEY RD / ELMONT DR","SOUTHBOUND","RIGHT TURN","false","2","17.5","4.95","1.8","0.141","10","7","2022","16","0","5","900"
"ff4f20ba86f8c93e8032c79eada65231","6502","2022-10-07T16:00:00.000","PLEASANT VALLEY RD / ELMONT DR","SOUTHBOUND","THRU","false","49","33.122","11.092","1.871","3.965","10","7","2022","16","0","5","900"
"7f4c8245e8970d9d6f6533917d3a5d38","6502","2022-10-07T16:00:00.000","PLEASANT VALLEY RD / ELMONT DR","SOUTHBOUND","THRU","true","5","31.4","10.877","1.26","0.764","10","7","2022","16","0","5","900"
"07b403eb99bf1e7f2bb022718049a756","6502","2022-10-07T16:00:00.000","PLEASANT VALLEY RD / ELMONT DR","WESTBOUND","RIGHT TURN","false","4","12.75","2.872","13.425","21.481","10","7","2022","16","0","5","900"
"73d0f228507181cbbb99d83a98674045","6502","2022-10-07T16:00:00.000","PLEASANT VALLEY RD / ELMONT DR","WESTBOUND","THRU","false","5","10.6","6.107","0.78","1.213","10","7","2022","16","0","5","900"
"17184cec4765ebb3de993c6b58daec24","6502","2022-10-07T16:15:00.000","PLEASANT VALLEY RD / ELMONT DR","EASTBOUND","LEFT TURN","false","6","8.333","5.538","9.983","22.469","10","7","2022","16","15","5","900"
"692059eba8fd4fa889bfe08a4ba838f7","6502","2022-10-07T16:15:00.000","PLEASANT VALLEY RD / ELMONT DR","EASTBOUND","LEFT TURN","true","1","13.0","0.0","0.0","0.0","10","7","2022","16","15","5","900"
"3bfed70cd2e313a1974f12cc83c9c701","6502","2022-10-07T16:15:00.000","PLEASANT VALLEY RD / ELMONT DR","EASTBOUND","RIGHT TURN","false","4","10.5","6.658","20.45","29.61","10","7","2022","16","15","5","900"
"535f73ae60a54433e42c0a314867cd3f","6502","2022-10-07T16:15:00.000","PLEASANT VALLEY RD / ELMONT DR","EASTBOUND","RIGHT TURN","true","2","13.5","2.121","0.9","0.99","10","7","2022","16","15","5","900"
"b3f491a609560e78549e7d4032c8330a","6502","2022-10-07T16:15:00.000","PLEASANT VALLEY RD / ELMONT DR","EASTBOUND","THRU","false","7","13.429","7.547","4.743","7.189","10","7","2022","16","15","5","900"
"0c5a74632611a3df83517fe7513c1b85","6502","2022-10-07T16:15:00.000","PLEASANT VALLEY RD / ELMONT DR","EASTBOUND","THRU","true","1","21.0","0.0","0.6","0.0","10","7","2022","16","15","5","900"
"2dda2311a4cbd6f12da035e934ec9661","6502","2022-10-07T16:15:00.000","PLEASANT VALLEY RD / ELMONT DR","NORTHBOUND","LEFT TURN","false","5","11.2","8.289","6.34","8.452","10","7","2022","16","15","5","900"
"43baf26d13180a26a067dea8a7c90dcd","6502","2022-10-07T16:15:00.000","PLEASANT VALLEY RD / ELMONT DR","NORTHBOUND","LEFT TURN","true","2","8.5","0.707","14.0","19.516","10","7","2022","16","15","5","900"
"79e1694bac095bb59e23f8fe75cceca5","6502","2022-10-07T16:15:00.000","PLEASANT VALLEY RD / ELMONT DR","NORTHBOUND","THRU","false","57","21.93","13.395","4.756","9.502","10","7","2022","16","15","5","900"
"013534086064d0f3e0d5d31cecb9ac26","6502","2022-10-07T16:15:00.000","PLEASANT VALLEY RD / ELMONT DR","NORTHBOUND","THRU","true","14","30.357","13.218","1.114","0.655","10","7","2022","16","15","5","900"
"3a5dcd178eb9e857e1963e09340d0314","6502","2022-10-07T16:15:00.000","PLEASANT VALLEY RD / ELMONT DR","SOUTHBOUND","LEFT TURN","false","23","15.565","7.316","5.061","8.437","10","7","2022","16","15","5","900"
"241c8b018ff88a2d6cf4d26536b4d804","6502","2022-10-07T16:15:00.000","PLEASANT VALLEY RD / ELMONT DR","SOUTHBOUND","LEFT TURN","true","1","10.0","0.0","5.1","0.0","10","7","2022","16","15","5","900"
"f6dcac4d542920edb59f01a008fb59ca","6502","2022-10-07T16:15:00.000","PLEASANT VALLEY RD / ELMONT DR","SOUTHBOUND","RIGHT TURN","false","3","21.333","2.517","1.633","0.379","10","7","2022","16","15","5","900"
"e9e20e5a17ce34d8de228b76803be302","6502","2022-10-07T16:15:00.000","PLEASANT VALLEY RD / ELMONT DR","SOUTHBOUND","THRU","false","84","32.5","11.294","2.38","4.257","10","7","2022","16","15","5","900"
"2760568ef5f9cb5c85f55e3d82327882","6502","2022-10-07T16:15:00.000","PLEASANT VALLEY RD / ELMONT DR","SOUTHBOUND","THRU","true","3","32.667","8.386","1.433","0.451","10","7","2022","16","15","5","900"
"2e531e5571b48ffcba759e48df52b09e","6502","2022-10-07T16:15:00.000","PLEASANT VALLEY RD / ELMONT DR","WESTBOUND","RIGHT TURN","false","6","8.167","3.971","12.817","17.638","10","7","2022","16","15","5","900"
"32afffa7ee19b3a21c2eea71ea579db3","6502","2022-10-07T16:15:00.000","PLEASANT VALLEY RD / ELMONT DR","WESTBOUND","THRU","false","10","9.0","6.633","9.53","17.139","10","7","2022","16","15","5","900"
"b1183ce537b6582a51f36c5ad11f3629","6502","2022-10-07T16:30:00.000","PLEASANT VALLEY RD / ELMONT DR","EASTBOUND","LEFT TURN","false","5","7.6","6.066","0.0","0.0","10","7","2022","16","30","5","900"
"355d44f5e4b1878e547bd03bc885daa5","6502","2022-10-07T16:30:00.000","PLEASANT VALLEY RD / ELMONT DR","EASTBOUND","LEFT TURN","true","3","6.0","2.646","10.967","14.339","10","7","2022","16","30","5","900"
"f1b8447360ecdc5c4eb5f171bd2df7e7","6502","2022-10-07T16:30:00.000","PLEASANT VALLEY RD / ELMONT DR","EASTBOUND","RIGHT TURN","false","2","11.0","5.657","2.15","1.061","10","7","2022","16","30","5","900"
"720bb72fd089e28e7d5e4198ab97d7eb","6502","2022-10-07T16:30:00.000","PLEASANT VALLEY RD / ELMONT DR","EASTBOUND","THRU","false","9","11.222","7.612","15.789","28.605","10","7","2022","16","30","5","900"
"7565be1838ed1821bf5f83b58543ce09","6502","2022-10-07T16:30:00.000","PLEASANT VALLEY RD / ELMONT DR","EASTBOUND","THRU","true","3","6.0","6.083","5.533","8.893","10","7","2022","16","30","5","900"
"0a04f52fc234b529c9af90bae2355e5d","6502","2022-10-07T16:30:00.000","PLEASANT VALLEY RD / ELMONT DR","NORTHBOUND","LEFT TURN","false","3","8.0","4.359","14.333","22.362","10","7","2022","16","30","5","900"
"ae98a9d9e213d2544b01cf385fb5ee36","6502","2022-10-07T16:30:00.000","PLEASANT VALLEY RD / ELMONT DR","NORTHBOUND","RIGHT TURN","false","2","15.5","0.707","3.1","0.141","10","7","2022","16","30","5","900"
"2f82da4caebb29248e55ec215158d8e1","6502","2022-10-07T16:30:00.000","PLEASANT VALLEY RD / ELMONT DR","NORTHBOUND","THRU","false","66","25.409","12.218","3.808","7.443","10","7","2022","16","30","5","900"
"08fd936a5fbd534493de6626075c2856","6502","2022-10-07T16:30:00.000","PLEASANT VALLEY RD / ELMONT DR","NORTHBOUND","THRU","true","10","28.4","10.426","1.28","1.225","10","7","2022","16","30","5","900"
"5877adccca9f4f943b63fd0836b0880f","6502","2022-10-07T16:30:00.000","PLEASANT VALLEY RD / ELMONT DR","SOUTHBOUND","LEFT TURN","false","17","13.647","9.0","2.235","2.833","10","7","2022","16","30","5","900"
"b1b821874c89bdcaa456ec5e6c263f56","6502","2022-10-07T16:30:00.000","PLEASANT VALLEY RD / ELMONT DR","SOUTHBOUND","LEFT TURN","true","1","24.0","0.0","2.2","0.0","10","7","2022","16","30","5","900"
"b378a35ccb4e22caab355edaf765abd9","6502","2022-10-07T16:30:00.000","PLEASANT VALLEY RD / ELMONT DR","SOUTHBOUND","RIGHT TURN","false","7","17.286","2.36","1.486","1.001","10","7","2022","16","30","5","900"
"63802800324d925447b5177d0fe3ac14","6502","2022-10-07T16:30:00.000","PLEASANT VALLEY RD / ELMONT DR","SOUTHBOUND","RIGHT TURN","true","2","16.5","3.536","0.95","0.778","10","7","2022","16","30","5","900"
"1172d88d0906f49bbd77b0d69f0da5d9","6502","2022-10-07T16:30:00.000","PLEASANT VALLEY RD / ELMONT DR","SOUTHBOUND","THRU","false","75","33.013","10.728","1.653","2.524","10","7","2022","16","30","5","900"
"92dba8e02cb38910855c6315f151d2b2","6502","2022-10-07T16:30:00.000","PLEASANT VALLEY RD / ELMONT DR","SOUTHBOUND","THRU","true","5","28.8","10.232","1.06","0.78","10","7","2022","16","30","5","900"
"7c2999a5647774c1131c36007de8b9b5","6502","2022-10-07T16:30:00.000","PLEASANT VALLEY RD / ELMONT DR","WESTBOUND","RIGHT TURN","false","8","8.25","3.882","13.388","21.592","10","7","2022","16","30","5","900"
"157a0cb49b5248186122ce5b05f63c94","6502","2022-10-07T16:30:00.000","PLEASANT VALLEY RD / ELMONT DR","WESTBOUND","THRU","false","13","10.154","7.904","13.723","25.859","10","7","2022","16","30","5","900"
"72db293b2869339e2ecc88cb62c9944c","6502","2022-10-07T16:45:00.000","PLEASANT VALLEY RD / ELMONT DR","EASTBOUND","LEFT TURN","false","5","12.4","5.941","25.58","46.374","10","7","2022","16","45","5","900"
"0ed9cac4c497353180990e3b97f20c25","6502","2022-10-07T16:45:00.000","PLEASANT VALLEY RD / ELMONT DR","EASTBOUND","LEFT TURN","true","1","1.0","0.0","104.5","0.0","10","7","2022","16","45","5","900"
"b2a2a57f19f601492e5108cc62ed3f48","6502","2022-10-07T16:45:00.000","PLEASANT VALLEY RD / ELMONT DR","EASTBOUND","RIGHT TURN","false","4","12.25","6.946","2.775","1.223","10","7","2022","16","45","5","900"
"555a648cb74cada53e8080a48a36c55d","6502","2022-10-07T16:45:00.000","PLEASANT VALLEY RD / ELMONT DR","EASTBOUND","THRU","false","7","11.571","8.264","4.357","9.682","10","7","2022","16","45","5","900"
"99f0c10a563aa5ce8ed7ee295a23c96f","6502","2022-10-07T16:45:00.000","PLEASANT VALLEY RD / ELMONT DR","EASTBOUND","THRU","true","1","11.0","0.0","1.9","0.0","10","7","2022","16","45","5","900"
"8c9c742267bb63db7f5e833c7fdcdffd","6502","2022-10-07T16:45:00.000","PLEASANT VALLEY RD / ELMONT DR","NORTHBOUND","LEFT TURN","false","7","12.143","7.175","8.443","15.483","10","7","2022","16","45","5","900"
"f69ba12cab2636a9d72f5cde77fc10d9","6502","2022-10-07T16:45:00.000","PLEASANT VALLEY RD / ELMONT DR","NORTHBOUND","LEFT TURN","true","1","7.0","0.0","53.7","0.0","10","7","2022","16","45","5","900"
"4793ff7d6eb0a78624b05d07a1006665","6502","2022-10-07T16:45:00.000","PLEASANT VALLEY RD / ELMONT DR","NORTHBOUND","RIGHT TURN","false","4","14.75","2.63","3.675","1.826","10","7","2022","16","45","5","900"
"b797e66df0ffaad5bf2eae4bff31f959","6502","2022-10-07T16:45:00.000","PLEASANT VALLEY RD / ELMONT DR","NORTHBOUND","THRU","false","76","23.0","11.693","4.142","8.437","10","7","2022","16","45","5","900"
"a55bdf08120b8473d57fa026a07f59a4","6502","2022-10-07T16:45:00.000","PLEASANT VALLEY RD / ELMONT DR","NORTHBOUND","THRU","true","21","27.333","13.332","4.19","9.181","10","7","2022","16","45","5","900"
"093ab9c27f2068b9752b111acaddeea4","6502","2022-10-07T16:45:00.000","PLEASANT VALLEY RD / ELMONT DR","SOUTHBOUND","LEFT TURN","false","29","13.345","10.31","6.745","8.543","10","7","2022","16","45","5","900"
"eaef0901940dc3d125799828276640e4","6502","2022-10-07T16:45:00.000","PLEASANT VALLEY RD / ELMONT DR","SOUTHBOUND","RIGHT TURN","false","4","16.0","3.266","1.875","1.239","10","7","2022","16","45","5","900"
"60ab4847767943211683097a465fbfd8","6502","2022-10-07T16:45:00.000","PLEASANT VALLEY RD / ELMONT DR","SOUTHBOUND","THRU","false","82","33.512","10.865","1.295","2.363","10","7","2022","16","45","5","900"
"282d99fcb07e511ea8ca2e01bdad4e8f","6502","2022-10-07T16:45:00.000","PLEASANT VALLEY RD / ELMONT DR","SOUTHBOUND","THRU","true","2","24.5","12.021","0.4","0.566","10","7","2022","16","45","5","900"
"52964456962d16df36433e7f900e6fdb","6502","2022-10-07T16:45:00.000","PLEASANT VALLEY RD / ELMONT DR","WESTBOUND","LEFT TURN","false","2","12.0","4.243","4.25","4.031","10","7","2022","16","45","5","900"
"07b4de6eb6540655d3fc51fc073dba3e","6502","2022-10-07T16:45:00.000","PLEASANT VALLEY RD / ELMONT DR","WESTBOUND","RIGHT TURN","false","5","9.0","3.0","16.86","15.27","10","7","2022","16","45","5","900"
"39ea261075cd43bc4b32ccc971827b4f","6502","2022-10-07T16:45:00.000","PLEASANT VALLEY RD / ELMONT DR","WESTBOUND","THRU","false","8","8.25","4.892","12.075","18.563","10","7","2022","16","45","5","900"
"bc5e2636a3bc1f3ac8c308caf5f11eca","6502","2022-10-07T17:00:00.000","PLEASANT VALLEY RD / ELMONT DR","EASTBOUND","LEFT TURN","false","6","7.333","3.83","1.667","1.882","10","7","2022","17","0","5","900"
"65444ec03ef81a765cbeafbea726f061","6502","2022-10-07T17:00:00.000","PLEASANT VALLEY RD / ELMONT DR","EASTBOUND","RIGHT TURN","false","4","8.5","6.403","18.675","23.832","10","7","2022","17","0","5","900"
"3f7b06bb388e264683acb9be11820af6","6502","2022-10-07T17:00:00.000","PLEASANT VALLEY RD / ELMONT DR","EASTBOUND","THRU","false","8","8.625","4.173","14.888","16.79","10","7","2022","17","0","5","900"
"c6d2c5da1a3e43c6c452d92eeddbf458","6502","2022-10-07T17:00:00.000","PLEASANT VALLEY RD / ELMONT DR","EASTBOUND","THRU","true","2","9.0","0.0","1.9","0.424","10","7","2022","17","0","5","900"
"16c296bf5665904a3cd17542d1cdb3ab","6502","2022-10-07T17:00:00.000","PLEASANT VALLEY RD / ELMONT DR","NORTHBOUND","LEFT TURN","false","8","15.5","13.32","4.875","11.255","10","7","2022","17","0","5","900"
"3783542e3a5686ede9aaecd1b83f79d9","6502","2022-10-07T17:00:00.000","PLEASANT VALLEY RD / ELMONT DR","NORTHBOUND","RIGHT TURN","false","3","15.0","1.732","1.367","1.504","10","7","2022","17","0","5","900"
"cf1d9669b77d2d7d651fc425a47f1d99","6502","2022-10-07T17:00:00.000","PLEASANT VALLEY RD / ELMONT DR","NORTHBOUND","THRU","false","69","24.014","13.255","5.555","9.545","10","7","2022","17","0","5","900"
"de460f75594365c9b827f6648687b144","6502","2022-10-07T17:00:00.000","PLEASANT VALLEY RD / ELMONT DR","NORTHBOUND","THRU","true","9","28.778","11.83","7.867","13.242","10","7","2022","17","0","5","900"
"17e9e22afc8d58ac3d855c996bb8d0ee","6502","2022-10-07T17:00:00.000","PLEASANT VALLEY RD / ELMONT DR","SOUTHBOUND","LEFT TURN","false","19","14.316","7.521","4.058","5.707","10","7","2022","17","0","5","900"
"b12e31bd1b70c59f72b3173b0da95ede","6502","2022-10-07T17:00:00.000","PLEASANT VALLEY RD / ELMONT DR","SOUTHBOUND","LEFT TURN","true","2","14.0","12.728","4.45","2.475","10","7","2022","17","0","5","900"
"f6e54878df78a2e5d418eaa963bfcfca","6502","2022-10-07T17:00:00.000","PLEASANT VALLEY RD / ELMONT DR","SOUTHBOUND","RIGHT TURN","false","7","21.857","11.335","4.086","5.2","10","7","2022","17","0","5","900"
"bd17f6135e2d7987275ba04d58b91b8f","6502","2022-10-07T17:00:00.000","PLEASANT VALLEY RD / ELMONT DR","SOUTHBOUND","RIGHT TURN","true","1","16.0","0.0","2.4","0.0","10","7","2022","17","0","5","900"
"3bec35860de5b56591e036e9c7b869ff","6502","2022-10-07T17:00:00.000","PLEASANT VALLEY RD / ELMONT DR","SOUTHBOUND","THRU","false","86","34.058","10.319","2.5","7.601","10","7","2022","17","0","5","900"
"a245cf2f58e26fb5633f05ba82b76171","6502","2022-10-07T17:00:00.000","PLEASANT VALLEY RD / ELMONT DR","SOUTHBOUND","THRU","true","3","43.667","1.528","0.667","1.155","10","7","2022","17","0","5","900"
"c8874163d4a4f861965f030e516a8605","6502","2022-10-07T17:00:00.000","PLEASANT VALLEY RD / ELMONT DR","WESTBOUND","LEFT TURN","false","1","10.0","0.0","0.2","0.0","10","7","2022","17","0","5","900"
"346779bcdcd653242f2fad3a2b9d15b3","6502","2022-10-07T17:00:00.000","PLEASANT VALLEY RD / ELMONT DR","WESTBOUND","RIGHT TURN","false","4","8.75","5.439","4.775","7.263","10","7","2022","17","0","5","900"
"be42bfbb0f8118b497b56cd8abe16ca6","6502","2022-10-07T17:00:00.000","PLEASANT VALLEY RD / ELMONT DR","WESTBOUND","RIGHT TURN","true","1","5.0","0.0","2.8","0.0","10","7","2022","17","0","5","900"
"5cba93f6a80a15d3f5d2cf5e4375ade9","6502","2022-10-07T17:00:00.000","PLEASANT VALLEY RD / ELMONT DR","WESTBOUND","THRU","false","7","9.429","3.457","29.957","44.33","10","7","2022","17","0","5","900"
"77228845b9c9650ab157081857449ae0","6502","2022-10-07T17:15:00.000","PLEASANT VALLEY RD / ELMONT DR","EASTBOUND","LEFT TURN","false","4","6.5","2.38","30.725","37.919","10","7","2022","17","15","5","900"
"a19ec0fb4266980146e6bfa964f4654b","6502","2022-10-07T17:15:00.000","PLEASANT VALLEY RD / ELMONT DR","EASTBOUND","LEFT TURN","true","2","5.0","1.414","1.1","0.707","10","7","2022","17","15","5","900"
"db1027d6666cb419d9b9469adbfcd842","6502","2022-10-07T17:15:00.000","PLEASANT VALLEY RD / ELMONT DR","EASTBOUND","RIGHT TURN","false","5","11.4","3.578","12.62","21.682","10","7","2022","17","15","5","900"
"b81cdad5cdaf6f844a99a7c142fa79e4","6502","2022-10-07T17:15:00.000","PLEASANT VALLEY RD / ELMONT DR","EASTBOUND","THRU","false","7","13.714","15.532","18.329","29.198","10","7","2022","17","15","5","900"
"e5fa769e42c7f59898e84d94a70fc873","6502","2022-10-07T17:15:00.000","PLEASANT VALLEY RD / ELMONT DR","EASTBOUND","THRU","true","2","9.5","2.121","17.0","21.637","10","7","2022","17","15","5","900"
"97707d1e56aeb94025d2db1e77e93932","6502","2022-10-07T17:15:00.000","PLEASANT VALLEY RD / ELMONT DR","NORTHBOUND","LEFT TURN","false","4","10.75","10.178","1.775","1.563","10","7","2022","17","15","5","900"
"0f2cca5a6edaf303ff66ba26966612fa","6502","2022-10-07T17:15:00.000","PLEASANT VALLEY RD / ELMONT DR","NORTHBOUND","RIGHT TURN","false","2","10.5","9.192","2.55","0.636","10","7","2022","17","15","5","900"
"b7c5ccb72cea1ad8878c13b2d26ae497","6502","2022-10-07T17:15:00.000","PLEASANT VALLEY RD / ELMONT DR","NORTHBOUND","THRU","false","69","26.116","12.659","3.793","7.126","10","7","2022","17","15","5","900"
"9392295b3d559f41c53f88c7d284062c","6502","2022-10-07T17:15:00.000","PLEASANT VALLEY RD / ELMONT DR","NORTHBOUND","THRU","true","16","31.562","10.905","1.431","1.079","10","7","2022","17","15","5","900"
"7c32e90d2584970ffe8624f4414cedd4","6502","2022-10-07T17:15:00.000","PLEASANT VALLEY RD / ELMONT DR","SOUTHBOUND","LEFT TURN","false","19","11.474","6.095","3.163","3.307","10","7","2022","17","15","5","900"
"98ce3aed7d55ee97f063263d825e00c5","6502","2022-10-07T17:15:00.000","PLEASANT VALLEY RD / ELMONT DR","SOUTHBOUND","LEFT TURN","true","4","27.25","32.014","1.15","0.785","10","7","2022","17","15","5","900"
"bd5e376a154f49959a9ada665aa6a9fd","6502","2022-10-07T17:15:00.000","PLEASANT VALLEY RD / ELMONT DR","SOUTHBOUND","RIGHT TURN","false","4","13.25","4.992","2.5","0.779","10","7","2022","17","15","5","900"
"7211adb53d8003931b0641f055b1792b","6502","2022-10-07T17:15:00.000","PLEASANT VALLEY RD / ELMONT DR","SOUTHBOUND","THRU","false","78","33.436","11.555","1.968","4.481","10","7","2022","17","15","5","900"
"c6b79cc1230d8a7fc8efb7f8cd11f979","6502","2022-10-07T17:15:00.000","PLEASANT VALLEY RD / ELMONT DR","SOUTHBOUND","THRU","true","4","35.0","21.572","1.45","0.311","10","7","2022","17","15","5","900"
"b04817d326364c071df69f177f2d2c6d","6502","2022-10-07T17:15:00.000","PLEASANT VALLEY RD / ELMONT DR","WESTBOUND","LEFT TURN","false","2","9.5","6.364","33.2","46.386","10","7","2022","17","15","5","900"
"1a91039e0fc1a3a18f0376ff42db5824","6502","2022-10-07T17:15:00.000","PLEASANT VALLEY RD / ELMONT DR","WESTBOUND","RIGHT TURN","false","4","8.75","4.992","16.5","27.4","10","7","2022","17","15","5","900"
"b74feb8c92f33e128c5b1d362847c95e","6502","2022-10-07T17:15:00.000","PLEASANT VALLEY RD / ELMONT DR","WESTBOUND","THRU","false","17","9.118","5.904","6.653","16.625","10","7","2022","17","15","5","900"
"fd66f67c551241a38162e9c634cac9e7","6502","2022-10-07T17:30:00.000","PLEASANT VALLEY RD / ELMONT DR","EASTBOUND","LEFT TURN","false","6","6.667","5.125","29.45","44.148","10","7","2022","17","30","5","900"
"3fec104659113e78498ed79c708fa658","6502","2022-10-07T17:30:00.000","PLEASANT VALLEY RD / ELMONT DR","EASTBOUND","LEFT TURN","true","3","7.667","6.807","25.167","40.48","10","7","2022","17","30","5","900"
"b924a55148875411c74e53b7d59c00d8","6502","2022-10-07T17:30:00.000","PLEASANT VALLEY RD / ELMONT DR","EASTBOUND","RIGHT TURN","false","8","5.625","5.263","12.65","19.858","10","7","2022","17","30","5","900"
"8c39d67267c737e4d984da04fcc8c3d6","6502","2022-10-07T17:30:00.000","PLEASANT VALLEY RD / ELMONT DR","EASTBOUND","RIGHT TURN","true","1","15.0","0.0","3.9","0.0","10","7","2022","17","30","5","900"
"9c6db500e750840dbe8098ad5d031cae","6502","2022-10-07T17:30:00.000","PLEASANT VALLEY RD / ELMONT DR","EASTBOUND","THRU","false","5","9.4","3.847","2.16","2.959","10","7","2022","17","30","5","900"
"4d5454d30338a6e3ea5053af03dbcf87","6502","2022-10-07T17:30:00.000","PLEASANT VALLEY RD / ELMONT DR","EASTBOUND","THRU","true","5","9.4","5.413","6.22","9.152","10","7","2022","17","30","5","900"
"8dc8ae29064cfc9e9bd78c21866fa4dc","6502","2022-10-07T17:30:00.000","PLEASANT VALLEY RD / ELMONT DR","NORTHBOUND","LEFT TURN","false","3","21.0","3.606","1.133","1.007","10","7","2022","17","30","5","900"
"2158fe504f218cba373e49bb73fd9a3f","6502","2022-10-07T17:30:00.000","PLEASANT VALLEY RD / ELMONT DR","NORTHBOUND","RIGHT TURN","false","3","23.0","15.133","3.033","2.515","10","7","2022","17","30","5","900"
"ec6a29ac347f4bffa1258ee6e7e824cc","6502","2022-10-07T17:30:00.000","PLEASANT VALLEY RD / ELMONT DR","NORTHBOUND","THRU","false","64","24.609","12.38","4.197","8.932","10","7","2022","17","30","5","900"
"40785e232349dea4967e3c324d7f21f3","6502","2022-10-07T17:30:00.000","PLEASANT VALLEY RD / ELMONT DR","NORTHBOUND","THRU","true","12","30.667","14.157","2.467","4.906","10","7","2022","17","30","5","900"
"55cac861dca8139146f7325657a827d7","6502","2022-10-07T17:30:00.000","PLEASANT VALLEY RD / ELMONT DR","SOUTHBOUND","LEFT TURN","false","32","16.75","8.5","4.244","7.659","10","7","2022","17","30","5","900"
"46cb697fccc798a6d81e3d04b01167a3","6502","2022-10-07T17:30:00.000","PLEASANT VALLEY RD / ELMONT DR","SOUTHBOUND","LEFT TURN","true","2","11.0","5.657","5.75","0.071","10","7","2022","17","30","5","900"
"ff7fb1beef273c17fb3f946c3192ab9f","6502","2022-10-07T17:30:00.000","PLEASANT VALLEY RD / ELMONT DR","SOUTHBOUND","RIGHT TURN","false","10","14.8","5.007","2.21","1.415","10","7","2022","17","30","5","900"
"23e805e261569a4474d324b14df5ce71","6502","2022-10-07T17:30:00.000","PLEASANT VALLEY RD / ELMONT DR","SOUTHBOUND","RIGHT TURN","true","1","14.0","0.0","3.4","0.0","10","7","2022","17","30","5","900"
"e3b23f5b81dcef83ca822421565e7046","6502","2022-10-07T17:30:00.000","PLEASANT VALLEY RD / ELMONT DR","SOUTHBOUND","THRU","false","81","35.642","11.731","1.527","2.388","10","7","2022","17","30","5","900"
"dbf5575006a34706dae7961b34d55de6","6502","2022-10-07T17:30:00.000","PLEASANT VALLEY RD / ELMONT DR","SOUTHBOUND","THRU","true","7","28.286","13.901","1.871","1.492","10","7","2022","17","30","5","900"
"71e20a623eee4e352c709970a765d400","6502","2022-10-07T17:30:00.000","PLEASANT VALLEY RD / ELMONT DR","WESTBOUND","LEFT TURN","false","1","3.0","0.0","0.0","0.0","10","7","2022","17","30","5","900"
"90f43d38d2609f32b0d0a77f93707463","6502","2022-10-07T17:30:00.000","PLEASANT VALLEY RD / ELMONT DR","WESTBOUND","RIGHT TURN","false","8","9.0","4.071","4.112","3.792","10","7","2022","17","30","5","900"
"b7a54a7fe23adf99126aaa17317d2c5d","6502","2022-10-07T17:30:00.000","PLEASANT VALLEY RD / ELMONT DR","WESTBOUND","THRU","false","9","5.222","2.774","7.722","10.978","10","7","2022","17","30","5","900"
"6f73e645ae8967207e142a453bf0baa3","6502","2022-10-07T17:30:00.000","PLEASANT VALLEY RD / ELMONT DR","WESTBOUND","THRU","true","1","8.0","0.0","1.0","0.0","10","7","2022","17","30","5","900"
"4aa674b1b5cd6eb67cb38b9f1b202369","6502","2022-10-07T17:45:00.000","PLEASANT VALLEY RD / ELMONT DR","EASTBOUND","LEFT TURN","false","3","10.667","10.97","0.067","0.115","10","7","2022","17","45","5","900"
"77c238682d9cc406031f6bf0a9cb0b83","6502","2022-10-07T17:45:00.000","PLEASANT VALLEY RD / ELMONT DR","EASTBOUND","RIGHT TURN","false","4","8.5","5.447","8.25","9.748","10","7","2022","17","45","5","900"
"26cf41a3ed3ea261753f96e49a5ee5fa","6502","2022-10-07T17:45:00.000","PLEASANT VALLEY RD / ELMONT DR","EASTBOUND","THRU","false","10","10.5","7.835","7.81","19.991","10","7","2022","17","45","5","900"
"ca7c985baaac6505a62184cb80313e73","6502","2022-10-07T17:45:00.000","PLEASANT VALLEY RD / ELMONT DR","EASTBOUND","THRU","true","1","12.0","0.0","26.6","0.0","10","7","2022","17","45","5","900"
"bb3b278daed638edf6fb65c3f6207d32","6502","2022-10-07T17:45:00.000","PLEASANT VALLEY RD / ELMONT DR","NORTHBOUND","LEFT TURN","false","8","10.25","2.493","4.1","6.289","10","7","2022","17","45","5","900"
"66b8d914a8760527f66363a2d6966bfd","6502","2022-10-07T17:45:00.000","PLEASANT VALLEY RD / ELMONT DR","NORTHBOUND","RIGHT TURN","false","2","9.0","2.828","5.15","1.061","10","7","2022","17","45","5","900"
"8df4bff4b9f7d9fca92504f24575efa4","6502","2022-10-07T17:45:00.000","PLEASANT VALLEY RD / ELMONT DR","NORTHBOUND","THRU","false","83","22.759","11.903","6.57","12.552","10","7","2022","17","45","5","900"
"14be284f18a9a0f4048aad401c3f0b5b","6502","2022-10-07T17:45:00.000","PLEASANT VALLEY RD / ELMONT DR","NORTHBOUND","THRU","true","13","29.308","10.371","1.577","1.157","10","7","2022","17","45","5","900"
"6546798a4b35db4aea4b9ad0d3335b02","6502","2022-10-07T17:45:00.000","PLEASANT VALLEY RD / ELMONT DR","SOUTHBOUND","LEFT TURN","false","14","15.929","8.713","2.407","2.886","10","7","2022","17","45","5","900"
"6548067f27c441ae5a4fbb450154c0de","6502","2022-10-07T17:45:00.000","PLEASANT VALLEY RD / ELMONT DR","SOUTHBOUND","RIGHT TURN","false","9","15.111","3.689","2.956","2.057","10","7","2022","17","45","5","900"
"e891b78464c82ea200612d9c207f0428","6502","2022-10-07T17:45:00.000","PLEASANT VALLEY RD / ELMONT DR","SOUTHBOUND","RIGHT TURN","true","1","17.0","0.0","0.4","0.0","10","7","2022","17","45","5","900"
"ec604e1ed5aa3f91898909c28fbe2702","6502","2022-10-07T17:45:00.000","PLEASANT VALLEY RD / ELMONT DR","SOUTHBOUND","THRU","false","67","33.284","11.035","2.382","5.815","10","7","2022","17","45","5","900"
"7d55a2316b3665583ad1a8f53c510f4b","6502","2022-10-07T17:45:00.000","PLEASANT VALLEY RD / ELMONT DR","SOUTHBOUND","THRU","true","5","30.0","17.407","8.26","15.128","10","7","2022","17","45","5","900"
"f8d7d0e526d26921722c9a6e7710e03b","6502","2022-10-07T17:45:00.000","PLEASANT VALLEY RD / ELMONT DR","WESTBOUND","LEFT TURN","false","1","3.0","0.0","0.4","0.0","10","7","2022","17","45","5","900"
"0220fc1a1be3dbab0c57523b47a89628","6502","2022-10-07T17:45:00.000","PLEASANT VALLEY RD / ELMONT DR","WESTBOUND","RIGHT TURN","false","7","9.429","3.645","2.671","4.411","10","7","2022","17","45","5","900"
"c1dcc393ad4bb55f8248b3daefef98c9","6502","2022-10-07T17:45:00.000","PLEASANT VALLEY RD / ELMONT DR","WESTBOUND","THRU","false","9","7.889","4.961","4.011","5.399","10","7","2022","17","45","5","900"
"774706b99abf9a28cdfce28404543938","6502","2022-10-07T18:00:00.000","PLEASANT VALLEY RD / ELMONT DR","EASTBOUND","LEFT TURN","false","4","8.0","6.583","0.275","0.299","10","7","2022","18","0","5","900"
"c09d9b02856dd5564ed5fa434b00a686","6502","2022-10-07T18:00:00.000","PLEASANT VALLEY RD / ELMONT DR","EASTBOUND","LEFT TURN","true","1","0.0","0.0","0.2","0.0","10","7","2022","18","0","5","900"
"3020cac3913bac76676500c5871bf4fa","6502","2022-10-07T18:00:00.000","PLEASANT VALLEY RD / ELMONT DR","EASTBOUND","RIGHT TURN","false","7","10.0","7.047","3.757","2.21","10","7","2022","18","0","5","900"
"e6b64683b6fd2a62fa32e4aa3884287d","6502","2022-10-07T18:00:00.000","PLEASANT VALLEY RD / ELMONT DR","EASTBOUND","THRU","false","12","13.5","10.9","8.95","22.284","10","7","2022","18","0","5","900"
"9893fbacdf14de527c837ec8522d6a3e","6502","2022-10-07T18:00:00.000","PLEASANT VALLEY RD / ELMONT DR","EASTBOUND","THRU","true","1","12.0","0.0","50.9","0.0","10","7","2022","18","0","5","900"
"2ee19a09f05746241d9d686640a0662a","6502","2022-10-07T18:00:00.000","PLEASANT VALLEY RD / ELMONT DR","NORTHBOUND","LEFT TURN","false","5","11.4","8.62","1.34","0.695","10","7","2022","18","0","5","900"
"2cddafbb7570afe8fecda79997a6d292","6502","2022-10-07T18:00:00.000","PLEASANT VALLEY RD / ELMONT DR","NORTHBOUND","RIGHT TURN","false","2","14.0","4.243","3.35","0.636","10","7","2022","18","0","5","900"
"6b7072e3775881dd0265e7f684f33fa4","6502","2022-10-07T18:00:00.000","PLEASANT VALLEY RD / ELMONT DR","NORTHBOUND","THRU","false","57","25.632","13.494","5.726","11.539","10","7","2022","18","0","5","900"
"92f20c24d7ddf7ecc06ad3e2c3ccb411","6502","2022-10-07T18:00:00.000","PLEASANT VALLEY RD / ELMONT DR","NORTHBOUND","THRU","true","8","32.875","11.307","1.725","1.012","10","7","2022","18","0","5","900"
"47069c1fd204bf77dc30a990d38c4a0e","6502","2022-10-07T18:00:00.000","PLEASANT VALLEY RD / ELMONT DR","SOUTHBOUND","LEFT TURN","false","30","16.0","7.983","2.943","2.63","10","7","2022","18","0","5","900"
"e4ce9a2824d8e7898e596b701af6fd70","6502","2022-10-07T18:00:00.000","PLEASANT VALLEY RD / ELMONT DR","SOUTHBOUND","LEFT TURN","true","4","11.25","4.349","12.1","12.488","10","7","2022","18","0","5","900"
"4c0159d086f339a8f0528e73c50be21f","6502","2022-10-07T18:00:00.000","PLEASANT VALLEY RD / ELMONT DR","SOUTHBOUND","RIGHT TURN","false","6","16.833","1.941","1.783","0.677","10","7","2022","18","0","5","900"
"7e35e2fbff1d666735c0f36619056ede","6502","2022-10-07T18:00:00.000","PLEASANT VALLEY RD / ELMONT DR","SOUTHBOUND","THRU","false","81","34.852","9.187","1.251","0.853","10","7","2022","18","0","5","900"
"865e7b92d860ed06e7efdf1fb9dc06cd","6502","2022-10-07T18:00:00.000","PLEASANT VALLEY RD / ELMONT DR","SOUTHBOUND","THRU","true","2","31.5","2.121","2.15","0.071","10","7","2022","18","0","5","900"
"d1b1ad12e292cd1345ee53cd7df080e1","6502","2022-10-07T18:00:00.000","PLEASANT VALLEY RD / ELMONT DR","WESTBOUND","LEFT TURN","false","1","4.0","0.0","0.2","0.0","10","7","2022","18","0","5","900"
"e2872ff3abd770dec47da36a43937e70","6502","2022-10-07T18:00:00.000","PLEASANT VALLEY RD / ELMONT DR","WESTBOUND","RIGHT TURN","false","8","9.0","2.0","9.9","12.707","10","7","2022","18","0","5","900"
"fb0ebf9b9ecb820e43beeb7759c6c3dc","6502","2022-10-07T18:00:00.000","PLEASANT VALLEY RD / ELMONT DR","WESTBOUND","RIGHT TURN","true","1","13.0","0.0","2.6","0.0","10","7","2022","18","0","5","900"
"b29d06ef1bc232d63b88f90e08d60131","6502","2022-10-07T18:00:00.000","PLEASANT VALLEY RD / ELMONT DR","WESTBOUND","THRU","false","14","7.929","4.795","5.243","9.491","10","7","2022","18","0","5","900"
"5679ef860dd0175214a536083008cdbd","6502","2022-10-07T18:00:00.000","PLEASANT VALLEY RD / ELMONT DR","WESTBOUND","THRU","true","1","15.0","0.0","5.6","0.0","10","7","2022","18","0","5","900"
"39e7542d63e4bf93cee313f16de0fb91","6502","2022-10-07T18:15:00.000","PLEASANT VALLEY RD / ELMONT DR","EASTBOUND","LEFT TURN","false","7","8.0","4.899","4.143","6.461","10","7","2022","18","15","5","900"
"f32647f070c37932103ecb49b03fa2ac","6502","2022-10-07T18:15:00.000","PLEASANT VALLEY RD / ELMONT DR","EASTBOUND","RIGHT TURN","false","7","6.143","7.883","4.586","6.49","10","7","2022","18","15","5","900"
"b2a4c20e5e4e880ada78c9a847b250ee","6502","2022-10-07T18:15:00.000","PLEASANT VALLEY RD / ELMONT DR","EASTBOUND","RIGHT TURN","true","1","13.0","0.0","2.7","0.0","10","7","2022","18","15","5","900"
"bced88d7bdaf5f4728c54a6e3369d535","6502","2022-10-07T18:15:00.000","PLEASANT VALLEY RD / ELMONT DR","EASTBOUND","THRU","false","6","8.667","8.914","8.833","17.549","10","7","2022","18","15","5","900"
"7d36400641d2ddb24cc66b1a39f5455a","6502","2022-10-07T18:15:00.000","PLEASANT VALLEY RD / ELMONT DR","EASTBOUND","THRU","true","1","36.0","0.0","2.4","0.0","10","7","2022","18","15","5","900"
"e7516bbacdf296d88b3f7522ddfcf695","6502","2022-10-07T18:15:00.000","PLEASANT VALLEY RD / ELMONT DR","NORTHBOUND","LEFT TURN","false","5","8.2","6.38","10.94","8.493","10","7","2022","18","15","5","900"
"9e9bf312c9c6d5cbb2dce505e5b6a72e","6502","2022-10-07T18:15:00.000","PLEASANT VALLEY RD / ELMONT DR","NORTHBOUND","RIGHT TURN","false","3","14.667","2.082","5.733","6.989","10","7","2022","18","15","5","900"
"316e7d68f098d9176985ac5895b6215c","6502","2022-10-07T18:15:00.000","PLEASANT VALLEY RD / ELMONT DR","NORTHBOUND","THRU","false","53","24.698","14.013","5.666","11.434","10","7","2022","18","15","5","900"
"9b8426c3aedb40c0a944608f65fdacc4","6502","2022-10-07T18:15:00.000","PLEASANT VALLEY RD / ELMONT DR","NORTHBOUND","THRU","true","8","28.75","11.548","3.813","6.233","10","7","2022","18","15","5","900"
"63c2765e803b8d7f087c520c255004d4","6502","2022-10-07T18:15:00.000","PLEASANT VALLEY RD / ELMONT DR","SOUTHBOUND","LEFT TURN","false","18","15.556","8.305","8.8","17.555","10","7","2022","18","15","5","900"
"d8dd017ce0b62186305591e0f965d6e7","6502","2022-10-07T18:15:00.000","PLEASANT VALLEY RD / ELMONT DR","SOUTHBOUND","RIGHT TURN","false","7","15.571","4.962","1.886","0.57","10","7","2022","18","15","5","900"
"3e1fdd84a13ab50ba22b8fff05dafae6","6502","2022-10-07T18:15:00.000","PLEASANT VALLEY RD / ELMONT DR","SOUTHBOUND","RIGHT TURN","true","1","16.0","0.0","2.3","0.0","10","7","2022","18","15","5","900"
"d3aa697e93e3ae9b11bcb9cd71f38680","6502","2022-10-07T18:15:00.000","PLEASANT VALLEY RD / ELMONT DR","SOUTHBOUND","THRU","false","55","32.873","9.937","1.411","1.385","10","7","2022","18","15","5","900"
"bb986b9f39c87d9120fd408874899a51","6502","2022-10-07T18:15:00.000","PLEASANT VALLEY RD / ELMONT DR","SOUTHBOUND","THRU","true","6","31.0","9.487","1.067","0.703","10","7","2022","18","15","5","900"
"ba2524c5dfb42edee42ab41cc07b3904","6502","2022-10-07T18:15:00.000","PLEASANT VALLEY RD / ELMONT DR","WESTBOUND","LEFT TURN","false","1","7.0","0.0","0.0","0.0","10","7","2022","18","15","5","900"
"4685d5ca54586ae125f05aed52134bca","6502","2022-10-07T18:15:00.000","PLEASANT VALLEY RD / ELMONT DR","WESTBOUND","RIGHT TURN","false","8","10.625","4.47","3.075","1.463","10","7","2022","18","15","5","900"
"1e6f9d19ff2bcfea7165e845a77d8827","6502","2022-10-07T18:15:00.000","PLEASANT VALLEY RD / ELMONT DR","WESTBOUND","THRU","false","10","6.6","3.406","10.83","12.672","10","7","2022","18","15","5","900"
"86aa827a7b9489ce242f03188a42c7fb","6502","2022-10-07T18:30:00.000","PLEASANT VALLEY RD / ELMONT DR","EASTBOUND","LEFT TURN","false","5","7.2","5.07","2.2","1.47","10","7","2022","18","30","5","900"
"9712cd69be5f1fbcb1e9b6675333b122","6502","2022-10-07T18:30:00.000","PLEASANT VALLEY RD / ELMONT DR","EASTBOUND","LEFT TURN","true","1","17.0","0.0","0.1","0.0","10","7","2022","18","30","5","900"
"19d95aadc5d55eb05b422ecf2078e9a8","6502","2022-10-07T18:30:00.000","PLEASANT VALLEY RD / ELMONT DR","EASTBOUND","RIGHT TURN","false","4","7.5","6.608","22.5","43.008","10","7","2022","18","30","5","900"
"5724dd350ddcff6d2562d54356816f40","6502","2022-10-07T18:30:00.000","PLEASANT VALLEY RD / ELMONT DR","EASTBOUND","THRU","false","10","14.0","12.728","5.54","10.973","10","7","2022","18","30","5","900"
"b3e46703e278c4e55b3be180ad18ddaa","6502","2022-10-07T18:30:00.000","PLEASANT VALLEY RD / ELMONT DR","EASTBOUND","THRU","true","2","6.0","1.414","36.85","51.831","10","7","2022","18","30","5","900"
"a7309bf30245838611630153c1e4c2d1","6502","2022-10-07T18:30:00.000","PLEASANT VALLEY RD / ELMONT DR","NORTHBOUND","LEFT TURN","false","7","8.571","10.47","2.614","2.932","10","7","2022","18","30","5","900"
"f9df42384cf5bcc9daeedfa886f1e1c9","6502","2022-10-07T18:30:00.000","PLEASANT VALLEY RD / ELMONT DR","NORTHBOUND","RIGHT TURN","false","2","16.5","3.536","2.55","0.919","10","7","2022","18","30","5","900"
"d4a8f3650913540b7957b21bb38b15a2","6502","2022-10-07T18:30:00.000","PLEASANT VALLEY RD / ELMONT DR","NORTHBOUND","THRU","false","69","23.377","12.891","6.216","11.21","10","7","2022","18","30","5","900"
"27799e704947d088285cd2e73dc1fced","6502","2022-10-07T18:30:00.000","PLEASANT VALLEY RD / ELMONT DR","NORTHBOUND","THRU","true","9","32.222","10.402","2.244","1.887","10","7","2022","18","30","5","900"
"63a8404e5be3b73908691c3ab785ca00","6502","2022-10-07T18:30:00.000","PLEASANT VALLEY RD / ELMONT DR","SOUTHBOUND","LEFT TURN","false","20","11.85","7.809","5.225","9.429","10","7","2022","18","30","5","900"
"1bb0585939a0ac3d2bac34821f44f88f","6502","2022-10-07T18:30:00.000","PLEASANT VALLEY RD / ELMONT DR","SOUTHBOUND","LEFT TURN","true","1","9.0","0.0","0.0","0.0","10","7","2022","18","30","5","900"
"e2c787e5530d4a3752dc4acd797e3d13","6502","2022-10-07T18:30:00.000","PLEASANT VALLEY RD / ELMONT DR","SOUTHBOUND","RIGHT TURN","false","3","19.0","2.646","2.6","0.529","10","7","2022","18","30","5","900"
"d30685dbe0b0b7069c6ffb99cf58e4bd","6502","2022-10-07T18:30:00.000","PLEASANT VALLEY RD / ELMONT DR","SOUTHBOUND","RIGHT TURN","true","2","10.0","12.728","2.2","2.263","10","7","2022","18","30","5","900"
"44ada8213d01fc052193602bf12eea52","6502","2022-10-07T18:30:00.000","PLEASANT VALLEY RD / ELMONT DR","SOUTHBOUND","THRU","false","85","34.976","10.712","1.329","1.041","10","7","2022","18","30","5","900"
"14ed9cef8012cc366ab2d883750fbec0","6502","2022-10-07T18:30:00.000","PLEASANT VALLEY RD / ELMONT DR","SOUTHBOUND","THRU","true","3","36.0","1.732","0.833","0.473","10","7","2022","18","30","5","900"
"3706548c05c339c55320c1a0697e73b2","6502","2022-10-07T18:30:00.000","PLEASANT VALLEY RD / ELMONT DR","WESTBOUND","LEFT TURN","false","1","3.0","0.0","0.0","0.0","10","7","2022","18","30","5","900"
"e23550f93ff2abd517688cd4bd6e5ea4","6502","2022-10-07T18:30:00.000","PLEASANT VALLEY RD / ELMONT DR","WESTBOUND","RIGHT TURN","false","5","9.8","6.419","6.76","11.186","10","7","2022","18","30","5","900"
"a49fd74fd33cac99506dac1c1d2f10e4","6502","2022-10-07T18:30:00.000","PLEASANT VALLEY RD / ELMONT DR","WESTBOUND","THRU","false","14","7.5","4.183","4.886","8.114","10","7","2022","18","30","5","900"
"33908431f090fd809a1d97ec2bfec54e","6502","2022-10-07T18:45:00.000","PLEASANT VALLEY RD / ELMONT DR","EASTBOUND","LEFT TURN","false","7","7.714","5.559","8.129","18.14","10","7","2022","18","45","5","900"
"7acef5f5c4324cfdbc52dc043575ab41","6502","2022-10-07T18:45:00.000","PLEASANT VALLEY RD / ELMONT DR","EASTBOUND","LEFT TURN","true","1","7.0","0.0","0.2","0.0","10","7","2022","18","45","5","900"
"4db93183b4cd13aa778eb238c7472a3b","6502","2022-10-07T18:45:00.000","PLEASANT VALLEY RD / ELMONT DR","EASTBOUND","RIGHT TURN","false","2","10.5","0.707","5.4","1.697","10","7","2022","18","45","5","900"
"6701aa04527146373686d2ff181a1efb","6502","2022-10-07T18:45:00.000","PLEASANT VALLEY RD / ELMONT DR","EASTBOUND","THRU","false","7","13.143","13.359","20.386","28.161","10","7","2022","18","45","5","900"
"e939290b9c0f565762786187d68c5b28","6502","2022-10-07T18:45:00.000","PLEASANT VALLEY RD / ELMONT DR","EASTBOUND","THRU","true","1","4.0","0.0","73.3","0.0","10","7","2022","18","45","5","900"
"50ca6ad2daf51ec5b72719e9bde5b208","6502","2022-10-07T18:45:00.000","PLEASANT VALLEY RD / ELMONT DR","NORTHBOUND","LEFT TURN","false","2","16.5","4.95","2.65","0.354","10","7","2022","18","45","5","900"
"4cdd98838c565416f5f4b9d1f8877d89","6502","2022-10-07T18:45:00.000","PLEASANT VALLEY RD / ELMONT DR","NORTHBOUND","RIGHT TURN","false","4","16.25","3.202","2.975","0.359","10","7","2022","18","45","5","900"
"2af86f9e9f30f9d6337000113e9b6488","6502","2022-10-07T18:45:00.000","PLEASANT VALLEY RD / ELMONT DR","NORTHBOUND","THRU","false","60","24.467","11.615","4.523","8.063","10","7","2022","18","45","5","900"
"75e04933294f366343c9e25a8a753f7e","6502","2022-10-07T18:45:00.000","PLEASANT VALLEY RD / ELMONT DR","NORTHBOUND","THRU","true","10","24.6","12.536","5.46","9.418","10","7","2022","18","45","5","900"
"cdab53df45d54984d8ef943d1b9b3db5","6502","2022-10-07T18:45:00.000","PLEASANT VALLEY RD / ELMONT DR","SOUTHBOUND","LEFT TURN","false","8","14.25","9.099","3.338","2.469","10","7","2022","18","45","5","900"
"480b2591f15fdb530b1cbec46bfbc5bd","6502","2022-10-07T18:45:00.000","PLEASANT VALLEY RD / ELMONT DR","SOUTHBOUND","RIGHT TURN","false","7","13.286","7.319","7.357","15.579","10","7","2022","18","45","5","900"
"4bfb4df05fc32771c93fcecedde6bb62","6502","2022-10-07T18:45:00.000","PLEASANT VALLEY RD / ELMONT DR","SOUTHBOUND","THRU","false","67","35.045","8.393","2.564","7.489","10","7","2022","18","45","5","900"
"ee7dc0905afc500c50b03e423c1324a8","6502","2022-10-07T18:45:00.000","PLEASANT VALLEY RD / ELMONT DR","SOUTHBOUND","THRU","true","5","33.8","12.418","0.48","0.61","10","7","2022","18","45","5","900"
"c4e641bba05bfecfac7921f3211a813c","6502","2022-10-07T18:45:00.000","PLEASANT VALLEY RD / ELMONT DR","WESTBOUND","LEFT TURN","false","2","6.5","0.707","3.95","0.919","10","7","2022","18","45","5","900"
"ef0a8f1471d3894e3e2749a0638aeea3","6502","2022-10-07T18:45:00.000","PLEASANT VALLEY RD / ELMONT DR","WESTBOUND","RIGHT TURN","false","8","13.5","7.151","14.025","30.706","10","7","2022","18","45","5","900"
"364ecd89e7b59a7dd1ec7be27092b4ad","6502","2022-10-07T18:45:00.000","PLEASANT VALLEY RD / ELMONT DR","WESTBOUND","THRU","false","12","10.167","8.032","13.6","23.673","10","7","2022","18","45","5","900"
"e53eca999d9826cf2b820962ad20dfce","6502","2022-10-07T19:00:00.000","PLEASANT VALLEY RD / ELMONT DR","EASTBOUND","LEFT TURN","false","4","7.25","8.18","22.45","35.011","10","7","2022","19","0","5","900"
"0b1e1f09ad098de7d19b0ad7ff03906b","6502","2022-10-07T19:00:00.000","PLEASANT VALLEY RD / ELMONT DR","EASTBOUND","LEFT TURN","true","2","10.5","6.364","0.1","0.141","10","7","2022","19","0","5","900"
"a81e06893fc5a10be1bd1f4ed5c7ef16","6502","2022-10-07T19:00:00.000","PLEASANT VALLEY RD / ELMONT DR","EASTBOUND","RIGHT TURN","false","2","18.5","0.707","3.4","0.849","10","7","2022","19","0","5","900"
"380f5ccb9c5641e8015b1f797e27e3f3","6502","2022-10-07T19:00:00.000","PLEASANT VALLEY RD / ELMONT DR","EASTBOUND","THRU","false","7","10.429","11.617","6.186","11.954","10","7","2022","19","0","5","900"
"afb16dbba897602a076d78fa4b6a1d1b","6502","2022-10-07T19:00:00.000","PLEASANT VALLEY RD / ELMONT DR","EASTBOUND","THRU","true","1","21.0","0.0","3.5","0.0","10","7","2022","19","0","5","900"
"e73f202f09075a36ec0b19b79b4a8c00","6502","2022-10-07T19:00:00.000","PLEASANT VALLEY RD / ELMONT DR","NORTHBOUND","LEFT TURN","false","6","6.833","3.189","4.767","6.952","10","7","2022","19","0","5","900"
"b89ce7d625cd6fdbd924da73a1feb030","6502","2022-10-07T19:00:00.000","PLEASANT VALLEY RD / ELMONT DR","NORTHBOUND","RIGHT TURN","false","5","15.0","2.646","3.04","0.78","10","7","2022","19","0","5","900"
"e86c943a83589a7985f0a88befe60b77","6502","2022-10-07T19:00:00.000","PLEASANT VALLEY RD / ELMONT DR","NORTHBOUND","THRU","false","50","23.94","11.377","2.292","3.456","10","7","2022","19","0","5","900"
"45ceac6e251480c58b4e9c745d09562d","6502","2022-10-07T19:00:00.000","PLEASANT VALLEY RD / ELMONT DR","NORTHBOUND","THRU","true","11","22.545","14.781","1.645","1.525","10","7","2022","19","0","5","900"
"41f8fa954fc3c186d966c73a155e352f","6502","2022-10-07T19:00:00.000","PLEASANT VALLEY RD / ELMONT DR","SOUTHBOUND","LEFT TURN","false","6","9.667","6.713","3.15","5.355","10","7","2022","19","0","5","900"
"3d0710bf58ac0a035b4d8e539c2a6918","6502","2022-10-07T19:00:00.000","PLEASANT VALLEY RD / ELMONT DR","SOUTHBOUND","LEFT TURN","true","1","4.0","0.0","5.8","0.0","10","7","2022","19","0","5","900"
"ff07c06c603ceddb7ee6e3abb6f344c7","6502","2022-10-07T19:00:00.000","PLEASANT VALLEY RD / ELMONT DR","SOUTHBOUND","RIGHT TURN","false","3","14.0","3.464","1.0","0.529","10","7","2022","19","0","5","900"
"9b4d6e6fefbdeede07cb8faf3527d0a5","6502","2022-10-07T19:00:00.000","PLEASANT VALLEY RD / ELMONT DR","SOUTHBOUND","THRU","false","40","30.0","14.992","3.96","8.202","10","7","2022","19","0","5","900"
"fc879fd914d93619ed6ece175e7bd8dd","6502","2022-10-07T19:00:00.000","PLEASANT VALLEY RD / ELMONT DR","SOUTHBOUND","THRU","true","6","24.333","17.874","1.7","0.938","10","7","2022","19","0","5","900"
"53461314371d2aa2b117ffac85ed28a7","6502","2022-10-07T19:00:00.000","PLEASANT VALLEY RD / ELMONT DR","WESTBOUND","RIGHT TURN","false","3","8.0","6.083","7.067","9.214","10","7","2022","19","0","5","900"
"7e9c8797d9d60c8bb623bdb66d5b2a74","6502","2022-10-07T19:00:00.000","PLEASANT VALLEY RD / ELMONT DR","WESTBOUND","THRU","false","9","8.667","3.391","20.433","31.331","10","7","2022","19","0","5","900"
"5c718f210acf57fe1f975e3d13553bbf","6502","2022-10-07T19:15:00.000","PLEASANT VALLEY RD / ELMONT DR","EASTBOUND","LEFT TURN","false","2","6.5","3.536","0.25","0.354","10","7","2022","19","15","5","900"
"caeeb6d6881fb34061e3cffe3d04ff58","6502","2022-10-07T19:15:00.000","PLEASANT VALLEY RD / ELMONT DR","EASTBOUND","RIGHT TURN","false","2","6.5","0.707","1.6","1.414","10","7","2022","19","15","5","900"
"d68b304a203e030924aed54e72b4e72b","6502","2022-10-07T19:15:00.000","PLEASANT VALLEY RD / ELMONT DR","EASTBOUND","THRU","false","9","7.667","4.272","4.267","9.201","10","7","2022","19","15","5","900"
"aeb5e57f866e662405aad55aea6979a5","6502","2022-10-07T19:15:00.000","PLEASANT VALLEY RD / ELMONT DR","EASTBOUND","THRU","true","3","1.333","1.155","2.867","3.356","10","7","2022","19","15","5","900"
"d07366b186933083c8b2fd81add2efc8","6502","2022-10-07T19:15:00.000","PLEASANT VALLEY RD / ELMONT DR","EASTBOUND","U-TURN","false","1","3.0","0.0","0.2","0.0","10","7","2022","19","15","5","900"
"5d9eae6cc329854669e7b18288fdf377","6502","2022-10-07T19:15:00.000","PLEASANT VALLEY RD / ELMONT DR","NORTHBOUND","LEFT TURN","false","6","13.167","2.994","2.283","1.716","10","7","2022","19","15","5","900"
"927eaa6536fa6679edbb2571a43f32a9","6502","2022-10-07T19:15:00.000","PLEASANT VALLEY RD / ELMONT DR","NORTHBOUND","RIGHT TURN","false","5","13.0","3.082","3.08","1.558","10","7","2022","19","15","5","900"
"9377a7009c4d5fa9ee19b9480b75c1d3","6502","2022-10-07T19:15:00.000","PLEASANT VALLEY RD / ELMONT DR","NORTHBOUND","THRU","false","59","27.78","13.347","2.569","3.431","10","7","2022","19","15","5","900"
"2487d5f2f95333893c3ff8954f548d32","6502","2022-10-07T19:15:00.000","PLEASANT VALLEY RD / ELMONT DR","NORTHBOUND","THRU","true","11","22.636","13.64","3.027","3.841","10","7","2022","19","15","5","900"
"b83ef2f1b3140ef9d806111eee296a6c","6502","2022-10-07T19:15:00.000","PLEASANT VALLEY RD / ELMONT DR","SOUTHBOUND","LEFT TURN","false","11","13.455","8.275","6.782","8.229","10","7","2022","19","15","5","900"
"88ed293355a8677d869988c03999a589","6502","2022-10-07T19:15:00.000","PLEASANT VALLEY RD / ELMONT DR","SOUTHBOUND","LEFT TURN","true","5","15.0","8.093","10.4","17.015","10","7","2022","19","15","5","900"
"74460b5d2e65561b7f3c13ed21490e79","6502","2022-10-07T19:15:00.000","PLEASANT VALLEY RD / ELMONT DR","SOUTHBOUND","RIGHT TURN","false","3","16.0","4.0","0.867","1.069","10","7","2022","19","15","5","900"
"85ec06e607080f8581ce6ceda02da29e","6502","2022-10-07T19:15:00.000","PLEASANT VALLEY RD / ELMONT DR","SOUTHBOUND","THRU","false","57","25.333","15.675","3.325","7.142","10","7","2022","19","15","5","900"
"b410ec42ffa361e02f311d7f87497cdd","6502","2022-10-07T19:15:00.000","PLEASANT VALLEY RD / ELMONT DR","SOUTHBOUND","THRU","true","8","20.125","10.077","6.7","13.429","10","7","2022","19","15","5","900"
"a83966c27399b4e46405af584efece4a","6502","2022-10-07T19:15:00.000","PLEASANT VALLEY RD / ELMONT DR","WESTBOUND","RIGHT TURN","false","4","8.25","6.946","3.1","5.537","10","7","2022","19","15","5","900"
"d63e0d095099c1a6a38eaa8e1eafa796","6502","2022-10-07T19:15:00.000","PLEASANT VALLEY RD / ELMONT DR","WESTBOUND","THRU","false","12","8.917","3.397","2.083","2.017","10","7","2022","19","15","5","900"
"8df56bdd9313c5a1a65017a543ab72c9","6502","2022-10-07T19:15:00.000","PLEASANT VALLEY RD / ELMONT DR","WESTBOUND","THRU","true","1","22.0","0.0","0.9","0.0","10","7","2022","19","15","5","900"
"aae254cc835a485f84ec43911a947238","6502","2022-10-07T19:30:00.000","PLEASANT VALLEY RD / ELMONT DR","EASTBOUND","LEFT TURN","false","2","6.5","7.778","10.4","8.91","10","7","2022","19","30","5","900"
"899ec0bdfcf797f0315fa5afbeb2f0aa","6502","2022-10-07T19:30:00.000","PLEASANT VALLEY RD / ELMONT DR","EASTBOUND","LEFT TURN","true","1","1.0","0.0","59.7","0.0","10","7","2022","19","30","5","900"
"27a8e351b3ed29914f5699786d0413b8","6502","2022-10-07T19:30:00.000","PLEASANT VALLEY RD / ELMONT DR","EASTBOUND","RIGHT TURN","false","5","13.4","8.264","6.12","7.584","10","7","2022","19","30","5","900"
"b7e5888ab16ffac98220f7847ec62290","6502","2022-10-07T19:30:00.000","PLEASANT VALLEY RD / ELMONT DR","EASTBOUND","THRU","false","9","9.0","8.382","12.489","14.331","10","7","2022","19","30","5","900"
"e8816d996181ea56ed8b65d43583deb8","6502","2022-10-07T19:30:00.000","PLEASANT VALLEY RD / ELMONT DR","EASTBOUND","THRU","true","4","6.5","7.234","19.7","23.105","10","7","2022","19","30","5","900"
"4f6f52aae8184fd220e3226621fea07d","6502","2022-10-07T19:30:00.000","PLEASANT VALLEY RD / ELMONT DR","NORTHBOUND","LEFT TURN","false","1","8.0","0.0","2.0","0.0","10","7","2022","19","30","5","900"
"7909adb39432376d93cc590366051ed6","6502","2022-10-07T19:30:00.000","PLEASANT VALLEY RD / ELMONT DR","NORTHBOUND","LEFT TURN","true","2","2.5","3.536","23.55","33.305","10","7","2022","19","30","5","900"
"2ac951b6e84d36d625643217843a01d0","6502","2022-10-07T19:30:00.000","PLEASANT VALLEY RD / ELMONT DR","NORTHBOUND","RIGHT TURN","false","1","7.0","0.0","3.8","0.0","10","7","2022","19","30","5","900"
"766c1642f0f8bd76574946c940d53243","6502","2022-10-07T19:30:00.000","PLEASANT VALLEY RD / ELMONT DR","NORTHBOUND","THRU","false","22","27.045","15.882","7.259","11.005","10","7","2022","19","30","5","900"
"b7c8bbfab50f798188407ba10ca02c5b","6502","2022-10-07T19:30:00.000","PLEASANT VALLEY RD / ELMONT DR","NORTHBOUND","THRU","true","6","37.0","6.229","1.717","0.677","10","7","2022","19","30","5","900"
"3f27efcf52db2e312d26e78f25ed99a1","6502","2022-10-07T19:30:00.000","PLEASANT VALLEY RD / ELMONT DR","SOUTHBOUND","LEFT TURN","false","7","11.0","4.397","14.514","14.509","10","7","2022","19","30","5","900"
"d9cfafbe979bfb4c863ac8b05f8be596","6502","2022-10-07T19:30:00.000","PLEASANT VALLEY RD / ELMONT DR","SOUTHBOUND","LEFT TURN","true","2","12.0","12.728","4.8","5.374","10","7","2022","19","30","5","900"
"13ac7411b13276af2789eb87c0c27030","6502","2022-10-07T19:30:00.000","PLEASANT VALLEY RD / ELMONT DR","SOUTHBOUND","RIGHT TURN","true","1","17.0","0.0","2.2","0.0","10","7","2022","19","30","5","900"
"13cf7558f30ccca08c555562e28e356a","6502","2022-10-07T19:30:00.000","PLEASANT VALLEY RD / ELMONT DR","SOUTHBOUND","THRU","false","27","28.481","14.813","5.496","9.256","10","7","2022","19","30","5","900"
"51a134653b5e071ee25601618ce98fdb","6502","2022-10-07T19:30:00.000","PLEASANT VALLEY RD / ELMONT DR","SOUTHBOUND","THRU","true","12","26.083","15.377","4.625","7.579","10","7","2022","19","30","5","900"
"80efe7ad31ef938479cd118cb21cb937","6502","2022-10-07T19:30:00.000","PLEASANT VALLEY RD / ELMONT DR","WESTBOUND","THRU","false","2","4.0","0.0","2.85","3.041","10","7","2022","19","30","5","900"
"4f764f4f3dda149259e4287c311f8a9f","6502","2022-10-07T19:30:00.000","PLEASANT VALLEY RD / ELMONT DR","WESTBOUND","THRU","true","2","8.5","4.95","1.45","2.051","10","7","2022","19","30","5","900"
"4e180c0c0261f185be5c4b7fdf4b013e","6502","2022-10-07T19:45:00.000","PLEASANT VALLEY RD / ELMONT DR","EASTBOUND","LEFT TURN","true","1","0.0","0.0","33.6","0.0","10","7","2022","19","45","5","900"
"ae4c26c06050295cd3861cde3523ba25","6502","2022-10-07T19:45:00.000","PLEASANT VALLEY RD / ELMONT DR","EASTBOUND","RIGHT TURN","false","5","13.0","10.84","5.58","3.48","10","7","2022","19","45","5","900"
"44d709aceb52609dc93d9a5a304ceedf","6502","2022-10-07T19:45:00.000","PLEASANT VALLEY RD / ELMONT DR","EASTBOUND","RIGHT TURN","true","1","10.0","0.0","1.8","0.0","10","7","2022","19","45","5","900"
"777ced97d7db348bb3a0e4014ac68f19","6502","2022-10-07T19:45:00.000","PLEASANT VALLEY RD / ELMONT DR","EASTBOUND","THRU","false","6","1.0","1.673","20.65","21.215","10","7","2022","19","45","5","900"
"bb9931febde1e76d270f71354c55b181","6502","2022-10-07T19:45:00.000","PLEASANT VALLEY RD / ELMONT DR","EASTBOUND","THRU","true","2","4.0","4.243","28.4","32.668","10","7","2022","19","45","5","900"
"cc096a116d29fe238a374852c1329dc5","6502","2022-10-07T19:45:00.000","PLEASANT VALLEY RD / ELMONT DR","NORTHBOUND","LEFT TURN","false","5","12.0","4.95","9.68","10.231","10","7","2022","19","45","5","900"
"6e9a7f57da17b570296b0b1523a8c448","6502","2022-10-07T19:45:00.000","PLEASANT VALLEY RD / ELMONT DR","NORTHBOUND","THRU","false","28","28.964","12.485","4.843","11.315","10","7","2022","19","45","5","900"
"217af1403c2c94cbdf3bf9728268467d","6502","2022-10-07T19:45:00.000","PLEASANT VALLEY RD / ELMONT DR","NORTHBOUND","THRU","true","6","19.833","12.781","1.783","1.186","10","7","2022","19","45","5","900"
"c441cf7623e1e500cac7ff5f83edb39f","6502","2022-10-07T19:45:00.000","PLEASANT VALLEY RD / ELMONT DR","SOUTHBOUND","LEFT TURN","false","5","12.8","6.017","9.76","8.556","10","7","2022","19","45","5","900"
"f64fa22d3fcc1e59ef9c313d84933804","6502","2022-10-07T19:45:00.000","PLEASANT VALLEY RD / ELMONT DR","SOUTHBOUND","RIGHT TURN","false","3","16.667","3.055","2.367","1.95","10","7","2022","19","45","5","900"
"cd4a305e16733eb6e036263f49127293","6502","2022-10-07T19:45:00.000","PLEASANT VALLEY RD / ELMONT DR","SOUTHBOUND","RIGHT TURN","true","1","14.0","0.0","0.8","0.0","10","7","2022","19","45","5","900"
"398485c1dc818f391d977220fdff3a66","6502","2022-10-07T19:45:00.000","PLEASANT VALLEY RD / ELMONT DR","SOUTHBOUND","THRU","false","38","26.632","14.578","6.866","11.056","10","7","2022","19","45","5","900"
"23a48ddbb794188e70c3fe8f7ccf035a","6502","2022-10-07T19:45:00.000","PLEASANT VALLEY RD / ELMONT DR","SOUTHBOUND","THRU","true","10","29.5","13.377","5.24","9.805","10","7","2022","19","45","5","900"
"64cf98f49a1f86700bb15efabc2acd3b","6502","2022-10-07T19:45:00.000","PLEASANT VALLEY RD / ELMONT DR","WESTBOUND","RIGHT TURN","false","4","11.0","2.16","3.0","1.086","10","7","2022","19","45","5","900"
"ee542bfd7f13ed32d4f732b9f2f9d910","6502","2022-10-07T19:45:00.000","PLEASANT VALLEY RD / ELMONT DR","WESTBOUND","THRU","false","7","7.857","5.242","15.886","21.693","10","7","2022","19","45","5","900"
"83cd11e8cd527f11355b375408c8fe17","6502","2022-10-07T20:00:00.000","PLEASANT VALLEY RD / ELMONT DR","EASTBOUND","LEFT TURN","false","4","7.5","6.137","13.25","12.618","10","7","2022","20","0","5","900"
"e1c982a18ba67aa917a869e9836e8bdd","6502","2022-10-07T20:00:00.000","PLEASANT VALLEY RD / ELMONT DR","EASTBOUND","LEFT TURN","true","1","6.0","0.0","3.0","0.0","10","7","2022","20","0","5","900"
"6eb62e32bab89165c2c650d2e3c79e6c","6502","2022-10-07T20:00:00.000","PLEASANT VALLEY RD / ELMONT DR","EASTBOUND","RIGHT TURN","false","2","18.0","1.414","3.45","1.909","10","7","2022","20","0","5","900"
"523a8069196897e8ea6de68212b684ac","6502","2022-10-07T20:00:00.000","PLEASANT VALLEY RD / ELMONT DR","EASTBOUND","THRU","false","3","12.0","11.0","11.933","15.768","10","7","2022","20","0","5","900"
"07ad224524b34cad5add732bac0f7ef4","6502","2022-10-07T20:00:00.000","PLEASANT VALLEY RD / ELMONT DR","EASTBOUND","THRU","true","4","11.25","13.672","11.0","13.113","10","7","2022","20","0","5","900"
"d75d265e49903d8a90707a5f33286e57","6502","2022-10-07T20:00:00.000","PLEASANT VALLEY RD / ELMONT DR","NORTHBOUND","RIGHT TURN","false","1","5.0","0.0","5.9","0.0","10","7","2022","20","0","5","900"
"7a646c297b11c7467d5fa6ccf52737fb","6502","2022-10-07T20:00:00.000","PLEASANT VALLEY RD / ELMONT DR","NORTHBOUND","THRU","false","24","25.792","15.756","4.571","8.53","10","7","2022","20","0","5","900"
"6424451fcc219f0d9bd00be92c07055b","6502","2022-10-07T20:00:00.000","PLEASANT VALLEY RD / ELMONT DR","NORTHBOUND","THRU","true","6","18.0","13.401","2.967","1.157","10","7","2022","20","0","5","900"
"64107e8168268c04e338de2158a16a9a","6502","2022-10-07T20:00:00.000","PLEASANT VALLEY RD / ELMONT DR","SOUTHBOUND","LEFT TURN","false","2","18.5","0.707","1.9","0.99","10","7","2022","20","0","5","900"
"16eb5231db96c3a3b78b2d8162336820","6502","2022-10-07T20:00:00.000","PLEASANT VALLEY RD / ELMONT DR","SOUTHBOUND","LEFT TURN","true","6","8.833","7.083","9.333","11.76","10","7","2022","20","0","5","900"
"4efe356e83040370cfc6a102a93c49ba","6502","2022-10-07T20:00:00.000","PLEASANT VALLEY RD / ELMONT DR","SOUTHBOUND","THRU","false","21","31.048","19.4","5.705","9.763","10","7","2022","20","0","5","900"
"166001edf17ee2e1b8099f98105a1c6c","6502","2022-10-07T20:00:00.000","PLEASANT VALLEY RD / ELMONT DR","SOUTHBOUND","THRU","true","11","35.091","14.788","1.236","0.454","10","7","2022","20","0","5","900"
"90c01fe88dd247e4f0ee74e45fc1142f","6502","2022-10-07T20:00:00.000","PLEASANT VALLEY RD / ELMONT DR","WESTBOUND","RIGHT TURN","true","1","16.0","0.0","4.0","0.0","10","7","2022","20","0","5","900"
"6730cff48d2818357005a3bfcc8ce69f","6502","2022-10-07T20:00:00.000","PLEASANT VALLEY RD / ELMONT DR","WESTBOUND","THRU","false","8","9.875","8.709","4.2","4.958","10","7","2022","20","0","5","900"
"988db619d5be1f84f9bacfe71657c569","6502","2022-10-07T20:00:00.000","PLEASANT VALLEY RD / ELMONT DR","WESTBOUND","THRU","true","4","10.25","5.737","2.65","1.989","10","7","2022","20","0","5","900"
"2a44152472626c1d4c62a82df4d57553","6502","2022-10-07T20:15:00.000","PLEASANT VALLEY RD / ELMONT DR","EASTBOUND","LEFT TURN","false","1","3.0","0.0","43.4","0.0","10","7","2022","20","15","5","900"
"9fd352ec60f4e3a3608ba24017dddccc","6502","2022-10-07T20:15:00.000","PLEASANT VALLEY RD / ELMONT DR","EASTBOUND","LEFT TURN","true","1","0.0","0.0","1.8","0.0","10","7","2022","20","15","5","900"
"841c6689638932894047cec25323efdf","6502","2022-10-07T20:15:00.000","PLEASANT VALLEY RD / ELMONT DR","EASTBOUND","RIGHT TURN","false","3","11.667","9.074","11.5","9.615","10","7","2022","20","15","5","900"
"be1897301f2cca26b4cbb05f7b9e98c4","6502","2022-10-07T20:15:00.000","PLEASANT VALLEY RD / ELMONT DR","EASTBOUND","THRU","false","3","8.333","7.638","5.0","1.217","10","7","2022","20","15","5","900"
"4c8db2d9cef4b47b9085361b61d5e09d","6502","2022-10-07T20:15:00.000","PLEASANT VALLEY RD / ELMONT DR","EASTBOUND","THRU","true","7","14.143","13.656","14.429","15.223","10","7","2022","20","15","5","900"
"ee4c0ea6e79ca2648484e884dbd198e9","6502","2022-10-07T20:15:00.000","PLEASANT VALLEY RD / ELMONT DR","NORTHBOUND","LEFT TURN","false","2","8.5","2.121","8.4","10.465","10","7","2022","20","15","5","900"
"b87ebc6495c822186529e347a4ac9b9d","6502","2022-10-07T20:15:00.000","PLEASANT VALLEY RD / ELMONT DR","NORTHBOUND","RIGHT TURN","false","2","11.0","2.828","4.8","0.283","10","7","2022","20","15","5","900"
"d58ffd0d97adf9927fcdb2e60f4b4d21","6502","2022-10-07T20:15:00.000","PLEASANT VALLEY RD / ELMONT DR","NORTHBOUND","THRU","false","23","21.696","14.772","6.587","11.946","10","7","2022","20","15","5","900"
"c74bb162db01c7eabd70165340f95344","6502","2022-10-07T20:15:00.000","PLEASANT VALLEY RD / ELMONT DR","NORTHBOUND","THRU","true","3","23.667","15.373","12.5","18.018","10","7","2022","20","15","5","900"
"65aec2098c45646ac97cafeef94a1b2d","6502","2022-10-07T20:15:00.000","PLEASANT VALLEY RD / ELMONT DR","SOUTHBOUND","LEFT TURN","false","1","22.0","0.0","2.9","0.0","10","7","2022","20","15","5","900"
"6646fa460b9822ad2014d6fb9294f7bc","6502","2022-10-07T20:15:00.000","PLEASANT VALLEY RD / ELMONT DR","SOUTHBOUND","RIGHT TURN","true","1","12.0","0.0","5.0","0.0","10","7","2022","20","15","5","900"
"ec487adbc39be3b7abe8b376a9c13387","6502","2022-10-07T20:15:00.000","PLEASANT VALLEY RD / ELMONT DR","SOUTHBOUND","THRU","false","27","34.889","15.707","5.115","9.677","10","7","2022","20","15","5","900"
"445a7fd25e75c5ec40ea188607222d74","6502","2022-10-07T20:15:00.000","PLEASANT VALLEY RD / ELMONT DR","SOUTHBOUND","THRU","true","8","29.25","19.869","6.812","12.193","10","7","2022","20","15","5","900"
"376f41bdad50b1a4a60055d450b61d32","6502","2022-10-07T20:15:00.000","PLEASANT VALLEY RD / ELMONT DR","WESTBOUND","LEFT TURN","false","2","17.0","4.243","2.15","0.636","10","7","2022","20","15","5","900"
"3c66d91ef5bc54bf9af33da8455c2679","6502","2022-10-07T20:15:00.000","PLEASANT VALLEY RD / ELMONT DR","WESTBOUND","RIGHT TURN","false","1","8.0","0.0","15.4","0.0","10","7","2022","20","15","5","900"
"c3923dc1f152f09bbdcb0725bf143c0a","6502","2022-10-07T20:15:00.000","PLEASANT VALLEY RD / ELMONT DR","WESTBOUND","THRU","false","3","17.0","10.536","2.633","1.05","10","7","2022","20","15","5","900"
"fb5e0566328ddff1d1bd669a43f0ee99","6502","2022-10-07T20:15:00.000","PLEASANT VALLEY RD / ELMONT DR","WESTBOUND","THRU","true","2","2.5","3.536","2.55","1.344","10","7","2022","20","15","5","900"
"469399fbfdaf0598d4488d69ef6e8898","6502","2022-10-07T20:30:00.000","PLEASANT VALLEY RD / ELMONT DR","EASTBOUND","LEFT TURN","false","2","3.5","3.536","24.3","29.698","10","7","2022","20","30","5","900"
"d65e23a27cb1e32682b8ad3ca2d5a094","6502","2022-10-07T20:30:00.000","PLEASANT VALLEY RD / ELMONT DR","EASTBOUND","RIGHT TURN","false","2","17.0","9.899","3.7","0.424","10","7","2022","20","30","5","900"
"9794188e3dd017c2bb52689f2663d771","6502","2022-10-07T20:30:00.000","PLEASANT VALLEY RD / ELMONT DR","EASTBOUND","THRU","false","4","17.75","11.955","16.15","23.543","10","7","2022","20","30","5","900"
"5645de570bb89d11081572e00653fcc2","6502","2022-10-07T20:30:00.000","PLEASANT VALLEY RD / ELMONT DR","EASTBOUND","THRU","true","1","1.0","0.0","28.1","0.0","10","7","2022","20","30","5","900"
"57f7ff4edd6725a37a98de541ade8064","6502","2022-10-07T20:30:00.000","PLEASANT VALLEY RD / ELMONT DR","NORTHBOUND","LEFT TURN","false","4","11.75","6.652","25.15","40.683","10","7","2022","20","30","5","900"
"95072669c8ed9409d1848236ea6d7e0c","6502","2022-10-07T20:30:00.000","PLEASANT VALLEY RD / ELMONT DR","NORTHBOUND","LEFT TURN","true","1","0.0","0.0","0.8","0.0","10","7","2022","20","30","5","900"
"023677743e6ee5f61ecbace3ec292e7b","6502","2022-10-07T20:30:00.000","PLEASANT VALLEY RD / ELMONT DR","NORTHBOUND","RIGHT TURN","false","1","15.0","0.0","2.4","0.0","10","7","2022","20","30","5","900"
"90e1343b0f1e6bc31b8ced6832d85714","6502","2022-10-07T20:30:00.000","PLEASANT VALLEY RD / ELMONT DR","NORTHBOUND","THRU","false","12","28.917","15.216","4.325","8.16","10","7","2022","20","30","5","900"
"3d76cfd0906f942b3bb42578b5e47a2e","6502","2022-10-07T20:30:00.000","PLEASANT VALLEY RD / ELMONT DR","NORTHBOUND","THRU","true","6","18.333","14.828","1.717","0.895","10","7","2022","20","30","5","900"
"a9a80136808018914eb32b68ac658815","6502","2022-10-07T20:30:00.000","PLEASANT VALLEY RD / ELMONT DR","SOUTHBOUND","LEFT TURN","false","3","12.333","9.713","9.3","10.001","10","7","2022","20","30","5","900"
"3f1041e5bb43c905f4ec0afe6993e734","6502","2022-10-07T20:30:00.000","PLEASANT VALLEY RD / ELMONT DR","SOUTHBOUND","LEFT TURN","true","3","10.667","9.866","2.967","2.011","10","7","2022","20","30","5","900"
"3bbc6d5344d17f4d0bc992e2c8f8dd64","6502","2022-10-07T20:30:00.000","PLEASANT VALLEY RD / ELMONT DR","SOUTHBOUND","RIGHT TURN","false","1","20.0","0.0","2.0","0.0","10","7","2022","20","30","5","900"
"ba5ea74e715b09a69b51acd26b040606","6502","2022-10-07T20:30:00.000","PLEASANT VALLEY RD / ELMONT DR","SOUTHBOUND","RIGHT TURN","true","1","18.0","0.0","0.8","0.0","10","7","2022","20","30","5","900"
"45c2ca1c4f1c03810345d23169ccbbd0","6502","2022-10-07T20:30:00.000","PLEASANT VALLEY RD / ELMONT DR","SOUTHBOUND","THRU","false","17","35.765","11.824","2.829","6.622","10","7","2022","20","30","5","900"
"de0d803e71059dc27ce099a4429c5f85","6502","2022-10-07T20:30:00.000","PLEASANT VALLEY RD / ELMONT DR","SOUTHBOUND","THRU","true","7","37.143","13.234","3.914","7.277","10","7","2022","20","30","5","900"
"726dcb6a4ed181aec97af9e77ce84bcc","6502","2022-10-07T20:30:00.000","PLEASANT VALLEY RD / ELMONT DR","WESTBOUND","LEFT TURN","true","1","7.0","0.0","1.3","0.0","10","7","2022","20","30","5","900"
"727ee8855b0736a6e1e4cfb3ab81a471","6502","2022-10-07T20:30:00.000","PLEASANT VALLEY RD / ELMONT DR","WESTBOUND","RIGHT TURN","true","1","7.0","0.0","23.3","0.0","10","7","2022","20","30","5","900"
"cc18ac050e70c4c47542f19640d25cd9","6502","2022-10-07T20:30:00.000","PLEASANT VALLEY RD / ELMONT DR","WESTBOUND","THRU","false","5","5.8","6.648","3.16","2.951","10","7","2022","20","30","5","900"
"01ffb45e9a029a72db71fd8df2a0bb6e","6502","2022-10-07T20:30:00.000","PLEASANT VALLEY RD / ELMONT DR","WESTBOUND","THRU","true","5","4.6","6.618","6.42","7.83","10","7","2022","20","30","5","900"
"056ee49852f11563dbc99da4b1a5874a","6502","2022-10-07T20:45:00.000","PLEASANT VALLEY RD / ELMONT DR","EASTBOUND","LEFT TURN","false","2","18.0","18.385","9.75","12.657","10","7","2022","20","45","5","900"
"12ced2a7f0c88d99a6b5658d8d7a4e0b","6502","2022-10-07T20:45:00.000","PLEASANT VALLEY RD / ELMONT DR","EASTBOUND","LEFT TURN","true","1","1.0","0.0","17.2","0.0","10","7","2022","20","45","5","900"
"7c8df88964c88df96483aa7fe094aff0","6502","2022-10-07T20:45:00.000","PLEASANT VALLEY RD / ELMONT DR","EASTBOUND","RIGHT TURN","false","2","0.5","0.707","7.75","3.323","10","7","2022","20","45","5","900"
"ed443ecebb0cea074bb17ac8663dc00b","6502","2022-10-07T20:45:00.000","PLEASANT VALLEY RD / ELMONT DR","EASTBOUND","RIGHT TURN","true","2","3.0","1.414","5.3","1.414","10","7","2022","20","45","5","900"
"0e2158b4b591d8f9def409055c150eeb","6502","2022-10-07T20:45:00.000","PLEASANT VALLEY RD / ELMONT DR","EASTBOUND","THRU","false","3","9.667","10.017","5.133","4.5","10","7","2022","20","45","5","900"
"7e5c58cb2ac697ff40014141a7ff6889","6502","2022-10-07T20:45:00.000","PLEASANT VALLEY RD / ELMONT DR","EASTBOUND","THRU","true","3","9.0","7.937","12.467","17.381","10","7","2022","20","45","5","900"
"f472e8418fbe135c9b5c4a711423c659","6502","2022-10-07T20:45:00.000","PLEASANT VALLEY RD / ELMONT DR","NORTHBOUND","LEFT TURN","false","2","15.0","2.828","2.3","1.556","10","7","2022","20","45","5","900"
"fe0fccf74cf3d262ad10c2a896ac3af7","6502","2022-10-07T20:45:00.000","PLEASANT VALLEY RD / ELMONT DR","NORTHBOUND","LEFT TURN","true","2","10.5","13.435","18.4","22.91","10","7","2022","20","45","5","900"
"3d3a603f56bf6f0c51941c1a90ba4787","6502","2022-10-07T20:45:00.000","PLEASANT VALLEY RD / ELMONT DR","NORTHBOUND","RIGHT TURN","false","3","13.0","2.646","5.167","1.531","10","7","2022","20","45","5","900"
"25a25787b1ea7516d6709ecce9f290aa","6502","2022-10-07T20:45:00.000","PLEASANT VALLEY RD / ELMONT DR","NORTHBOUND","THRU","false","22","26.182","14.943","3.664","4.532","10","7","2022","20","45","5","900"
"735275d8e8006dff2b00198e1e9c6b16","6502","2022-10-07T20:45:00.000","PLEASANT VALLEY RD / ELMONT DR","NORTHBOUND","THRU","true","11","15.636","9.179","9.636","13.867","10","7","2022","20","45","5","900"
"e43e332010ce839ca1754d9434fd3bc2","6502","2022-10-07T20:45:00.000","PLEASANT VALLEY RD / ELMONT DR","SOUTHBOUND","LEFT TURN","false","7","11.429","8.753","5.057","5.151","10","7","2022","20","45","5","900"
"4d8f813597e19725109e92078e5e431b","6502","2022-10-07T20:45:00.000","PLEASANT VALLEY RD / ELMONT DR","SOUTHBOUND","LEFT TURN","true","3","9.667","5.508","26.867","22.456","10","7","2022","20","45","5","900"
"244a8ba1d5a5326f5df8fc3694ed6397","6502","2022-10-07T20:45:00.000","PLEASANT VALLEY RD / ELMONT DR","SOUTHBOUND","RIGHT TURN","true","4","15.75","2.062","1.975","0.613","10","7","2022","20","45","5","900"
"f6487388e79f28607fa86fc73e10cd25","6502","2022-10-07T20:45:00.000","PLEASANT VALLEY RD / ELMONT DR","SOUTHBOUND","THRU","false","24","29.0","18.755","8.904","12.331","10","7","2022","20","45","5","900"
"5ce6eb913f9b3d41873da3114804e239","6502","2022-10-07T20:45:00.000","PLEASANT VALLEY RD / ELMONT DR","SOUTHBOUND","THRU","true","10","38.3","14.338","1.18","0.612","10","7","2022","20","45","5","900"
"ccece8e91ac023b50ed76b79ce789c4c","6502","2022-10-07T20:45:00.000","PLEASANT VALLEY RD / ELMONT DR","WESTBOUND","RIGHT TURN","false","1","16.0","0.0","2.3","0.0","10","7","2022","20","45","5","900"
"aedccbae718a57159cd4d9294656a823","6502","2022-10-07T20:45:00.000","PLEASANT VALLEY RD / ELMONT DR","WESTBOUND","RIGHT TURN","true","1","14.0","0.0","0.4","0.0","10","7","2022","20","45","5","900"
"35b408ee40cbcf166d5bbf09d00106a4","6502","2022-10-07T20:45:00.000","PLEASANT VALLEY RD / ELMONT DR","WESTBOUND","THRU","false","5","8.4","5.177","14.24","24.474","10","7","2022","20","45","5","900"
"e0afdbf7741c18e6eca0fb305abcb07f","6502","2022-10-07T20:45:00.000","PLEASANT VALLEY RD / ELMONT DR","WESTBOUND","THRU","true","4","8.5","7.55","2.975","2.423","10","7","2022","20","45","5","900"
"f43e567ea4d55c007758049121c45acc","6502","2022-10-07T21:00:00.000","PLEASANT VALLEY RD / ELMONT DR","EASTBOUND","LEFT TURN","false","2","10.5","12.021","1.75","1.768","10","7","2022","21","0","5","900"
"2991cc4a2bd254df1ab3011bd8adbf72","6502","2022-10-07T21:00:00.000","PLEASANT VALLEY RD / ELMONT DR","EASTBOUND","RIGHT TURN","false","1","1.0","0.0","0.2","0.0","10","7","2022","21","0","5","900"
"41b0c61d80607511f66ae7b8ea1c2af8","6502","2022-10-07T21:00:00.000","PLEASANT VALLEY RD / ELMONT DR","EASTBOUND","THRU","false","3","16.0","9.539","2.367","1.15","10","7","2022","21","0","5","900"
"d86033e923994e730dd66792ef4ded41","6502","2022-10-07T21:00:00.000","PLEASANT VALLEY RD / ELMONT DR","EASTBOUND","THRU","true","2","6.0","8.485","7.15","1.344","10","7","2022","21","0","5","900"
"6466647e429ff08ec1cb793525bca563","6502","2022-10-07T21:00:00.000","PLEASANT VALLEY RD / ELMONT DR","NORTHBOUND","LEFT TURN","false","2","16.5","2.121","3.4","3.677","10","7","2022","21","0","5","900"
"ac518cef733d83b974b40c9ffd6789e3","6502","2022-10-07T21:00:00.000","PLEASANT VALLEY RD / ELMONT DR","NORTHBOUND","RIGHT TURN","true","1","13.0","0.0","1.3","0.0","10","7","2022","21","0","5","900"
"e405cdc2798ba0e7b5900492aefd944d","6502","2022-10-07T21:00:00.000","PLEASANT VALLEY RD / ELMONT DR","NORTHBOUND","THRU","false","17","23.706","13.959","4.571","6.22","10","7","2022","21","0","5","900"
"ea47c12ee55cd842e8c68556a9c4f2f0","6502","2022-10-07T21:00:00.000","PLEASANT VALLEY RD / ELMONT DR","NORTHBOUND","THRU","true","6","22.667","11.112","2.65","0.894","10","7","2022","21","0","5","900"
"7dc4218e27d1b4fda606b766a641dffb","6502","2022-10-07T21:00:00.000","PLEASANT VALLEY RD / ELMONT DR","SOUTHBOUND","LEFT TURN","false","2","13.5","7.778","3.9","1.838","10","7","2022","21","0","5","900"
"823fcbcf10105b31df412636518927ce","6502","2022-10-07T21:00:00.000","PLEASANT VALLEY RD / ELMONT DR","SOUTHBOUND","LEFT TURN","true","2","2.5","2.121","10.05","2.616","10","7","2022","21","0","5","900"
"60aee0a9afc2d99093d90f458b1ab2a3","6502","2022-10-07T21:00:00.000","PLEASANT VALLEY RD / ELMONT DR","SOUTHBOUND","RIGHT TURN","false","3","12.333","6.351","2.433","1.856","10","7","2022","21","0","5","900"
"b77a36338342fd4835508c7b841de2a4","6502","2022-10-07T21:00:00.000","PLEASANT VALLEY RD / ELMONT DR","SOUTHBOUND","THRU","false","19","31.053","14.191","3.2","4.84","10","7","2022","21","0","5","900"
"d1ed677ea633679a11b8b6f9e14c62fc","6502","2022-10-07T21:00:00.000","PLEASANT VALLEY RD / ELMONT DR","SOUTHBOUND","THRU","true","9","33.111","19.413","1.467","0.752","10","7","2022","21","0","5","900"
"23daf67fef5602a717032ba9b08a1a08","6502","2022-10-07T21:00:00.000","PLEASANT VALLEY RD / ELMONT DR","WESTBOUND","THRU","false","3","8.667","3.055","25.133","40.004","10","7","2022","21","0","5","900"
"1a0aabd712d053e9fc92b17b0f117239","6502","2022-10-07T21:00:00.000","PLEASANT VALLEY RD / ELMONT DR","WESTBOUND","THRU","true","1","1.0","0.0","8.3","0.0","10","7","2022","21","0","5","900"
"14bb18c490041c70fd0d41104b877e27","6502","2022-10-07T21:15:00.000","PLEASANT VALLEY RD / ELMONT DR","EASTBOUND","LEFT TURN","false","3","13.333","10.116","12.5","14.983","10","7","2022","21","15","5","900"
"51367148db2f939c8192eb979992fb54","6502","2022-10-07T21:15:00.000","PLEASANT VALLEY RD / ELMONT DR","EASTBOUND","LEFT TURN","true","3","15.0","11.533","3.433","1.002","10","7","2022","21","15","5","900"
"2cc2cc5aabdd0d47f15addd78d0660ea","6502","2022-10-07T21:15:00.000","PLEASANT VALLEY RD / ELMONT DR","EASTBOUND","RIGHT TURN","false","3","16.333","4.041","3.967","0.971","10","7","2022","21","15","5","900"
"8afc73280d667b4886d66b84e394cc3f","6502","2022-10-07T21:15:00.000","PLEASANT VALLEY RD / ELMONT DR","EASTBOUND","THRU","false","5","14.4","12.482","8.5","10.037","10","7","2022","21","15","5","900"
"74f86ef4e426fbcb804b9c21fa070e1d","6502","2022-10-07T21:15:00.000","PLEASANT VALLEY RD / ELMONT DR","EASTBOUND","THRU","true","2","6.5","7.778","23.75","27.931","10","7","2022","21","15","5","900"
"ab81c7ae16608208aaa88b11002c3fcd","6502","2022-10-07T21:15:00.000","PLEASANT VALLEY RD / ELMONT DR","NORTHBOUND","LEFT TURN","false","3","6.0","5.292","1.533","1.419","10","7","2022","21","15","5","900"
"2c846884cbd8eec3934a68483f8a318f","6502","2022-10-07T21:15:00.000","PLEASANT VALLEY RD / ELMONT DR","NORTHBOUND","LEFT TURN","true","1","13.0","0.0","5.8","0.0","10","7","2022","21","15","5","900"
"d2ad03cac0418025a3f746042cfee767","6502","2022-10-07T21:15:00.000","PLEASANT VALLEY RD / ELMONT DR","NORTHBOUND","THRU","false","18","27.444","15.466","6.611","10.932","10","7","2022","21","15","5","900"
"8e4b0436f9c20089ef09a5ef93d4c824","6502","2022-10-07T21:15:00.000","PLEASANT VALLEY RD / ELMONT DR","NORTHBOUND","THRU","true","9","21.556","17.06","12.067","16.698","10","7","2022","21","15","5","900"
"63fc05b836687d20ca269776401a23f5","6502","2022-10-07T21:15:00.000","PLEASANT VALLEY RD / ELMONT DR","SOUTHBOUND","LEFT TURN","false","4","10.5","7.326","11.25","8.761","10","7","2022","21","15","5","900"
"fdaa5295818e1c5513d7722eb926b68a","6502","2022-10-07T21:15:00.000","PLEASANT VALLEY RD / ELMONT DR","SOUTHBOUND","RIGHT TURN","false","1","14.0","0.0","0.8","0.0","10","7","2022","21","15","5","900"
"3f473bd901ccee92060984a31a0a1793","6502","2022-10-07T21:15:00.000","PLEASANT VALLEY RD / ELMONT DR","SOUTHBOUND","THRU","false","24","30.667","15.356","5.779","9.772","10","7","2022","21","15","5","900"
"0f5e234ee2a6076d722c6a82fb8c69f2","6502","2022-10-07T21:15:00.000","PLEASANT VALLEY RD / ELMONT DR","SOUTHBOUND","THRU","true","5","27.6","12.075","1.58","1.08","10","7","2022","21","15","5","900"
"454d95678726d363e05ecba51a380aa4","6502","2022-10-07T21:15:00.000","PLEASANT VALLEY RD / ELMONT DR","WESTBOUND","LEFT TURN","true","1","11.0","0.0","1.6","0.0","10","7","2022","21","15","5","900"
"57808456023e824d782d3719328bb061","6502","2022-10-07T21:15:00.000","PLEASANT VALLEY RD / ELMONT DR","WESTBOUND","RIGHT TURN","false","3","8.333","7.095","3.433","3.395","10","7","2022","21","15","5","900"
"d5ce16249727f13fc368f6dbf3b0c49c","6502","2022-10-07T21:15:00.000","PLEASANT VALLEY RD / ELMONT DR","WESTBOUND","THRU","false","2","3.5","3.536","34.05","46.174","10","7","2022","21","15","5","900"
"d3c9be7e27090590295f3d706732923a","6502","2022-10-07T21:15:00.000","PLEASANT VALLEY RD / ELMONT DR","WESTBOUND","THRU","true","2","6.0","8.485","4.8","1.697","10","7","2022","21","15","5","900"
"dc4a256b5f6466d3f484054a0a9c57d4","6502","2022-10-07T21:30:00.000","PLEASANT VALLEY RD / ELMONT DR","EASTBOUND","LEFT TURN","false","1","2.0","0.0","37.5","0.0","10","7","2022","21","30","5","900"
"4ec721ea6e16274306f77f3c4e76b8ff","6502","2022-10-07T21:30:00.000","PLEASANT VALLEY RD / ELMONT DR","EASTBOUND","LEFT TURN","true","1","0.0","0.0","39.6","0.0","10","7","2022","21","30","5","900"
"852ca413678c9fd9e4271c8c3af60e11","6502","2022-10-07T21:30:00.000","PLEASANT VALLEY RD / ELMONT DR","EASTBOUND","RIGHT TURN","false","1","5.0","0.0","2.9","0.0","10","7","2022","21","30","5","900"
"e763a534ddfaf882366bca83eda604ef","6502","2022-10-07T21:30:00.000","PLEASANT VALLEY RD / ELMONT DR","EASTBOUND","THRU","false","3","2.667","1.155","24.4","14.508","10","7","2022","21","30","5","900"
"65b086f14f309a35688e3838013dad1d","6502","2022-10-07T21:30:00.000","PLEASANT VALLEY RD / ELMONT DR","EASTBOUND","THRU","true","6","6.667","7.257","22.117","21.407","10","7","2022","21","30","5","900"
"bee8b03bddad4cf1584328b540c0d86d","6502","2022-10-07T21:30:00.000","PLEASANT VALLEY RD / ELMONT DR","NORTHBOUND","LEFT TURN","false","3","13.667","1.528","3.733","0.611","10","7","2022","21","30","5","900"
"45787ad83840361d115be3ce30b652fb","6502","2022-10-07T21:30:00.000","PLEASANT VALLEY RD / ELMONT DR","NORTHBOUND","LEFT TURN","true","1","5.0","0.0","49.8","0.0","10","7","2022","21","30","5","900"
"4e30290a6eb6ba86bfabd5c1c8596a66","6502","2022-10-07T21:30:00.000","PLEASANT VALLEY RD / ELMONT DR","NORTHBOUND","RIGHT TURN","false","1","17.0","0.0","3.1","0.0","10","7","2022","21","30","5","900"
"547cc1ed840a4c59e5606ebdfc61782b","6502","2022-10-07T21:30:00.000","PLEASANT VALLEY RD / ELMONT DR","NORTHBOUND","THRU","false","11","22.455","11.961","3.918","4.087","10","7","2022","21","30","5","900"
"2b5eba1bf0b22b10dd3c9121a1dfbfa9","6502","2022-10-07T21:30:00.000","PLEASANT VALLEY RD / ELMONT DR","NORTHBOUND","THRU","true","6","21.0","19.94","4.633","5.622","10","7","2022","21","30","5","900"
"82b361a3aed6d651bca75de4f4e8eb6c","6502","2022-10-07T21:30:00.000","PLEASANT VALLEY RD / ELMONT DR","SOUTHBOUND","LEFT TURN","false","7","14.0","7.874","10.914","11.32","10","7","2022","21","30","5","900"
"47e31a3823d8f573da3642e6e7dd3943","6502","2022-10-07T21:30:00.000","PLEASANT VALLEY RD / ELMONT DR","SOUTHBOUND","LEFT TURN","true","2","6.0","4.243","9.4","1.697","10","7","2022","21","30","5","900"
"caf25092ef7ef37b42e92a09dd07c6c6","6502","2022-10-07T21:30:00.000","PLEASANT VALLEY RD / ELMONT DR","SOUTHBOUND","RIGHT TURN","false","1","12.0","0.0","3.8","0.0","10","7","2022","21","30","5","900"
"8198320d2a15319c52106c393c972c42","6502","2022-10-07T21:30:00.000","PLEASANT VALLEY RD / ELMONT DR","SOUTHBOUND","RIGHT TURN","true","1","17.0","0.0","2.7","0.0","10","7","2022","21","30","5","900"
"fafdd308acc4499593b0826122166078","6502","2022-10-07T21:30:00.000","PLEASANT VALLEY RD / ELMONT DR","SOUTHBOUND","THRU","false","18","19.0","13.124","7.75","11.235","10","7","2022","21","30","5","900"
"10b784a8ec7a9618b1a93d41858ac5c0","6502","2022-10-07T21:30:00.000","PLEASANT VALLEY RD / ELMONT DR","SOUTHBOUND","THRU","true","8","16.25","13.573","3.588","4.467","10","7","2022","21","30","5","900"
"884e4cfa545520bb20d2564a69d6ba1c","6502","2022-10-07T21:30:00.000","PLEASANT VALLEY RD / ELMONT DR","WESTBOUND","THRU","false","3","3.333","4.933","18.6","17.155","10","7","2022","21","30","5","900"
"30ce05fbd7a7a6774b48419760af71b1","6502","2022-10-07T21:30:00.000","PLEASANT VALLEY RD / ELMONT DR","WESTBOUND","THRU","true","1","16.0","0.0","2.4","0.0","10","7","2022","21","30","5","900"
"d314a80315e61d09e1c80180e8d1a877","6502","2022-10-07T21:45:00.000","PLEASANT VALLEY RD / ELMONT DR","EASTBOUND","RIGHT TURN","false","3","16.333","6.028","3.067","1.801","10","7","2022","21","45","5","900"
"f3ac19254060b0d39ea20f849be02885","6502","2022-10-07T21:45:00.000","PLEASANT VALLEY RD / ELMONT DR","EASTBOUND","THRU","false","4","3.5","6.351","13.725","21.274","10","7","2022","21","45","5","900"
"6256b77a59ac8a58c073a01de35612c7","6502","2022-10-07T21:45:00.000","PLEASANT VALLEY RD / ELMONT DR","EASTBOUND","THRU","true","2","12.0","2.828","4.35","3.606","10","7","2022","21","45","5","900"
"151e334947f94cf4faa37bda85a98b45","6502","2022-10-07T21:45:00.000","PLEASANT VALLEY RD / ELMONT DR","NORTHBOUND","LEFT TURN","false","1","0.0","0.0","0.0","0.0","10","7","2022","21","45","5","900"
"79873958ef727a143631f2eaea243501","6502","2022-10-07T21:45:00.000","PLEASANT VALLEY RD / ELMONT DR","NORTHBOUND","LEFT TURN","true","1","16.0","0.0","3.6","0.0","10","7","2022","21","45","5","900"
"a02d39e20ebc70a233421625e0d57e7d","6502","2022-10-07T21:45:00.000","PLEASANT VALLEY RD / ELMONT DR","NORTHBOUND","RIGHT TURN","false","1","14.0","0.0","3.4","0.0","10","7","2022","21","45","5","900"
"71e75b7e184f956dbe6caae16cd840ca","6502","2022-10-07T21:45:00.000","PLEASANT VALLEY RD / ELMONT DR","NORTHBOUND","THRU","false","7","24.571","17.164","7.729","15.493","10","7","2022","21","45","5","900"
"e29ecd1674c4fae677affa6bef5b071a","6502","2022-10-07T21:45:00.000","PLEASANT VALLEY RD / ELMONT DR","NORTHBOUND","THRU","true","1","31.0","0.0","2.2","0.0","10","7","2022","21","45","5","900"
"285f7381f50214d5d24840a83cc46eae","6502","2022-10-07T21:45:00.000","PLEASANT VALLEY RD / ELMONT DR","SOUTHBOUND","LEFT TURN","false","1","6.0","0.0","7.8","0.0","10","7","2022","21","45","5","900"
"1e01c685937cc1e165780ef1537c4e0b","6502","2022-10-07T21:45:00.000","PLEASANT VALLEY RD / ELMONT DR","SOUTHBOUND","THRU","false","10","34.1","16.696","4.44","7.648","10","7","2022","21","45","5","900"
"2a71bbbffa4b8d4ef7747a1e81865fa2","6502","2022-10-07T21:45:00.000","PLEASANT VALLEY RD / ELMONT DR","SOUTHBOUND","THRU","true","5","25.8","7.791","1.48","0.934","10","7","2022","21","45","5","900"
"0974a568c046d29ee02f83d2a33e4a42","6502","2022-10-07T21:45:00.000","PLEASANT VALLEY RD / ELMONT DR","WESTBOUND","THRU","true","2","2.5","3.536","3.1","1.838","10","7","2022","21","45","5","900"
"360b0ec918f665a7a5058d6c1d01532a","6502","2022-10-07T22:00:00.000","PLEASANT VALLEY RD / ELMONT DR","EASTBOUND","RIGHT TURN","false","1","23.0","0.0","4.0","0.0","10","7","2022","22","0","5","900"
"7373ed4bca925a84add747c896e8884e","6502","2022-10-07T22:00:00.000","PLEASANT VALLEY RD / ELMONT DR","EASTBOUND","THRU","false","1","4.0","0.0","4.6","0.0","10","7","2022","22","0","5","900"
"c3c6053fd64e7d529aa5d90a4303f098","6502","2022-10-07T22:00:00.000","PLEASANT VALLEY RD / ELMONT DR","NORTHBOUND","RIGHT TURN","false","1","12.0","0.0","4.3","0.0","10","7","2022","22","0","5","900"
"48eb5f5b4a0e1a61f3fe8412678377a6","6502","2022-10-07T22:00:00.000","PLEASANT VALLEY RD / ELMONT DR","NORTHBOUND","THRU","false","5","29.8","11.692","2.5","1.173","10","7","2022","22","0","5","900"
"351f8d3ee324f4bde11623492431f786","6502","2022-10-07T22:00:00.000","PLEASANT VALLEY RD / ELMONT DR","NORTHBOUND","THRU","true","4","22.75","14.151","2.05","1.563","10","7","2022","22","0","5","900"
"c73b9aa8c49dbcb904ed7083c7d52f95","6502","2022-10-07T22:00:00.000","PLEASANT VALLEY RD / ELMONT DR","SOUTHBOUND","LEFT TURN","false","9","13.778","4.055","2.656","2.177","10","7","2022","22","0","5","900"
"cd205d34360a98c4c0d9d395dae82b91","6502","2022-10-07T22:00:00.000","PLEASANT VALLEY RD / ELMONT DR","SOUTHBOUND","LEFT TURN","true","3","4.333","4.933","10.4","17.237","10","7","2022","22","0","5","900"
"12273bd012f910a4c071e29446807a4c","6502","2022-10-07T22:00:00.000","PLEASANT VALLEY RD / ELMONT DR","SOUTHBOUND","RIGHT TURN","false","1","19.0","0.0","2.4","0.0","10","7","2022","22","0","5","900"
"8e681fe3626c2f9f395f6f55a1706947","6502","2022-10-07T22:00:00.000","PLEASANT VALLEY RD / ELMONT DR","SOUTHBOUND","THRU","false","14","33.857","11.967","1.443","1.329","10","7","2022","22","0","5","900"
"c8c3206457b146a9f5f534b23ee8626b","6502","2022-10-07T22:00:00.000","PLEASANT VALLEY RD / ELMONT DR","SOUTHBOUND","THRU","true","3","25.667","15.144","1.433","0.586","10","7","2022","22","0","5","900"
"4cb8b80e7079c2ad8b8e4089d584c97d","6502","2022-10-07T22:00:00.000","PLEASANT VALLEY RD / ELMONT DR","WESTBOUND","THRU","true","1","11.0","0.0","3.7","0.0","10","7","2022","22","0","5","900"
"d6a12f6564a98d82f9a74151a4c56227","6502","2022-10-07T22:15:00.000","PLEASANT VALLEY RD / ELMONT DR","EASTBOUND","LEFT TURN","true","1","10.0","0.0","40.0","0.0","10","7","2022","22","15","5","900"
"be053b1e49a334221a5917f2fce7d059","6502","2022-10-07T22:15:00.000","PLEASANT VALLEY RD / ELMONT DR","EASTBOUND","RIGHT TURN","false","1","50.0","0.0","18.5","0.0","10","7","2022","22","15","5","900"
"5f2ae9aad6fea986574e2cdf6e830b16","6502","2022-10-07T22:15:00.000","PLEASANT VALLEY RD / ELMONT DR","EASTBOUND","THRU","false","1","1.0","0.0","22.4","0.0","10","7","2022","22","15","5","900"
"1f9f3ba571ed36fa0d7560172a944113","6502","2022-10-07T22:15:00.000","PLEASANT VALLEY RD / ELMONT DR","EASTBOUND","THRU","true","3","1.0","1.732","3.967","3.453","10","7","2022","22","15","5","900"
"71040760d98d178f2749102c8e94d8e2","6502","2022-10-07T22:15:00.000","PLEASANT VALLEY RD / ELMONT DR","NORTHBOUND","RIGHT TURN","false","1","11.0","0.0","5.6","0.0","10","7","2022","22","15","5","900"
"cec25737d61ef0150c44786ba1e03a02","6502","2022-10-07T22:15:00.000","PLEASANT VALLEY RD / ELMONT DR","NORTHBOUND","THRU","false","4","32.75","12.5","1.3","0.876","10","7","2022","22","15","5","900"
"d6d0acb6ebbe50ebb16c0012a328f234","6502","2022-10-07T22:15:00.000","PLEASANT VALLEY RD / ELMONT DR","NORTHBOUND","THRU","true","4","18.5","16.093","2.1","1.219","10","7","2022","22","15","5","900"
"f214a1fa609746e7a9b87878a8a3d854","6502","2022-10-07T22:15:00.000","PLEASANT VALLEY RD / ELMONT DR","SOUTHBOUND","LEFT TURN","false","6","12.333","5.354","2.15","0.692","10","7","2022","22","15","5","900"
"35233e010bd3cb9baa2fc2916ea15e0a","6502","2022-10-07T22:15:00.000","PLEASANT VALLEY RD / ELMONT DR","SOUTHBOUND","LEFT TURN","true","1","17.0","0.0","1.6","0.0","10","7","2022","22","15","5","900"
"bee10e79a27273f885c7d9534e279b5b","6502","2022-10-07T22:15:00.000","PLEASANT VALLEY RD / ELMONT DR","SOUTHBOUND","THRU","false","11","35.636","9.135","1.1","0.607","10","7","2022","22","15","5","900"
"e9aa67e8f131123e8de20e5d8056e8cb","6502","2022-10-07T22:15:00.000","PLEASANT VALLEY RD / ELMONT DR","SOUTHBOUND","THRU","true","6","26.0","10.159","1.617","1.013","10","7","2022","22","15","5","900"
"32bf4f428781f144d8fd49eaf22ee79d","6502","2022-10-07T22:15:00.000","PLEASANT VALLEY RD / ELMONT DR","WESTBOUND","THRU","false","4","13.5","8.813","5.4","4.389","10","7","2022","22","15","5","900"
"384c1c09d5ecb0ec1c9d5c9da98b408a","6502","2022-10-07T22:15:00.000","PLEASANT VALLEY RD / ELMONT DR","WESTBOUND","THRU","true","1","18.0","0.0","3.2","0.0","10","7","2022","22","15","5","900"
"47a74cf94cc4c7b3cc2d7353236772c5","6502","2022-10-07T22:30:00.000","PLEASANT VALLEY RD / ELMONT DR","EASTBOUND","LEFT TURN","false","1","0.0","0.0","0.0","0.0","10","7","2022","22","30","5","900"
"6702bd68e206250db3a0e78a88eecbc4","6502","2022-10-07T22:30:00.000","PLEASANT VALLEY RD / ELMONT DR","EASTBOUND","THRU","false","2","3.0","2.828","20.0","15.556","10","7","2022","22","30","5","900"
"2aa6786f31ea6a551fe763d5356ea539","6502","2022-10-07T22:30:00.000","PLEASANT VALLEY RD / ELMONT DR","EASTBOUND","THRU","true","1","2.0","0.0","9.7","0.0","10","7","2022","22","30","5","900"
"8a18511d12d27c92e0a4b1c65012741b","6502","2022-10-07T22:30:00.000","PLEASANT VALLEY RD / ELMONT DR","NORTHBOUND","RIGHT TURN","true","1","14.0","0.0","2.6","0.0","10","7","2022","22","30","5","900"
"231baf9b015ef52258d8b48c9f156636","6502","2022-10-07T22:30:00.000","PLEASANT VALLEY RD / ELMONT DR","NORTHBOUND","THRU","false","9","34.222","16.828","2.189","1.125","10","7","2022","22","30","5","900"
"69afa33a15cfc54b293a840a17e27689","6502","2022-10-07T22:30:00.000","PLEASANT VALLEY RD / ELMONT DR","NORTHBOUND","THRU","true","2","20.0","4.243","1.4","1.273","10","7","2022","22","30","5","900"
"8c7c83746b6068a292e892b03c0920a9","6502","2022-10-07T22:30:00.000","PLEASANT VALLEY RD / ELMONT DR","SOUTHBOUND","LEFT TURN","false","4","12.0","6.683","8.875","7.272","10","7","2022","22","30","5","900"
"3ef5bf516d2865f6d4ad046f5fad0beb","6502","2022-10-07T22:30:00.000","PLEASANT VALLEY RD / ELMONT DR","SOUTHBOUND","RIGHT TURN","true","1","17.0","0.0","0.8","0.0","10","7","2022","22","30","5","900"
"57f68dcd51bbe60c312d4c89f48af654","6502","2022-10-07T22:30:00.000","PLEASANT VALLEY RD / ELMONT DR","SOUTHBOUND","THRU","false","14","36.214","13.896","1.243","0.612","10","7","2022","22","30","5","900"
"05f135dd098b9012644d428072dfc2a3","6502","2022-10-07T22:30:00.000","PLEASANT VALLEY RD / ELMONT DR","SOUTHBOUND","THRU","true","10","27.3","15.115","4.65","10.363","10","7","2022","22","30","5","900"
"d74bf9719bd6c582bee16b6de7263dbd","6502","2022-10-07T22:30:00.000","PLEASANT VALLEY RD / ELMONT DR","WESTBOUND","THRU","false","3","8.0","6.083","11.433","10.869","10","7","2022","22","30","5","900"
"8404ee64c87f02c1d44aa8eb97f0a7c0","6502","2022-10-07T22:30:00.000","PLEASANT VALLEY RD / ELMONT DR","WESTBOUND","THRU","true","2","5.5","7.778","1.95","2.758","10","7","2022","22","30","5","900"
"10c7702a327cb209609812d61eb1d3e5","6502","2022-10-07T22:45:00.000","PLEASANT VALLEY RD / ELMONT DR","EASTBOUND","LEFT TURN","false","1","2.0","0.0","13.4","0.0","10","7","2022","22","45","5","900"
"f428cd3db195b7d6392c5fb9fc22e789","6502","2022-10-07T22:45:00.000","PLEASANT VALLEY RD / ELMONT DR","EASTBOUND","RIGHT TURN","false","1","23.0","0.0","4.9","0.0","10","7","2022","22","45","5","900"
"4c7c72e2a5f2ff332818c45fc5faf4f3","6502","2022-10-07T22:45:00.000","PLEASANT VALLEY RD / ELMONT DR","EASTBOUND","RIGHT TURN","true","1","8.0","0.0","4.2","0.0","10","7","2022","22","45","5","900"
"543b76e02efc8ec0cc233a96fc4ffab0","6502","2022-10-07T22:45:00.000","PLEASANT VALLEY RD / ELMONT DR","EASTBOUND","THRU","false","2","3.0","0.0","20.4","19.94","10","7","2022","22","45","5","900"
"d6525c17918e5e5114291f6a177a85cb","6502","2022-10-07T22:45:00.000","PLEASANT VALLEY RD / ELMONT DR","EASTBOUND","THRU","true","3","15.333","13.577","4.733","4.08","10","7","2022","22","45","5","900"
"89feb33523f4e8fe72990090d10c01d1","6502","2022-10-07T22:45:00.000","PLEASANT VALLEY RD / ELMONT DR","NORTHBOUND","THRU","false","9","26.111","13.688","2.567","2.214","10","7","2022","22","45","5","900"
"c215fd60542e7c061c9ad2cbcdefd9c9","6502","2022-10-07T22:45:00.000","PLEASANT VALLEY RD / ELMONT DR","NORTHBOUND","THRU","true","6","27.667","15.016","3.933","3.691","10","7","2022","22","45","5","900"
"f2e5b86711f0cd3674f50bf1de4c2486","6502","2022-10-07T22:45:00.000","PLEASANT VALLEY RD / ELMONT DR","SOUTHBOUND","LEFT TURN","false","3","18.333","3.055","2.867","0.306","10","7","2022","22","45","5","900"
"4ebb44697f880f9730ddf67199049f7a","6502","2022-10-07T22:45:00.000","PLEASANT VALLEY RD / ELMONT DR","SOUTHBOUND","LEFT TURN","true","1","13.0","0.0","3.6","0.0","10","7","2022","22","45","5","900"
"a609b0c3a0f2366a83852f469fac0a08","6502","2022-10-07T22:45:00.000","PLEASANT VALLEY RD / ELMONT DR","SOUTHBOUND","RIGHT TURN","false","1","14.0","0.0","1.0","0.0","10","7","2022","22","45","5","900"
"94acf6829338ec380a0529dac9d0a94f","6502","2022-10-07T22:45:00.000","PLEASANT VALLEY RD / ELMONT DR","SOUTHBOUND","RIGHT TURN","true","1","17.0","0.0","1.0","0.0","10","7","2022","22","45","5","900"
"f6b40b28fc01f36bc19cec7f3b6ae59d","6502","2022-10-07T22:45:00.000","PLEASANT VALLEY RD / ELMONT DR","SOUTHBOUND","THRU","false","7","27.714","13.338","1.214","0.543","10","7","2022","22","45","5","900"
"b0ef3ed3d115cc770cdd129f51464f75","6502","2022-10-07T22:45:00.000","PLEASANT VALLEY RD / ELMONT DR","SOUTHBOUND","THRU","true","2","39.0","0.0","1.05","0.495","10","7","2022","22","45","5","900"
"3a247f655a742e667f38ec71cf89d118","6502","2022-10-07T22:45:00.000","PLEASANT VALLEY RD / ELMONT DR","WESTBOUND","THRU","false","1","11.0","0.0","3.8","0.0","10","7","2022","22","45","5","900"
"ac80135562ae9df4a46900470acc9065","6502","2022-10-07T22:45:00.000","PLEASANT VALLEY RD / ELMONT DR","WESTBOUND","THRU","true","1","12.0","0.0","0.6","0.0","10","7","2022","22","45","5","900"
"5f49606c28472535a20a731fcf4ab58e","6502","2022-10-07T23:00:00.000","PLEASANT VALLEY RD / ELMONT DR","EASTBOUND","LEFT TURN","false","1","0.0","0.0","0.6","0.0","10","7","2022","23","0","5","900"
"90926354baa278ef005a0a693949bcfb","6502","2022-10-07T23:00:00.000","PLEASANT VALLEY RD / ELMONT DR","EASTBOUND","RIGHT TURN","false","1","12.0","0.0","5.1","0.0","10","7","2022","23","0","5","900"
"7e5bf9c6f0415a5fb9d0c8e1bc0a9d8e","6502","2022-10-07T23:00:00.000","PLEASANT VALLEY RD / ELMONT DR","EASTBOUND","THRU","true","2","14.0","1.414","4.05","3.041","10","7","2022","23","0","5","900"
"5e31ce6c803b3452da62f00e6d5681fd","6502","2022-10-07T23:00:00.000","PLEASANT VALLEY RD / ELMONT DR","NORTHBOUND","THRU","false","7","34.571","15.619","1.771","0.616","10","7","2022","23","0","5","900"
"92a4783fc580a831db4b44a9f9f90c51","6502","2022-10-07T23:00:00.000","PLEASANT VALLEY RD / ELMONT DR","NORTHBOUND","THRU","true","1","11.0","0.0","1.3","0.0","10","7","2022","23","0","5","900"
"bfb74133aa45e04de545f7fd20de1745","6502","2022-10-07T23:00:00.000","PLEASANT VALLEY RD / ELMONT DR","SOUTHBOUND","LEFT TURN","false","1","14.0","0.0","0.2","0.0","10","7","2022","23","0","5","900"
"dd05673d380ca6731489f2310f689856","6502","2022-10-07T23:00:00.000","PLEASANT VALLEY RD / ELMONT DR","SOUTHBOUND","LEFT TURN","true","2","19.0","5.657","2.1","0.424","10","7","2022","23","0","5","900"
"3a46a9ede9c2716b45c005779bf27546","6502","2022-10-07T23:00:00.000","PLEASANT VALLEY RD / ELMONT DR","SOUTHBOUND","RIGHT TURN","true","1","18.0","0.0","3.2","0.0","10","7","2022","23","0","5","900"
"8dd9e9d96dbf20c756a2f2b50c67758a","6502","2022-10-07T23:00:00.000","PLEASANT VALLEY RD / ELMONT DR","SOUTHBOUND","THRU","false","13","33.769","5.932","1.177","0.656","10","7","2022","23","0","5","900"
"e5ef0324f863c60cec6235be773b2ddf","6502","2022-10-07T23:00:00.000","PLEASANT VALLEY RD / ELMONT DR","SOUTHBOUND","THRU","true","10","35.8","16.645","1.65","1.449","10","7","2022","23","0","5","900"
"dccd6067c94cd69608803c3bf57861a7","6502","2022-10-07T23:00:00.000","PLEASANT VALLEY RD / ELMONT DR","WESTBOUND","THRU","true","1","0.0","0.0","0.0","0.0","10","7","2022","23","0","5","900"
"6576b8d02b64d05e4386175c70ebfbd0","6502","2022-10-07T23:15:00.000","PLEASANT VALLEY RD / ELMONT DR","EASTBOUND","RIGHT TURN","false","2","9.0","8.485","4.45","1.485","10","7","2022","23","15","5","900"
"159982c8b8a27e78fe7ac4667224fe11","6502","2022-10-07T23:15:00.000","PLEASANT VALLEY RD / ELMONT DR","EASTBOUND","THRU","false","1","22.0","0.0","2.2","0.0","10","7","2022","23","15","5","900"
"c33d80b585e0cfd98c6898996f3535c0","6502","2022-10-07T23:15:00.000","PLEASANT VALLEY RD / ELMONT DR","EASTBOUND","THRU","true","1","13.0","0.0","6.3","0.0","10","7","2022","23","15","5","900"
"0297ab092a192fd39deda33b6f14cf99","6502","2022-10-07T23:15:00.000","PLEASANT VALLEY RD / ELMONT DR","NORTHBOUND","RIGHT TURN","true","1","10.0","0.0","0.9","0.0","10","7","2022","23","15","5","900"
"eb124777a165015467a8be87838a1710","6502","2022-10-07T23:15:00.000","PLEASANT VALLEY RD / ELMONT DR","NORTHBOUND","THRU","false","4","40.5","6.608","1.425","1.034","10","7","2022","23","15","5","900"
"75d4fc7ba6c593c1bd3dad579715eecf","6502","2022-10-07T23:15:00.000","PLEASANT VALLEY RD / ELMONT DR","NORTHBOUND","THRU","true","2","27.0","2.828","1.4","0.849","10","7","2022","23","15","5","900"
"0553f7ef8062a63a5846f4d729b63e82","6502","2022-10-07T23:15:00.000","PLEASANT VALLEY RD / ELMONT DR","SOUTHBOUND","LEFT TURN","false","5","10.4","9.839","3.24","3.007","10","7","2022","23","15","5","900"
"a5ee420cc22f53c5b407042477e4570a","6502","2022-10-07T23:15:00.000","PLEASANT VALLEY RD / ELMONT DR","SOUTHBOUND","THRU","false","10","30.1","13.32","1.6","0.979","10","7","2022","23","15","5","900"
"53ba55e74e4f0e0652b650a9dcc26aa1","6502","2022-10-07T23:15:00.000","PLEASANT VALLEY RD / ELMONT DR","SOUTHBOUND","THRU","true","5","30.0","18.974","4.06","6.582","10","7","2022","23","15","5","900"
"87376045297740e476c0f2c8609922cc","6502","2022-10-07T23:15:00.000","PLEASANT VALLEY RD / ELMONT DR","WESTBOUND","THRU","false","1","25.0","0.0","2.0","0.0","10","7","2022","23","15","5","900"
"e290b6d7941bc8d91cb9a779492f52db","6502","2022-10-07T23:30:00.000","PLEASANT VALLEY RD / ELMONT DR","EASTBOUND","LEFT TURN","false","1","3.0","0.0","19.5","0.0","10","7","2022","23","30","5","900"
"8b73502d1600f77c8c642b7cab3b69ea","6502","2022-10-07T23:30:00.000","PLEASANT VALLEY RD / ELMONT DR","EASTBOUND","RIGHT TURN","false","1","16.0","0.0","2.4","0.0","10","7","2022","23","30","5","900"
"744d2e6f87dc94174832c627be7b100b","6502","2022-10-07T23:30:00.000","PLEASANT VALLEY RD / ELMONT DR","EASTBOUND","RIGHT TURN","true","1","5.0","0.0","3.8","0.0","10","7","2022","23","30","5","900"
"a33d7cd069b62aa00ca8a770fd3e607a","6502","2022-10-07T23:30:00.000","PLEASANT VALLEY RD / ELMONT DR","EASTBOUND","THRU","true","2","7.0","9.899","9.5","10.465","10","7","2022","23","30","5","900"
"96cad919da480b878cd8338799a06ecf","6502","2022-10-07T23:30:00.000","PLEASANT VALLEY RD / ELMONT DR","NORTHBOUND","THRU","false","5","21.2","20.142","2.04","0.607","10","7","2022","23","30","5","900"
"18392e15fb91563f5c335c306415d050","6502","2022-10-07T23:30:00.000","PLEASANT VALLEY RD / ELMONT DR","NORTHBOUND","THRU","true","2","21.0","16.971","1.7","0.141","10","7","2022","23","30","5","900"
"619f85c6ace70b0b1d4117020427c0c0","6502","2022-10-07T23:30:00.000","PLEASANT VALLEY RD / ELMONT DR","SOUTHBOUND","LEFT TURN","false","2","15.0","14.142","5.0","6.788","10","7","2022","23","30","5","900"
"79f17af566d02941557b04ebea53a889","6502","2022-10-07T23:30:00.000","PLEASANT VALLEY RD / ELMONT DR","SOUTHBOUND","RIGHT TURN","false","1","14.0","0.0","0.7","0.0","10","7","2022","23","30","5","900"
"d4620211f1ccc263fb616dc5ce831d68","6502","2022-10-07T23:30:00.000","PLEASANT VALLEY RD / ELMONT DR","SOUTHBOUND","THRU","false","11","35.0","8.161","1.509","0.461","10","7","2022","23","30","5","900"
"3a75f966410da895ef61311dcfd8287c","6502","2022-10-07T23:30:00.000","PLEASANT VALLEY RD / ELMONT DR","SOUTHBOUND","THRU","true","4","32.5","11.846","1.175","0.624","10","7","2022","23","30","5","900"
"edac0ded9814397dca13f3baec9d520c","6502","2022-10-07T23:30:00.000","PLEASANT VALLEY RD / ELMONT DR","WESTBOUND","THRU","false","2","0.0","0.0","1.6","0.0","10","7","2022","23","30","5","900"
"f808b0975ab31eb47dd061de11e6cb20","6502","2022-10-07T23:30:00.000","PLEASANT VALLEY RD / ELMONT DR","WESTBOUND","THRU","true","2","10.0","2.828","2.45","0.919","10","7","2022","23","30","5","900"
"ef3df007f957ae408def5e2df68500c6","6502","2022-10-07T23:45:00.000","PLEASANT VALLEY RD / ELMONT DR","EASTBOUND","LEFT TURN","false","1","0.0","0.0","2.3","0.0","10","7","2022","23","45","5","900"
"016a9ac74dddd81200b4a6ca532e2e4b","6502","2022-10-07T23:45:00.000","PLEASANT VALLEY RD / ELMONT DR","EASTBOUND","THRU","true","1","12.0","0.0","3.7","0.0","10","7","2022","23","45","5","900"
"61d1ed7888904005d0cb86e06a5c9f2f","6502","2022-10-07T23:45:00.000","PLEASANT VALLEY RD / ELMONT DR","NORTHBOUND","THRU","false","3","25.667","13.577","2.3","0.265","10","7","2022","23","45","5","900"
"51639be74e1017ea83acdc7ccf4abeb2","6502","2022-10-07T23:45:00.000","PLEASANT VALLEY RD / ELMONT DR","SOUTHBOUND","LEFT TURN","false","2","20.5","4.95","0.5","0.424","10","7","2022","23","45","5","900"
"555092d62fc2423a2d24acb9d39458fb","6502","2022-10-07T23:45:00.000","PLEASANT VALLEY RD / ELMONT DR","SOUTHBOUND","LEFT TURN","true","1","15.0","0.0","3.2","0.0","10","7","2022","23","45","5","900"
"53e47a2bd203baf0ddc4ae9dc195f4f5","6502","2022-10-07T23:45:00.000","PLEASANT VALLEY RD / ELMONT DR","SOUTHBOUND","RIGHT TURN","false","1","9.0","0.0","1.0","0.0","10","7","2022","23","45","5","900"
"08b0a5bdbb234487a547436ad117369b","6502","2022-10-07T23:45:00.000","PLEASANT VALLEY RD / ELMONT DR","SOUTHBOUND","THRU","false","5","35.0","7.81","2.12","2.564","10","7","2022","23","45","5","900"
"d371e926ef1674cc492ab5bdc4967ed2","6502","2022-10-07T23:45:00.000","PLEASANT VALLEY RD / ELMONT DR","SOUTHBOUND","THRU","true","2","43.5","0.707","1.0","0.566","10","7","2022","23","45","5","900"
"3e583d93be29240ed6fa11921f9005af","6502","2022-10-07T23:45:00.000","PLEASANT VALLEY RD / ELMONT DR","WESTBOUND","THRU","false","1","26.0","0.0","1.4","0.0","10","7","2022","23","45","5","900"
"1bdb8c4a395b14aaf5275f71f6a5a70c","6502","2022-10-07T23:45:00.000","PLEASANT VALLEY RD / ELMONT DR","WESTBOUND","THRU","true","2","2.5","3.536","4.1","3.818","10","7","2022","23","45","5","900"
"3d12e26a582a8624498f3c07fac3b1fb","6788","2022-10-07T00:00:00.000","6TH ST / RED RIVER ST","NORTHBOUND","LEFT TURN","false","1","7.0","0.0","2.4","0.0","10","7","2022","0","0","5","900"
"f1a2244d5c966d1f8b904da8d09c9ff2","6788","2022-10-07T00:00:00.000","6TH ST / RED RIVER ST","NORTHBOUND","THRU","true","1","5.0","0.0","0.5","0.0","10","7","2022","0","0","5","900"
"081c5a43140315d0c846b44dc2e81e90","6788","2022-10-07T00:00:00.000","6TH ST / RED RIVER ST","SOUTHBOUND","THRU","false","17","14.765","19.712","6.953","12.393","10","7","2022","0","0","5","900"
"1450ac995d3304158cba3e77b88df6b3","6788","2022-10-07T00:00:00.000","6TH ST / RED RIVER ST","SOUTHBOUND","THRU","true","4","9.75","6.551","11.375","13.972","10","7","2022","0","0","5","900"
"8cce5661ae07b070cf87945db47b00d6","6788","2022-10-07T00:00:00.000","6TH ST / RED RIVER ST","WESTBOUND","LEFT TURN","false","26","22.923","17.828","16.796","62.22","10","7","2022","0","0","5","900"
"9876ad5c2caa76ddc430e20d0a1b6467","6788","2022-10-07T00:00:00.000","6TH ST / RED RIVER ST","WESTBOUND","LEFT TURN","true","5","30.8","24.974","8.8","16.327","10","7","2022","0","0","5","900"
"efc95633cba2eccf833276a41a24af82","6788","2022-10-07T00:00:00.000","6TH ST / RED RIVER ST","WESTBOUND","RIGHT TURN","false","11","8.273","11.875","15.436","12.94","10","7","2022","0","0","5","900"
"470679252eab1d5e67d29afe2a14ae62","6788","2022-10-07T00:00:00.000","6TH ST / RED RIVER ST","WESTBOUND","RIGHT TURN","true","4","6.0","6.928","18.45","15.12","10","7","2022","0","0","5","900"
"088ee3d3a94cb6f48354650003fc5c7c","6788","2022-10-07T00:00:00.000","6TH ST / RED RIVER ST","WESTBOUND","THRU","false","5","9.4","8.591","4.0","1.739","10","7","2022","0","0","5","900"
"f39bec8d38e587a2fa1796501b655bb1","6788","2022-10-07T00:00:00.000","6TH ST / RED RIVER ST","WESTBOUND","THRU","true","7","14.429","22.715","39.8","70.013","10","7","2022","0","0","5","900"
"227648cd1995c4bd7ccca9a32ad1e42a","6788","2022-10-07T00:15:00.000","6TH ST / RED RIVER ST","NORTHBOUND","LEFT TURN","false","1","11.0","0.0","0.1","0.0","10","7","2022","0","15","5","900"
"4f01066a4d1e69bfe0603a64fcd05392","6788","2022-10-07T00:15:00.000","6TH ST / RED RIVER ST","SOUTHBOUND","THRU","false","14","9.5","2.682","7.429","9.875","10","7","2022","0","15","5","900"
"46415cad6262d9a26c5bbe75a7fa4a95","6788","2022-10-07T00:15:00.000","6TH ST / RED RIVER ST","SOUTHBOUND","THRU","true","2","7.0","2.828","16.05","22.557","10","7","2022","0","15","5","900"
"f9bc6c14dd768115792c2ff241bfc6a2","6788","2022-10-07T00:15:00.000","6TH ST / RED RIVER ST","WESTBOUND","LEFT TURN","false","12","14.75","8.54","9.2","13.021","10","7","2022","0","15","5","900"
"cddd57cdf2750a430743931299dee968","6788","2022-10-07T00:15:00.000","6TH ST / RED RIVER ST","WESTBOUND","LEFT TURN","true","4","29.5","19.824","0.6","0.804","10","7","2022","0","15","5","900"
"5be19406fa5478b7aad5dae08030a62d","6788","2022-10-07T00:15:00.000","6TH ST / RED RIVER ST","WESTBOUND","RIGHT TURN","false","13","11.0","11.068","12.838","16.612","10","7","2022","0","15","5","900"
"514591644b25d6223f551f88fd49d755","6788","2022-10-07T00:15:00.000","6TH ST / RED RIVER ST","WESTBOUND","RIGHT TURN","true","4","6.75","8.302","4.275","3.459","10","7","2022","0","15","5","900"
"c7ef29a8817cafa32a92176bd8691ea5","6788","2022-10-07T00:15:00.000","6TH ST / RED RIVER ST","WESTBOUND","THRU","false","8","12.875","9.326","16.788","18.575","10","7","2022","0","15","5","900"
"fcdb55ac7d8f8cb68f344fe96b81d8d7","6788","2022-10-07T00:15:00.000","6TH ST / RED RIVER ST","WESTBOUND","THRU","true","11","10.455","6.455","22.264","27.252","10","7","2022","0","15","5","900"
"8a0925d9ce267eb39242e4c4057bbe8d","6788","2022-10-07T00:30:00.000","6TH ST / RED RIVER ST","NORTHBOUND","LEFT TURN","false","1","9.0","0.0","0.2","0.0","10","7","2022","0","30","5","900"
"7dc6fcadbc8b84ff9862a11b7208c6a2","6788","2022-10-07T00:30:00.000","6TH ST / RED RIVER ST","NORTHBOUND","RIGHT TURN","false","1","4.0","0.0","0.7","0.0","10","7","2022","0","30","5","900"
"5a5b80e2b90eb8f0efda39348bfb4a8f","6788","2022-10-07T00:30:00.000","6TH ST / RED RIVER ST","NORTHBOUND","THRU","false","2","7.0","5.657","8.55","11.526","10","7","2022","0","30","5","900"
"b2930ffc297d82e47f0bcc5432b22ac6","6788","2022-10-07T00:30:00.000","6TH ST / RED RIVER ST","SOUTHBOUND","LEFT TURN","false","1","14.0","0.0","5.8","0.0","10","7","2022","0","30","5","900"
"7e3acbff23ec644ec4c9bd1b1856b604","6788","2022-10-07T00:30:00.000","6TH ST / RED RIVER ST","SOUTHBOUND","THRU","false","4","9.5","3.416","7.225","6.912","10","7","2022","0","30","5","900"
"1aae814a74dc8ddacd0b7b1dc05d9b2a","6788","2022-10-07T00:30:00.000","6TH ST / RED RIVER ST","SOUTHBOUND","THRU","true","1","5.0","0.0","3.7","0.0","10","7","2022","0","30","5","900"
"1cf42ff4fa480eef368d6a1cc779e86e","6788","2022-10-07T00:30:00.000","6TH ST / RED RIVER ST","WESTBOUND","LEFT TURN","false","10","23.5","30.725","4.28","9.386","10","7","2022","0","30","5","900"
"cc21d75d13702d38504c6c57ada1f13d","6788","2022-10-07T00:30:00.000","6TH ST / RED RIVER ST","WESTBOUND","LEFT TURN","true","3","9.0","9.539","12.467","16.244","10","7","2022","0","30","5","900"
"7fe5e574cf65172288b3b72b0a166cd5","6788","2022-10-07T00:30:00.000","6TH ST / RED RIVER ST","WESTBOUND","RIGHT TURN","false","21","10.238","10.114","25.629","36.007","10","7","2022","0","30","5","900"
"d36759b42cc599c21ab9a25cb9d1f717","6788","2022-10-07T00:30:00.000","6TH ST / RED RIVER ST","WESTBOUND","RIGHT TURN","true","8","4.875","5.939","12.487","16.164","10","7","2022","0","30","5","900"
"88b050053a72c336b648ee2aebfb5795","6788","2022-10-07T00:30:00.000","6TH ST / RED RIVER ST","WESTBOUND","THRU","false","6","21.0","30.672","18.633","30.782","10","7","2022","0","30","5","900"
"ee8ae94be91ddc5a21b78f8b41ff10a9","6788","2022-10-07T00:30:00.000","6TH ST / RED RIVER ST","WESTBOUND","THRU","true","12","5.25","7.581","9.158","14.861","10","7","2022","0","30","5","900"
"38c6279009fae9a17269917af00573be","6788","2022-10-07T00:45:00.000","6TH ST / RED RIVER ST","NORTHBOUND","THRU","true","1","20.0","0.0","0.1","0.0","10","7","2022","0","45","5","900"
"8862a5cf742d1e3c43e1ee2167a3f8f6","6788","2022-10-07T00:45:00.000","6TH ST / RED RIVER ST","SOUTHBOUND","THRU","false","9","10.667","3.536","10.489","14.126","10","7","2022","0","45","5","900"
"469488bab766c86fa3c59f8a2cea7112","6788","2022-10-07T00:45:00.000","6TH ST / RED RIVER ST","SOUTHBOUND","THRU","true","1","5.0","0.0","2.4","0.0","10","7","2022","0","45","5","900"
"1926611c7d7bc5e829b0c67402106756","6788","2022-10-07T00:45:00.000","6TH ST / RED RIVER ST","WESTBOUND","LEFT TURN","false","8","11.5","11.326","78.662","219.265","10","7","2022","0","45","5","900"
"d68b6da9e2d0702a05541297d93622ca","6788","2022-10-07T00:45:00.000","6TH ST / RED RIVER ST","WESTBOUND","LEFT TURN","true","1","17.0","0.0","0.7","0.0","10","7","2022","0","45","5","900"
"607e6d2c8e0256cd0883158a3232be4b","6788","2022-10-07T00:45:00.000","6TH ST / RED RIVER ST","WESTBOUND","RIGHT TURN","false","16","8.312","7.726","9.794","15.049","10","7","2022","0","45","5","900"
"fd8923df6954419a6929809ad0d8c67d","6788","2022-10-07T00:45:00.000","6TH ST / RED RIVER ST","WESTBOUND","RIGHT TURN","true","6","19.5","19.604","3.467","1.632","10","7","2022","0","45","5","900"
"43ad49a759eaac0025079eba9376602d","6788","2022-10-07T00:45:00.000","6TH ST / RED RIVER ST","WESTBOUND","THRU","false","6","13.833","14.972","1.483","1.137","10","7","2022","0","45","5","900"
"237d93211f7986ce586b9d87c1cecd28","6788","2022-10-07T00:45:00.000","6TH ST / RED RIVER ST","WESTBOUND","THRU","true","8","11.125","11.993","28.313","48.982","10","7","2022","0","45","5","900"
"b3b7b20d4463cbb4e5711e98cc764000","6788","2022-10-07T01:00:00.000","6TH ST / RED RIVER ST","NORTHBOUND","THRU","false","1","4.0","0.0","0.8","0.0","10","7","2022","1","0","5","900"
"0ebf6ebdd76e40c1a44c6c28cfeb234a","6788","2022-10-07T01:00:00.000","6TH ST / RED RIVER ST","NORTHBOUND","THRU","true","1","23.0","0.0","0.2","0.0","10","7","2022","1","0","5","900"
"2d8b04c1b8ce5110d93736c606230c0b","6788","2022-10-07T01:00:00.000","6TH ST / RED RIVER ST","SOUTHBOUND","THRU","false","9","8.333","3.0","19.767","55.667","10","7","2022","1","0","5","900"
"23eed40f2064bfed796854b0b9c1f5a0","6788","2022-10-07T01:00:00.000","6TH ST / RED RIVER ST","WESTBOUND","LEFT TURN","false","13","16.538","13.277","8.477","17.245","10","7","2022","1","0","5","900"
"d0e247bf0c5e7aed70b2c29f16e89776","6788","2022-10-07T01:00:00.000","6TH ST / RED RIVER ST","WESTBOUND","LEFT TURN","true","3","20.0","13.115","1.433","1.665","10","7","2022","1","0","5","900"
"d534282f062c6080ee45e26c4778d8b3","6788","2022-10-07T01:00:00.000","6TH ST / RED RIVER ST","WESTBOUND","RIGHT TURN","false","15","12.933","17.649","7.6","6.871","10","7","2022","1","0","5","900"
"b31aa43e1228d5eb80462bb3a647209b","6788","2022-10-07T01:00:00.000","6TH ST / RED RIVER ST","WESTBOUND","THRU","false","7","21.0","17.224","14.4","23.217","10","7","2022","1","0","5","900"
"1e6b283aa81631b7c56dd33c510cdf59","6788","2022-10-07T01:00:00.000","6TH ST / RED RIVER ST","WESTBOUND","THRU","true","8","11.125","11.294","5.75","5.095","10","7","2022","1","0","5","900"
"124d0d223b8ee87aec4b5b30d2173cee","6788","2022-10-07T01:15:00.000","6TH ST / RED RIVER ST","SOUTHBOUND","THRU","false","6","9.667","3.724","6.85","13.917","10","7","2022","1","15","5","900"
"77d56e9a0d2dd5d450b9c20dfaace92b","6788","2022-10-07T01:15:00.000","6TH ST / RED RIVER ST","SOUTHBOUND","THRU","true","3","7.0","4.359","128.033","207.33","10","7","2022","1","15","5","900"
"1bfbce1f31a8c107224a06f8e58a811f","6788","2022-10-07T01:15:00.000","6TH ST / RED RIVER ST","WESTBOUND","LEFT TURN","false","5","17.0","17.664","7.9","9.959","10","7","2022","1","15","5","900"
"8a4f7b2fa9aff1a4c24ac60faca9db50","6788","2022-10-07T01:15:00.000","6TH ST / RED RIVER ST","WESTBOUND","LEFT TURN","true","1","16.0","0.0","0.1","0.0","10","7","2022","1","15","5","900"
"f87aeb7d182d96fc349830fca8c10aec","6788","2022-10-07T01:15:00.000","6TH ST / RED RIVER ST","WESTBOUND","RIGHT TURN","false","13","8.308","9.455","3.854","2.742","10","7","2022","1","15","5","900"
"fea4233cfd4b93781812a42f1a624f50","6788","2022-10-07T01:15:00.000","6TH ST / RED RIVER ST","WESTBOUND","THRU","false","6","12.667","9.852","2.383","4.074","10","7","2022","1","15","5","900"
"d1a4f0837f065db194eb770aee592a2c","6788","2022-10-07T01:15:00.000","6TH ST / RED RIVER ST","WESTBOUND","THRU","true","6","25.5","33.928","8.933","17.48","10","7","2022","1","15","5","900"
"e38d1821bec3e3a2a178e2746de5e054","6788","2022-10-07T01:30:00.000","6TH ST / RED RIVER ST","SOUTHBOUND","THRU","false","3","8.667","3.055","11.633","19.117","10","7","2022","1","30","5","900"
"946b7a277486754787431b9a61765db9","6788","2022-10-07T01:30:00.000","6TH ST / RED RIVER ST","WESTBOUND","LEFT TURN","false","7","17.714","16.987","5.829","6.468","10","7","2022","1","30","5","900"
"f82e5586d09a07f426ae4a1cdb4ebce0","6788","2022-10-07T01:30:00.000","6TH ST / RED RIVER ST","WESTBOUND","RIGHT TURN","false","18","10.722","13.172","10.583","11.904","10","7","2022","1","30","5","900"
"3e1bf0e04fddc01f9801e5fd6a60b49a","6788","2022-10-07T01:30:00.000","6TH ST / RED RIVER ST","WESTBOUND","RIGHT TURN","true","4","2.75","5.5","7.675","3.585","10","7","2022","1","30","5","900"
"12b121e0afcb2eb115464f185278bcd5","6788","2022-10-07T01:30:00.000","6TH ST / RED RIVER ST","WESTBOUND","THRU","false","6","9.333","13.216","3.183","4.241","10","7","2022","1","30","5","900"
"4c227677e5989ad6b0249a38c3f61af8","6788","2022-10-07T01:30:00.000","6TH ST / RED RIVER ST","WESTBOUND","THRU","true","5","15.6","9.154","12.42","22.802","10","7","2022","1","30","5","900"
"b07404d37e040c4181bf6f75ee4cbc3d","6788","2022-10-07T01:45:00.000","6TH ST / RED RIVER ST","NORTHBOUND","LEFT TURN","false","1","11.0","0.0","0.7","0.0","10","7","2022","1","45","5","900"
"fbcb3e29dbf0ca069876b09df281a89b","6788","2022-10-07T01:45:00.000","6TH ST / RED RIVER ST","SOUTHBOUND","THRU","false","14","58.643","28.081","68.643","255.946","10","7","2022","1","45","5","900"
"f31134ba45e02034682616f266e1e262","6788","2022-10-07T01:45:00.000","6TH ST / RED RIVER ST","SOUTHBOUND","THRU","true","1","25.0","0.0","485.1","0.0","10","7","2022","1","45","5","900"
"6a00821995605c468d5ad6bf1478608a","6788","2022-10-07T01:45:00.000","6TH ST / RED RIVER ST","WESTBOUND","LEFT TURN","false","9","19.444","13.776","6.789","11.406","10","7","2022","1","45","5","900"
"ce4fdea7586cb743155790ac7ce13a42","6788","2022-10-07T01:45:00.000","6TH ST / RED RIVER ST","WESTBOUND","LEFT TURN","true","1","11.0","0.0","15.1","0.0","10","7","2022","1","45","5","900"
"1b1a2533bb526e64098c0ff2ae386cff","6788","2022-10-07T01:45:00.000","6TH ST / RED RIVER ST","WESTBOUND","RIGHT TURN","false","15","6.667","7.528","5.8","4.586","10","7","2022","1","45","5","900"
"ddb2217324859d58247260b44c4ee3b3","6788","2022-10-07T01:45:00.000","6TH ST / RED RIVER ST","WESTBOUND","RIGHT TURN","true","2","32.5","24.749","0.25","0.071","10","7","2022","1","45","5","900"
"8ed6433fa7ff572a9025468499eca544","6788","2022-10-07T01:45:00.000","6TH ST / RED RIVER ST","WESTBOUND","THRU","false","7","11.429","8.101","9.471","9.668","10","7","2022","1","45","5","900"
"991915308052b353c484fa9f38d80376","6788","2022-10-07T01:45:00.000","6TH ST / RED RIVER ST","WESTBOUND","THRU","true","3","12.333","12.503","16.633","6.558","10","7","2022","1","45","5","900"
"d860b1fbcf9890e658f4e2ff26f0e09e","6788","2022-10-07T02:00:00.000","6TH ST / RED RIVER ST","NORTHBOUND","LEFT TURN","false","2","17.0","1.414","0.4","0.0","10","7","2022","2","0","5","900"
"086ded866d1a6257759b9f9c1135e8f9","6788","2022-10-07T02:00:00.000","6TH ST / RED RIVER ST","SOUTHBOUND","RIGHT TURN","false","4","6.25","2.217","3.65","2.999","10","7","2022","2","0","5","900"
"57b7b152646c48a872efaccd1bb7a405","6788","2022-10-07T02:00:00.000","6TH ST / RED RIVER ST","SOUTHBOUND","THRU","false","15","30.933","27.973","4.967","9.105","10","7","2022","2","0","5","900"
"d63429bdb310c0b73a17bf17f4cc880f","6788","2022-10-07T02:00:00.000","6TH ST / RED RIVER ST","SOUTHBOUND","THRU","true","1","6.0","0.0","2.5","0.0","10","7","2022","2","0","5","900"
"08a3a4193a38868e65d3a33c651df405","6788","2022-10-07T02:00:00.000","6TH ST / RED RIVER ST","WESTBOUND","LEFT TURN","false","3","4.667","5.686","11.033","18.334","10","7","2022","2","0","5","900"
"fe800448c668271b4dd02c770140e4b6","6788","2022-10-07T02:00:00.000","6TH ST / RED RIVER ST","WESTBOUND","LEFT TURN","true","1","18.0","0.0","1.1","0.0","10","7","2022","2","0","5","900"
"4c36559d768d06dbef0631cfa3f3d3c4","6788","2022-10-07T02:00:00.000","6TH ST / RED RIVER ST","WESTBOUND","RIGHT TURN","false","15","8.267","9.903","9.407","17.229","10","7","2022","2","0","5","900"
"dd0ce3dab9ac4d75a3b46a3dc21edbf4","6788","2022-10-07T02:00:00.000","6TH ST / RED RIVER ST","WESTBOUND","RIGHT TURN","true","1","20.0","0.0","8.2","0.0","10","7","2022","2","0","5","900"
"336584a946f30b7dbdce2219a4babcf1","6788","2022-10-07T02:00:00.000","6TH ST / RED RIVER ST","WESTBOUND","THRU","false","19","16.526","17.196","11.489","24.693","10","7","2022","2","0","5","900"
"2a59a5ca6295d25fb9792fa96fec4c0e","6788","2022-10-07T02:00:00.000","6TH ST / RED RIVER ST","WESTBOUND","THRU","true","17","14.176","16.96","6.465","9.69","10","7","2022","2","0","5","900"
"75fd945e4a0eb79b6905eb6e689c2312","6788","2022-10-07T02:15:00.000","6TH ST / RED RIVER ST","NORTHBOUND","LEFT TURN","false","1","13.0","0.0","0.1","0.0","10","7","2022","2","15","5","900"
"7a4f2669b0e580b031692af42ccf37e7","6788","2022-10-07T02:15:00.000","6TH ST / RED RIVER ST","SOUTHBOUND","RIGHT TURN","false","2","10.0","1.414","0.5","0.566","10","7","2022","2","15","5","900"
"c9765940f88bfafe5fab758883b93e08","6788","2022-10-07T02:15:00.000","6TH ST / RED RIVER ST","SOUTHBOUND","THRU","false","7","43.714","33.5","6.414","10.199","10","7","2022","2","15","5","900"
"640d6a37a0fc05dc6a17642018147297","6788","2022-10-07T02:15:00.000","6TH ST / RED RIVER ST","WESTBOUND","LEFT TURN","false","2","16.5","3.536","14.1","16.546","10","7","2022","2","15","5","900"
"5b01095dd639c82e129ebd068f519bc3","6788","2022-10-07T02:15:00.000","6TH ST / RED RIVER ST","WESTBOUND","RIGHT TURN","false","5","11.4","19.488","13.44","17.916","10","7","2022","2","15","5","900"
"cc3c0d1bbbd631fe6422567f20743f0b","6788","2022-10-07T02:15:00.000","6TH ST / RED RIVER ST","WESTBOUND","RIGHT TURN","true","2","0.0","0.0","4.0","0.849","10","7","2022","2","15","5","900"
"adc0fa0d28a58e297c40dbc141c925a3","6788","2022-10-07T02:15:00.000","6TH ST / RED RIVER ST","WESTBOUND","THRU","false","29","18.931","14.471","12.914","18.131","10","7","2022","2","15","5","900"
"06b7a208c4c9029e9cfc745631516f78","6788","2022-10-07T02:15:00.000","6TH ST / RED RIVER ST","WESTBOUND","THRU","true","7","15.714","10.904","20.471","13.978","10","7","2022","2","15","5","900"
"2c98888c1b0fd592b9f9eb8b921e51fd","6788","2022-10-07T02:30:00.000","6TH ST / RED RIVER ST","NORTHBOUND","LEFT TURN","false","3","14.667","2.517","1.233","0.153","10","7","2022","2","30","5","900"
"01e8a6e2aafea8fd13cf9998627c957a","6788","2022-10-07T02:30:00.000","6TH ST / RED RIVER ST","SOUTHBOUND","RIGHT TURN","false","7","7.286","2.752","0.529","0.793","10","7","2022","2","30","5","900"
"ebd37650c29619a2715e56251e49899a","6788","2022-10-07T02:30:00.000","6TH ST / RED RIVER ST","SOUTHBOUND","RIGHT TURN","true","1","3.0","0.0","0.1","0.0","10","7","2022","2","30","5","900"
"38d09acdf6ddf8c94de62bfb4c6a17ff","6788","2022-10-07T02:30:00.000","6TH ST / RED RIVER ST","SOUTHBOUND","THRU","false","7","19.143","20.514","7.486","10.596","10","7","2022","2","30","5","900"
"5a9a5e05b2a3978660b5aa28d64f19c3","6788","2022-10-07T02:30:00.000","6TH ST / RED RIVER ST","WESTBOUND","LEFT TURN","true","1","41.0","0.0","0.9","0.0","10","7","2022","2","30","5","900"
"076f64888ca5a7317cfe773eb289f987","6788","2022-10-07T02:30:00.000","6TH ST / RED RIVER ST","WESTBOUND","RIGHT TURN","false","6","16.667","14.404","1.983","1.674","10","7","2022","2","30","5","900"
"efcc7ebedaa8a7b06afaf909ecaeab29","6788","2022-10-07T02:30:00.000","6TH ST / RED RIVER ST","WESTBOUND","RIGHT TURN","true","1","12.0","0.0","16.5","0.0","10","7","2022","2","30","5","900"
"f662d8b92215cb524f6e656a4df89294","6788","2022-10-07T02:30:00.000","6TH ST / RED RIVER ST","WESTBOUND","THRU","false","31","27.419","25.518","22.713","81.141","10","7","2022","2","30","5","900"
"6d4e681f3f1d23cb6166dfc2d54d088b","6788","2022-10-07T02:30:00.000","6TH ST / RED RIVER ST","WESTBOUND","THRU","true","8","16.125","20.434","11.362","8.805","10","7","2022","2","30","5","900"
"906a834609a45709919621bacb2b588e","6788","2022-10-07T02:45:00.000","6TH ST / RED RIVER ST","NORTHBOUND","LEFT TURN","false","1","23.0","0.0","0.9","0.0","10","7","2022","2","45","5","900"
"76f2826709f12ec400fbccff746cde3c","6788","2022-10-07T02:45:00.000","6TH ST / RED RIVER ST","SOUTHBOUND","RIGHT TURN","false","1","11.0","0.0","0.4","0.0","10","7","2022","2","45","5","900"
"50578a42b47bec9025613a46d3a3fe6d","6788","2022-10-07T02:45:00.000","6TH ST / RED RIVER ST","SOUTHBOUND","THRU","false","4","6.0","1.826","189.725","369.567","10","7","2022","2","45","5","900"
"f8b478dde99dcc000b16a51a0343a620","6788","2022-10-07T02:45:00.000","6TH ST / RED RIVER ST","WESTBOUND","LEFT TURN","false","1","10.0","0.0","41.3","0.0","10","7","2022","2","45","5","900"
"9dfef1b19aaaddd75b934cf1e77718db","6788","2022-10-07T02:45:00.000","6TH ST / RED RIVER ST","WESTBOUND","RIGHT TURN","false","6","9.333","7.992","22.317","34.855","10","7","2022","2","45","5","900"
"7b8df6f8c3adce24b553da562c47c9e9","6788","2022-10-07T02:45:00.000","6TH ST / RED RIVER ST","WESTBOUND","THRU","false","22","22.409","18.738","7.895","17.155","10","7","2022","2","45","5","900"
"ca5372f0b835713979131c2deb9d374b","6788","2022-10-07T02:45:00.000","6TH ST / RED RIVER ST","WESTBOUND","THRU","true","3","10.333","3.055","13.2","13.857","10","7","2022","2","45","5","900"
"96679f0fcea00052f7a8b3d9303e86e9","6788","2022-10-07T03:00:00.000","6TH ST / RED RIVER ST","NORTHBOUND","LEFT TURN","false","2","21.0","0.0","0.7","0.141","10","7","2022","3","0","5","900"
"840c2657b064b7a630b838c0ea3d80dc","6788","2022-10-07T03:00:00.000","6TH ST / RED RIVER ST","NORTHBOUND","LEFT TURN","true","1","15.0","0.0","0.7","0.0","10","7","2022","3","0","5","900"
"deb528877fc82d624a6f757a024780e9","6788","2022-10-07T03:00:00.000","6TH ST / RED RIVER ST","SOUTHBOUND","RIGHT TURN","false","3","5.333","3.215","0.433","0.577","10","7","2022","3","0","5","900"
"42d8d1af659a5e545518c94f17c0937d","6788","2022-10-07T03:00:00.000","6TH ST / RED RIVER ST","SOUTHBOUND","THRU","false","3","11.333","2.517","19.367","17.086","10","7","2022","3","0","5","900"
"0b177b5c955a719320bae0af8c5930e2","6788","2022-10-07T03:00:00.000","6TH ST / RED RIVER ST","WESTBOUND","LEFT TURN","false","1","11.0","0.0","2.1","0.0","10","7","2022","3","0","5","900"
"740e6b80a79953cdc54c5960c88b6a3a","6788","2022-10-07T03:00:00.000","6TH ST / RED RIVER ST","WESTBOUND","RIGHT TURN","false","3","6.0","10.392","9.567","12.701","10","7","2022","3","0","5","900"
"038dda16bec0a82ff02903f245a365d6","6788","2022-10-07T03:00:00.000","6TH ST / RED RIVER ST","WESTBOUND","THRU","false","17","39.765","24.193","2.041","3.894","10","7","2022","3","0","5","900"
"ba34f84fd64ccaa2fa1d8945d526de0a","6788","2022-10-07T03:00:00.000","6TH ST / RED RIVER ST","WESTBOUND","THRU","true","8","21.375","19.287","13.462","14.888","10","7","2022","3","0","5","900"
"d83c38f0799e012db6966c019573c323","6788","2022-10-07T03:15:00.000","6TH ST / RED RIVER ST","NORTHBOUND","LEFT TURN","false","1","19.0","0.0","0.8","0.0","10","7","2022","3","15","5","900"
"418b09abeaa71b6f8afa55e496889ba6","6788","2022-10-07T03:15:00.000","6TH ST / RED RIVER ST","SOUTHBOUND","THRU","false","2","10.5","7.778","0.7","0.566","10","7","2022","3","15","5","900"
"08428c1c87f1fa47fc769479cc341c86","6788","2022-10-07T03:15:00.000","6TH ST / RED RIVER ST","WESTBOUND","THRU","false","9","21.333","21.766","11.122","8.904","10","7","2022","3","15","5","900"
"990ff33d2994ee01cc534e68cb40ddc9","6788","2022-10-07T03:15:00.000","6TH ST / RED RIVER ST","WESTBOUND","THRU","true","4","10.0","15.427","10.1","9.994","10","7","2022","3","15","5","900"
"81c869b4175ec05d07c5754b80c163e3","6788","2022-10-07T03:30:00.000","6TH ST / RED RIVER ST","NORTHBOUND","LEFT TURN","false","1","21.0","0.0","0.9","0.0","10","7","2022","3","30","5","900"
"cc60e48efbb4678001f71eade9cda6a6","6788","2022-10-07T03:30:00.000","6TH ST / RED RIVER ST","SOUTHBOUND","RIGHT TURN","false","1","1.0","0.0","0.5","0.0","10","7","2022","3","30","5","900"
"c89eb2c0d0c48b4eda3d1274601fc3b8","6788","2022-10-07T03:30:00.000","6TH ST / RED RIVER ST","SOUTHBOUND","THRU","false","1","6.0","0.0","37.9","0.0","10","7","2022","3","30","5","900"
"208daabe708ab7cb272040391dbd48ad","6788","2022-10-07T03:30:00.000","6TH ST / RED RIVER ST","SOUTHBOUND","THRU","true","1","7.0","0.0","0.6","0.0","10","7","2022","3","30","5","900"
"f909017340ca36377c8ec04db115971d","6788","2022-10-07T03:30:00.000","6TH ST / RED RIVER ST","WESTBOUND","RIGHT TURN","false","1","0.0","0.0","217.9","0.0","10","7","2022","3","30","5","900"
"ec5744e0789c90677064c16f3d9d45d8","6788","2022-10-07T03:30:00.000","6TH ST / RED RIVER ST","WESTBOUND","THRU","false","15","34.2","26.958","9.54","13.793","10","7","2022","3","30","5","900"
"7905c3de0db90accf8e0a731a3274098","6788","2022-10-07T03:30:00.000","6TH ST / RED RIVER ST","WESTBOUND","THRU","true","2","49.0","35.355","1.0","0.99","10","7","2022","3","30","5","900"
"7531adbc549d764c1a19a917e76fbb42","6788","2022-10-07T03:45:00.000","6TH ST / RED RIVER ST","WESTBOUND","LEFT TURN","true","1","8.0","0.0","1.3","0.0","10","7","2022","3","45","5","900"
"bd312e65d243d7a25ef8d68a613ad3e3","6788","2022-10-07T03:45:00.000","6TH ST / RED RIVER ST","WESTBOUND","RIGHT TURN","false","1","0.0","0.0","65.1","0.0","10","7","2022","3","45","5","900"
"171e0d543e9d6b5037a2f4c595e4a709","6788","2022-10-07T03:45:00.000","6TH ST / RED RIVER ST","WESTBOUND","RIGHT TURN","true","1","8.0","0.0","31.0","0.0","10","7","2022","3","45","5","900"
"02db576733b31b20cd6deb41b5c15023","6788","2022-10-07T03:45:00.000","6TH ST / RED RIVER ST","WESTBOUND","THRU","false","13","28.615","23.908","44.262","90.139","10","7","2022","3","45","5","900"
"aab46ea2aeb6d0df824897ddd2c350f9","6788","2022-10-07T03:45:00.000","6TH ST / RED RIVER ST","WESTBOUND","THRU","true","2","9.0","12.728","17.65","13.364","10","7","2022","3","45","5","900"
"a245fc0de90325320718aa5816cfa171","6788","2022-10-07T04:00:00.000","6TH ST / RED RIVER ST","NORTHBOUND","LEFT TURN","false","1","6.0","0.0","0.1","0.0","10","7","2022","4","0","5","900"
"e2c0064cc0038ca79831ca1b752147e5","6788","2022-10-07T04:00:00.000","6TH ST / RED RIVER ST","SOUTHBOUND","RIGHT TURN","true","2","5.5","3.536","1.35","1.485","10","7","2022","4","0","5","900"
"831ee5eafc81a27a9b325747de38c5e2","6788","2022-10-07T04:00:00.000","6TH ST / RED RIVER ST","SOUTHBOUND","THRU","false","2","7.0","2.828","20.85","6.435","10","7","2022","4","0","5","900"
"454bac8591fe52e5b2413aad92843d65","6788","2022-10-07T04:00:00.000","6TH ST / RED RIVER ST","WESTBOUND","LEFT TURN","false","2","22.0","5.657","0.45","0.212","10","7","2022","4","0","5","900"
"9cb939982637513b268994da748678c9","6788","2022-10-07T04:00:00.000","6TH ST / RED RIVER ST","WESTBOUND","RIGHT TURN","false","1","17.0","0.0","3.1","0.0","10","7","2022","4","0","5","900"
"d0c6d440e94e393c14e2cbda752df221","6788","2022-10-07T04:00:00.000","6TH ST / RED RIVER ST","WESTBOUND","THRU","false","16","41.25","29.085","4.569","6.674","10","7","2022","4","0","5","900"
"94b3d9fabfc774b0975d7e8344afaece","6788","2022-10-07T04:00:00.000","6TH ST / RED RIVER ST","WESTBOUND","THRU","true","3","13.333","11.547","7.967","4.8","10","7","2022","4","0","5","900"
"ceab945d4e931cb6c8dc14548a2d82da","6788","2022-10-07T04:15:00.000","6TH ST / RED RIVER ST","NORTHBOUND","LEFT TURN","false","1","27.0","0.0","0.3","0.0","10","7","2022","4","15","5","900"
"e87cf00b7e8990dcab0f9d2fbb0bfaea","6788","2022-10-07T04:15:00.000","6TH ST / RED RIVER ST","WESTBOUND","THRU","false","18","35.722","21.425","8.628","11.017","10","7","2022","4","15","5","900"
"22c461873956cdc85ce7b5565ea748b6","6788","2022-10-07T04:15:00.000","6TH ST / RED RIVER ST","WESTBOUND","THRU","true","2","4.5","2.121","33.0","36.77","10","7","2022","4","15","5","900"
"4354a10743a2f7d9468fb3be07305298","6788","2022-10-07T04:30:00.000","6TH ST / RED RIVER ST","SOUTHBOUND","RIGHT TURN","false","1","7.0","0.0","2.1","0.0","10","7","2022","4","30","5","900"
"6b5c4a6053346bf9383e708135948f6e","6788","2022-10-07T04:30:00.000","6TH ST / RED RIVER ST","SOUTHBOUND","RIGHT TURN","true","2","8.0","0.0","1.6","0.849","10","7","2022","4","30","5","900"
"710f26096ee0ca834ff21a53e7161811","6788","2022-10-07T04:30:00.000","6TH ST / RED RIVER ST","SOUTHBOUND","THRU","false","2","17.0","4.243","1.15","0.636","10","7","2022","4","30","5","900"
"e3804cbc61e345e32bbc143354c7b091","6788","2022-10-07T04:30:00.000","6TH ST / RED RIVER ST","WESTBOUND","RIGHT TURN","false","2","21.0","1.414","13.5","14.708","10","7","2022","4","30","5","900"
"0392cfca4ebe29d703cf01e6dcdd0877","6788","2022-10-07T04:30:00.000","6TH ST / RED RIVER ST","WESTBOUND","RIGHT TURN","true","1","19.0","0.0","2.9","0.0","10","7","2022","4","30","5","900"
"aab2be4e45f0a524847704c6f99a5508","6788","2022-10-07T04:30:00.000","6TH ST / RED RIVER ST","WESTBOUND","THRU","false","30","36.067","24.007","12.417","19.272","10","7","2022","4","30","5","900"
"40badf16fd498e155d5762f52b3913d0","6788","2022-10-07T04:30:00.000","6TH ST / RED RIVER ST","WESTBOUND","THRU","true","9","33.556","20.887","10.333","17.554","10","7","2022","4","30","5","900"
"291abdb9428c69c556adb53d872576f1","6788","2022-10-07T04:45:00.000","6TH ST / RED RIVER ST","SOUTHBOUND","THRU","false","2","9.0","8.485","2.55","1.202","10","7","2022","4","45","5","900"
"0c9ae078ac99963d8c631e250548dbd5","6788","2022-10-07T04:45:00.000","6TH ST / RED RIVER ST","SOUTHBOUND","THRU","true","1","16.0","0.0","1.0","0.0","10","7","2022","4","45","5","900"
"27cf4f8b34b69c05a8cc94a562fb4dea","6788","2022-10-07T04:45:00.000","6TH ST / RED RIVER ST","WESTBOUND","RIGHT TURN","false","2","8.5","7.778","7.8","4.667","10","7","2022","4","45","5","900"
"ed11b1f439ee94cb3c4ea90500a6f407","6788","2022-10-07T04:45:00.000","6TH ST / RED RIVER ST","WESTBOUND","THRU","false","35","42.114","26.976","13.266","35.24","10","7","2022","4","45","5","900"
"d61ede1ac23566c3384524de4a915a44","6788","2022-10-07T04:45:00.000","6TH ST / RED RIVER ST","WESTBOUND","THRU","true","4","20.75","23.964","24.8","19.659","10","7","2022","4","45","5","900"
"845da981241495b4011ecdf5392b1208","6788","2022-10-07T05:00:00.000","6TH ST / RED RIVER ST","SOUTHBOUND","THRU","false","1","3.0","0.0","0.2","0.0","10","7","2022","5","0","5","900"
"cb160cbedd7dd3e5fdeae25ac1d59f05","6788","2022-10-07T05:00:00.000","6TH ST / RED RIVER ST","WESTBOUND","LEFT TURN","false","1","25.0","0.0","0.6","0.0","10","7","2022","5","0","5","900"
"ed027b6d1e0440eeadff5f179c03830e","6788","2022-10-07T05:00:00.000","6TH ST / RED RIVER ST","WESTBOUND","RIGHT TURN","false","1","22.0","0.0","25.3","0.0","10","7","2022","5","0","5","900"
"004cef97ca71efa0859b72099cd8ab57","6788","2022-10-07T05:00:00.000","6TH ST / RED RIVER ST","WESTBOUND","THRU","false","41","47.439","28.824","11.185","23.559","10","7","2022","5","0","5","900"
"60dc200c383b80ad4ffc86ff5a1ce670","6788","2022-10-07T05:00:00.000","6TH ST / RED RIVER ST","WESTBOUND","THRU","true","4","44.5","29.32","7.875","12.994","10","7","2022","5","0","5","900"
"7ba200ea9b31ee60208bf949433c6896","6788","2022-10-07T05:15:00.000","6TH ST / RED RIVER ST","SOUTHBOUND","RIGHT TURN","false","1","7.0","0.0","1.6","0.0","10","7","2022","5","15","5","900"
"030a58832e8d29b7f05de790d6fbd4fa","6788","2022-10-07T05:15:00.000","6TH ST / RED RIVER ST","WESTBOUND","RIGHT TURN","true","1","0.0","0.0","3.7","0.0","10","7","2022","5","15","5","900"
"1a507c2c8b8f1824588f56ab415e779f","6788","2022-10-07T05:15:00.000","6TH ST / RED RIVER ST","WESTBOUND","THRU","false","47","40.043","25.618","10.879","19.942","10","7","2022","5","15","5","900"
"fd48de79a267b943a285bda10781451c","6788","2022-10-07T05:15:00.000","6TH ST / RED RIVER ST","WESTBOUND","THRU","true","7","38.143","16.847","4.457","8.319","10","7","2022","5","15","5","900"
"29d3949146edcaf5f2fda9cdaa32ac0b","6788","2022-10-07T05:30:00.000","6TH ST / RED RIVER ST","SOUTHBOUND","THRU","false","1","6.0","0.0","0.1","0.0","10","7","2022","5","30","5","900"
"3b9e4ea28437b33acf439e405ec1a045","6788","2022-10-07T05:30:00.000","6TH ST / RED RIVER ST","WESTBOUND","THRU","false","92","44.859","22.19","7.517","11.353","10","7","2022","5","30","5","900"
"658506f67d5dbed4ef3836b8cdb207ba","6788","2022-10-07T05:30:00.000","6TH ST / RED RIVER ST","WESTBOUND","THRU","true","7","47.429","24.179","4.314","8.126","10","7","2022","5","30","5","900"
"227d7702d858cd2c403c030e2af5196b","6788","2022-10-07T05:45:00.000","6TH ST / RED RIVER ST","NORTHBOUND","LEFT TURN","true","1","24.0","0.0","1.1","0.0","10","7","2022","5","45","5","900"
"aa5a8626f8c478a3a92ade7c28ecd137","6788","2022-10-07T05:45:00.000","6TH ST / RED RIVER ST","WESTBOUND","RIGHT TURN","false","1","15.0","0.0","2.9","0.0","10","7","2022","5","45","5","900"
"8b9c12469411e8eddb25bc3f16191365","6788","2022-10-07T05:45:00.000","6TH ST / RED RIVER ST","WESTBOUND","THRU","false","107","40.327","23.316","6.995","10.859","10","7","2022","5","45","5","900"
"f44c348f320c5e1d8f4613345b018f7b","6788","2022-10-07T05:45:00.000","6TH ST / RED RIVER ST","WESTBOUND","THRU","true","12","39.583","27.936","9.625","11.825","10","7","2022","5","45","5","900"
"b6ccc5c438257e9ff4a2416dd8d09f1c","6788","2022-10-07T06:00:00.000","6TH ST / RED RIVER ST","SOUTHBOUND","THRU","false","1","7.0","0.0","5.6","0.0","10","7","2022","6","0","5","900"
"9b46e188e77205f88fbcae54b4d6a07d","6788","2022-10-07T06:00:00.000","6TH ST / RED RIVER ST","WESTBOUND","THRU","false","93","38.484","23.141","10.978","15.497","10","7","2022","6","0","5","900"
"23a0b10a2a85f3289ec39558b8b6fba6","6788","2022-10-07T06:00:00.000","6TH ST / RED RIVER ST","WESTBOUND","THRU","true","7","36.0","19.816","4.371","6.674","10","7","2022","6","0","5","900"
"2a26af19ebd87ecdec26263afc479095","6788","2022-10-07T06:15:00.000","6TH ST / RED RIVER ST","SOUTHBOUND","RIGHT TURN","false","2","4.0","0.0","4.35","2.333","10","7","2022","6","15","5","900"
"65df251efd038676e3e517b7989a97c6","6788","2022-10-07T06:15:00.000","6TH ST / RED RIVER ST","WESTBOUND","LEFT TURN","false","1","29.0","0.0","0.8","0.0","10","7","2022","6","15","5","900"
"24d8e1c23d41cbbd524edf31523a4d82","6788","2022-10-07T06:15:00.000","6TH ST / RED RIVER ST","WESTBOUND","RIGHT TURN","true","2","13.5","19.092","12.0","8.344","10","7","2022","6","15","5","900"
"097efe9f72c957e34a93249b79647c2c","6788","2022-10-07T06:15:00.000","6TH ST / RED RIVER ST","WESTBOUND","THRU","false","91","37.396","20.706","7.397","12.318","10","7","2022","6","15","5","900"
"5ee6d611ec1429b34188fde28efc0692","6788","2022-10-07T06:15:00.000","6TH ST / RED RIVER ST","WESTBOUND","THRU","true","7","28.714","10.904","12.314","10.264","10","7","2022","6","15","5","900"
"5b938763bde136bed48d4ad540ab8ded","6788","2022-10-07T06:30:00.000","6TH ST / RED RIVER ST","WESTBOUND","RIGHT TURN","true","1","24.0","0.0","2.5","0.0","10","7","2022","6","30","5","900"
"b5ce197223d75885256e0e8bc395f2f6","6788","2022-10-07T06:30:00.000","6TH ST / RED RIVER ST","WESTBOUND","THRU","false","106","37.283","18.76","5.168","7.317","10","7","2022","6","30","5","900"
"da20cd9b8669c825c7e2591650ca0fcd","6788","2022-10-07T06:30:00.000","6TH ST / RED RIVER ST","WESTBOUND","THRU","true","12","31.75","23.046","6.158","10.483","10","7","2022","6","30","5","900"
"31e36d75ea57c2776e90127211cd6e5b","6788","2022-10-07T06:45:00.000","6TH ST / RED RIVER ST","SOUTHBOUND","LEFT TURN","false","1","7.0","0.0","25.8","0.0","10","7","2022","6","45","5","900"
"12aaf97232f458bc0392d4d860893643","6788","2022-10-07T06:45:00.000","6TH ST / RED RIVER ST","SOUTHBOUND","THRU","false","4","9.25","0.957","15.3","15.432","10","7","2022","6","45","5","900"
"b170639ab813478069607768a77fe921","6788","2022-10-07T06:45:00.000","6TH ST / RED RIVER ST","SOUTHBOUND","THRU","true","1","2.0","0.0","29.9","0.0","10","7","2022","6","45","5","900"
"478e0a3cbad8b42fdd8d8d66b350cd9e","6788","2022-10-07T06:45:00.000","6TH ST / RED RIVER ST","WESTBOUND","RIGHT TURN","false","1","24.0","0.0","2.2","0.0","10","7","2022","6","45","5","900"
"5e94121330c5a90611dff10e9c9ea98a","6788","2022-10-07T06:45:00.000","6TH ST / RED RIVER ST","WESTBOUND","THRU","false","88","38.33","23.314","6.842","12.072","10","7","2022","6","45","5","900"
"f51a2a06029e75a0a26bda6a3b0758ec","6788","2022-10-07T06:45:00.000","6TH ST / RED RIVER ST","WESTBOUND","THRU","true","15","33.6","14.88","5.973","6.03","10","7","2022","6","45","5","900"
"d28b82988f7a1230e3649e8b965436cd","6788","2022-10-07T07:00:00.000","6TH ST / RED RIVER ST","SOUTHBOUND","RIGHT TURN","false","3","7.0","1.732","3708.13","6419.725","10","7","2022","7","0","5","900"
"46906f6ed0032259be094494ec2415c8","6788","2022-10-07T07:00:00.000","6TH ST / RED RIVER ST","WESTBOUND","LEFT TURN","false","1","26.0","0.0","0.5","0.0","10","7","2022","7","0","5","900"
"6f829cc85faecd661071a8987741a93c","6788","2022-10-07T07:00:00.000","6TH ST / RED RIVER ST","WESTBOUND","LEFT TURN","true","1","44.0","0.0","0.3","0.0","10","7","2022","7","0","5","900"
"38dae1d25ee95e9c389f0c96bfb67795","6788","2022-10-07T07:00:00.000","6TH ST / RED RIVER ST","WESTBOUND","THRU","false","96","35.625","23.825","3.858","6.161","10","7","2022","7","0","5","900"
"805762ce34d8ff6b5984fce1631c6a9e","6788","2022-10-07T07:00:00.000","6TH ST / RED RIVER ST","WESTBOUND","THRU","true","16","42.75","24.071","3.4","6.976","10","7","2022","7","0","5","900"
"0aa2afc3c37349cde2de86013556856c","6788","2022-10-07T07:15:00.000","6TH ST / RED RIVER ST","NORTHBOUND","LEFT TURN","false","3","22.0","11.269","11.333","18.852","10","7","2022","7","15","5","900"
"37e734c2326636810e4024cc94aa32f7","6788","2022-10-07T07:15:00.000","6TH ST / RED RIVER ST","NORTHBOUND","THRU","true","1","43.0","0.0","0.4","0.0","10","7","2022","7","15","5","900"
"1e62b1dd690213329b84f8971212f8d2","6788","2022-10-07T07:15:00.000","6TH ST / RED RIVER ST","SOUTHBOUND","RIGHT TURN","false","2","7.5","4.95","0.2","0.141","10","7","2022","7","15","5","900"
"bae7ffaf0dbbb4ab7b8ddf29e467f6f6","6788","2022-10-07T07:15:00.000","6TH ST / RED RIVER ST","SOUTHBOUND","THRU","false","5","19.8","28.155","0.5","0.245","10","7","2022","7","15","5","900"
"054de57df213bc8882da555045f14902","6788","2022-10-07T07:15:00.000","6TH ST / RED RIVER ST","WESTBOUND","LEFT TURN","false","1","12.0","0.0","11.1","0.0","10","7","2022","7","15","5","900"
"dd72f5c14045110829e306dbb5fd6bd9","6788","2022-10-07T07:15:00.000","6TH ST / RED RIVER ST","WESTBOUND","LEFT TURN","true","1","39.0","0.0","0.4","0.0","10","7","2022","7","15","5","900"
"77f65bf0462c3f4419bfabacee85a1fe","6788","2022-10-07T07:15:00.000","6TH ST / RED RIVER ST","WESTBOUND","RIGHT TURN","false","1","12.0","0.0","0.5","0.0","10","7","2022","7","15","5","900"
"32135aca8a56b0c02060dedf4411feb2","6788","2022-10-07T07:15:00.000","6TH ST / RED RIVER ST","WESTBOUND","THRU","false","40","48.8","22.502","1.14","2.337","10","7","2022","7","15","5","900"
"074cb53ec41e0bdf90eff08398056709","6788","2022-10-07T07:15:00.000","6TH ST / RED RIVER ST","WESTBOUND","THRU","true","5","41.0","23.759","5.94","11.723","10","7","2022","7","15","5","900"
"45700ba730a17ee2f6832b16ea2f36f3","6788","2022-10-07T07:30:00.000","6TH ST / RED RIVER ST","NORTHBOUND","LEFT TURN","false","1","53.0","0.0","0.4","0.0","10","7","2022","7","30","5","900"
"1c1dddc802e0fa88951605399a953d14","6788","2022-10-07T07:30:00.000","6TH ST / RED RIVER ST","SOUTHBOUND","RIGHT TURN","false","2","5.0","0.0","6.0","8.061","10","7","2022","7","30","5","900"
"f47f76dc10bbe7b146b48130e59dec8c","6788","2022-10-07T07:30:00.000","6TH ST / RED RIVER ST","SOUTHBOUND","THRU","false","3","10.333","2.082","26.567","1.848","10","7","2022","7","30","5","900"
"91194b9796686092fce70b6a09534638","6788","2022-10-07T07:30:00.000","6TH ST / RED RIVER ST","WESTBOUND","THRU","false","5","50.6","19.152","3.0","4.032","10","7","2022","7","30","5","900"
"056f121c28fb0000df88c9e249a7ec93","6788","2022-10-07T07:30:00.000","6TH ST / RED RIVER ST","WESTBOUND","THRU","true","1","24.0","0.0","1.9","0.0","10","7","2022","7","30","5","900"
"a8f1ad8c962d470afc066f5a4357eda3","6788","2022-10-07T07:45:00.000","6TH ST / RED RIVER ST","SOUTHBOUND","RIGHT TURN","false","1","13.0","0.0","0.5","0.0","10","7","2022","7","45","5","900"
"6834fc830794d47fac49c18b64788e09","6788","2022-10-07T07:45:00.000","6TH ST / RED RIVER ST","SOUTHBOUND","THRU","false","2","8.5","6.364","0.5","0.141","10","7","2022","7","45","5","900"
"10169473eb895f384f774557a1507aeb","6788","2022-10-07T07:45:00.000","6TH ST / RED RIVER ST","WESTBOUND","THRU","false","45","42.022","16.889","48.922","233.676","10","7","2022","7","45","5","900"
"035c2f8854c6a417d1323ef2430d3da0","6788","2022-10-07T07:45:00.000","6TH ST / RED RIVER ST","WESTBOUND","THRU","true","4","35.75","9.674","0.35","0.058","10","7","2022","7","45","5","900"
"2cce94128ba2ae09a5a06f1706e666e3","6788","2022-10-07T08:00:00.000","6TH ST / RED RIVER ST","NORTHBOUND","LEFT TURN","true","1","12.0","0.0","1.2","0.0","10","7","2022","8","0","5","900"
"c5fa951563ac92f42266018d2534536d","6788","2022-10-07T08:00:00.000","6TH ST / RED RIVER ST","SOUTHBOUND","THRU","false","1","18.0","0.0","0.8","0.0","10","7","2022","8","0","5","900"
"e967de1229133c599bf8897def471ddc","6788","2022-10-07T08:00:00.000","6TH ST / RED RIVER ST","WESTBOUND","LEFT TURN","true","1","20.0","0.0","0.5","0.0","10","7","2022","8","0","5","900"
"c27c6a29f5c58ff46395d7e6f0fe195b","6788","2022-10-07T08:00:00.000","6TH ST / RED RIVER ST","WESTBOUND","THRU","false","26","36.885","13.468","0.258","0.184","10","7","2022","8","0","5","900"
"01a48218235cf4404c997319779b6b25","6788","2022-10-07T08:00:00.000","6TH ST / RED RIVER ST","WESTBOUND","THRU","true","4","41.5","8.185","0.2","0.2","10","7","2022","8","0","5","900"
"e5d624644ab48cc596956112487bf624","6788","2022-10-07T08:15:00.000","6TH ST / RED RIVER ST","NORTHBOUND","LEFT TURN","false","2","15.5","10.607","0.6","0.566","10","7","2022","8","15","5","900"
"7ae7cf5294f9376784418ad1f5986822","6788","2022-10-07T08:15:00.000","6TH ST / RED RIVER ST","WESTBOUND","LEFT TURN","true","1","7.0","0.0","0.5","0.0","10","7","2022","8","15","5","900"
"4a923f95f2d5104e01569db0ddbd29bc","6788","2022-10-07T08:15:00.000","6TH ST / RED RIVER ST","WESTBOUND","THRU","false","7","34.286","17.066","0.3","0.224","10","7","2022","8","15","5","900"
"1031e33e2c1b90a70199dd624d1ce7ac","6788","2022-10-07T08:15:00.000","6TH ST / RED RIVER ST","WESTBOUND","THRU","true","1","18.0","0.0","0.3","0.0","10","7","2022","8","15","5","900"
"b60d514a4a64b2265aa1854dbf9164e9","6788","2022-10-07T08:30:00.000","6TH ST / RED RIVER ST","NORTHBOUND","LEFT TURN","false","3","12.0","6.557","0.633","0.462","10","7","2022","8","30","5","900"
"ab737dad5cdefc06b7ea5fb80ee2b2e8","6788","2022-10-07T08:30:00.000","6TH ST / RED RIVER ST","NORTHBOUND","THRU","true","1","58.0","0.0","0.4","0.0","10","7","2022","8","30","5","900"
"bedf72ecf53363f769c66aea840852d2","6788","2022-10-07T08:30:00.000","6TH ST / RED RIVER ST","WESTBOUND","THRU","false","21","39.048","15.705","3.29","11.416","10","7","2022","8","30","5","900"
"9c214738d2e74ee697e505346d15cf98","6788","2022-10-07T08:30:00.000","6TH ST / RED RIVER ST","WESTBOUND","THRU","true","1","39.0","0.0","0.7","0.0","10","7","2022","8","30","5","900"
"8444ede37b8ecc7306f59f6cf8913141","6788","2022-10-07T08:45:00.000","6TH ST / RED RIVER ST","WESTBOUND","THRU","false","13","43.769","16.644","6.885","22.939","10","7","2022","8","45","5","900"
"1cd624cb5b28cf35cbd55c3f1e9425ec","6788","2022-10-07T08:45:00.000","6TH ST / RED RIVER ST","WESTBOUND","THRU","true","2","6.0","2.828","408.8","577.989","10","7","2022","8","45","5","900"
"0db25ab15b62bcf2e51c0bf506ece195","6788","2022-10-07T09:00:00.000","6TH ST / RED RIVER ST","NORTHBOUND","LEFT TURN","false","1","28.0","0.0","0.5","0.0","10","7","2022","9","0","5","900"
"e17cbd8a8964c25efe255bef80bb9cc1","6788","2022-10-07T09:00:00.000","6TH ST / RED RIVER ST","WESTBOUND","LEFT TURN","false","1","17.0","0.0","0.5","0.0","10","7","2022","9","0","5","900"
"f24b3cbc3c3e50e9d27ae8a9beb7c28a","6788","2022-10-07T09:00:00.000","6TH ST / RED RIVER ST","WESTBOUND","LEFT TURN","true","2","24.5","4.95","0.2","0.0","10","7","2022","9","0","5","900"
"75d73c324962b199dbb6a123b5bc86b7","6788","2022-10-07T09:00:00.000","6TH ST / RED RIVER ST","WESTBOUND","THRU","false","33","40.939","13.863","0.258","0.27","10","7","2022","9","0","5","900"
"89a2d2f4611fc1c06cc983248b4da2a3","6788","2022-10-07T09:00:00.000","6TH ST / RED RIVER ST","WESTBOUND","THRU","true","6","40.667","13.619","0.55","0.712","10","7","2022","9","0","5","900"
"9d6f3b4d94a8323a186ab25ebe3aa085","6788","2022-10-07T09:15:00.000","6TH ST / RED RIVER ST","NORTHBOUND","LEFT TURN","false","3","25.0","7.937","0.4","0.265","10","7","2022","9","15","5","900"
"47cb841e8f84e0b41204c16d28780c01","6788","2022-10-07T09:15:00.000","6TH ST / RED RIVER ST","NORTHBOUND","LEFT TURN","true","2","19.5","3.536","0.85","0.212","10","7","2022","9","15","5","900"
"47aeb874bf164c69c39998664c7cb369","6788","2022-10-07T09:15:00.000","6TH ST / RED RIVER ST","WESTBOUND","THRU","false","29","38.414","16.152","0.228","0.173","10","7","2022","9","15","5","900"
"fc6246a23f2380800388ea22d1c937c5","6788","2022-10-07T09:15:00.000","6TH ST / RED RIVER ST","WESTBOUND","THRU","true","5","48.4","35.865","0.18","0.084","10","7","2022","9","15","5","900"
"06a3e2b0533d31aa057254610237138c","6788","2022-10-07T09:30:00.000","6TH ST / RED RIVER ST","NORTHBOUND","LEFT TURN","false","2","25.5","0.707","0.45","0.495","10","7","2022","9","30","5","900"
"dcfd52cef8e90e99e065eaf7ce39e3d0","6788","2022-10-07T09:30:00.000","6TH ST / RED RIVER ST","SOUTHBOUND","RIGHT TURN","false","2","23.0","18.385","0.2","0.141","10","7","2022","9","30","5","900"
"1064d69d9ea589b5b57136fc2ef35621","6788","2022-10-07T09:30:00.000","6TH ST / RED RIVER ST","SOUTHBOUND","THRU","false","1","27.0","0.0","0.7","0.0","10","7","2022","9","30","5","900"
"52dd9583dbd94b6fd8832bb88a3f7a6d","6788","2022-10-07T09:30:00.000","6TH ST / RED RIVER ST","WESTBOUND","LEFT TURN","true","1","19.0","0.0","1.2","0.0","10","7","2022","9","30","5","900"
"1b7ef73ecd5c3c9fac26098698dc57a6","6788","2022-10-07T09:30:00.000","6TH ST / RED RIVER ST","WESTBOUND","THRU","false","27","35.926","15.166","0.352","0.342","10","7","2022","9","30","5","900"
"1d8fedcda55ac6482037379d89ae0bbf","6788","2022-10-07T09:30:00.000","6TH ST / RED RIVER ST","WESTBOUND","THRU","true","4","44.75","8.578","0.15","0.058","10","7","2022","9","30","5","900"
"113c10b4acad94445861e6db42bb36da","6788","2022-10-07T09:45:00.000","6TH ST / RED RIVER ST","NORTHBOUND","LEFT TURN","false","4","28.75","13.048","0.7","0.589","10","7","2022","9","45","5","900"
"4ff3b45c1dfbaebf587c5dc88c7322eb","6788","2022-10-07T09:45:00.000","6TH ST / RED RIVER ST","WESTBOUND","THRU","false","2","47.0","33.941","1.15","0.212","10","7","2022","9","45","5","900"
"53ff6f2118f8c61e59bce0a77b686330","6788","2022-10-07T10:00:00.000","6TH ST / RED RIVER ST","NORTHBOUND","LEFT TURN","false","3","21.0","3.0","0.533","0.379","10","7","2022","10","0","5","900"
"db8987deb3f7fc77ef28cd13b3ee2fa3","6788","2022-10-07T10:15:00.000","6TH ST / RED RIVER ST","NORTHBOUND","LEFT TURN","false","2","22.5","3.536","0.45","0.495","10","7","2022","10","15","5","900"
"38d1bf89b3e84992136a454eb3fa7ba6","6788","2022-10-07T10:15:00.000","6TH ST / RED RIVER ST","SOUTHBOUND","THRU","false","1","48.0","0.0","0.1","0.0","10","7","2022","10","15","5","900"
"dfd9696d0e0d44fd60c14f671a9161fc","6788","2022-10-07T10:15:00.000","6TH ST / RED RIVER ST","WESTBOUND","THRU","false","2","26.5","2.121","2.7","0.424","10","7","2022","10","15","5","900"
"1bb96e439014a86a8ce593bcd16c1b9d","6788","2022-10-07T10:30:00.000","6TH ST / RED RIVER ST","WESTBOUND","THRU","false","5","33.8","11.476","0.52","0.884","10","7","2022","10","30","5","900"
"2ddb64a6fc925bbd3fd88dabecae3777","6788","2022-10-07T10:30:00.000","6TH ST / RED RIVER ST","WESTBOUND","THRU","true","2","33.5","10.607","0.15","0.071","10","7","2022","10","30","5","900"
"1fd6342e610bd5b323adf540d1c71e82","6788","2022-10-07T10:45:00.000","6TH ST / RED RIVER ST","NORTHBOUND","LEFT TURN","false","2","16.5","4.95","0.55","0.495","10","7","2022","10","45","5","900"
"ba5718cc01d3f36d7411f69a722f8432","6788","2022-10-07T10:45:00.000","6TH ST / RED RIVER ST","SOUTHBOUND","THRU","false","1","56.0","0.0","0.2","0.0","10","7","2022","10","45","5","900"
"4f430ef236884e387fd5f1346ee172e6","6788","2022-10-07T10:45:00.000","6TH ST / RED RIVER ST","WESTBOUND","LEFT TURN","true","1","0.0","0.0","0.9","0.0","10","7","2022","10","45","5","900"
"159008197301f025d5720fcedd8253ce","6788","2022-10-07T10:45:00.000","6TH ST / RED RIVER ST","WESTBOUND","THRU","false","47","47.0","16.327","0.249","0.409","10","7","2022","10","45","5","900"
"ea18361331595793508133d4d1d04780","6788","2022-10-07T10:45:00.000","6TH ST / RED RIVER ST","WESTBOUND","THRU","true","5","42.0","8.155","0.24","0.114","10","7","2022","10","45","5","900"
"5cb7577b0114693e3ea7a205f282f15c","6788","2022-10-07T11:00:00.000","6TH ST / RED RIVER ST","NORTHBOUND","LEFT TURN","false","3","20.667","4.509","0.5","0.173","10","7","2022","11","0","5","900"
"93653935c3f38618055da8878b969828","6788","2022-10-07T11:00:00.000","6TH ST / RED RIVER ST","WESTBOUND","LEFT TURN","true","1","0.0","0.0","0.8","0.0","10","7","2022","11","0","5","900"
"18653f8958aa9eab4cc077a0340a9074","6788","2022-10-07T11:00:00.000","6TH ST / RED RIVER ST","WESTBOUND","RIGHT TURN","true","1","8.0","0.0","0.5","0.0","10","7","2022","11","0","5","900"
"c021c8b9132c9bc6ea3a9f786b675764","6788","2022-10-07T11:00:00.000","6TH ST / RED RIVER ST","WESTBOUND","THRU","false","39","38.179","16.34","0.523","1.219","10","7","2022","11","0","5","900"
"d4c6a524150d41b7b9db698869fecd22","6788","2022-10-07T11:00:00.000","6TH ST / RED RIVER ST","WESTBOUND","THRU","true","8","32.0","7.091","0.7","0.89","10","7","2022","11","0","5","900"
"4f8d356cd5f4ff05ea199f3e249a4a17","6788","2022-10-07T11:15:00.000","6TH ST / RED RIVER ST","NORTHBOUND","LEFT TURN","false","2","22.5","3.536","0.5","0.141","10","7","2022","11","15","5","900"
"fbc090648ec22c037d22e199f206ebb9","6788","2022-10-07T11:15:00.000","6TH ST / RED RIVER ST","NORTHBOUND","LEFT TURN","true","2","20.5","0.707","0.5","0.566","10","7","2022","11","15","5","900"
"fc91ef471d79ea00b1ff6dc76f700d73","6788","2022-10-07T11:15:00.000","6TH ST / RED RIVER ST","NORTHBOUND","THRU","false","1","38.0","0.0","0.7","0.0","10","7","2022","11","15","5","900"
"b34a48a45e40e6c0cf8d405302684d28","6788","2022-10-07T11:15:00.000","6TH ST / RED RIVER ST","WESTBOUND","LEFT TURN","false","1","17.0","0.0","0.1","0.0","10","7","2022","11","15","5","900"
"f5aee1905a53cab9d7fc1e8c9e4c73ae","6788","2022-10-07T11:15:00.000","6TH ST / RED RIVER ST","WESTBOUND","LEFT TURN","true","2","14.5","0.707","0.3","0.141","10","7","2022","11","15","5","900"
"3ca09dd6e418d84cfba208693547e4bc","6788","2022-10-07T11:15:00.000","6TH ST / RED RIVER ST","WESTBOUND","RIGHT TURN","false","1","21.0","0.0","0.3","0.0","10","7","2022","11","15","5","900"
"9ed1af51d3ab6b13e6381ce0b50fbbd9","6788","2022-10-07T11:15:00.000","6TH ST / RED RIVER ST","WESTBOUND","THRU","false","61","40.557","20.56","0.302","0.322","10","7","2022","11","15","5","900"
"f04e315f09e424a017da98acb2cad757","6788","2022-10-07T11:15:00.000","6TH ST / RED RIVER ST","WESTBOUND","THRU","true","6","28.833","9.867","0.25","0.138","10","7","2022","11","15","5","900"
"fb495832a7dda946a5a197864825d136","6788","2022-10-07T11:30:00.000","6TH ST / RED RIVER ST","NORTHBOUND","LEFT TURN","false","5","16.2","6.535","0.66","0.351","10","7","2022","11","30","5","900"
"daa604f2b8aed8c29d3c7176cfb4bae0","6788","2022-10-07T11:30:00.000","6TH ST / RED RIVER ST","WESTBOUND","LEFT TURN","true","1","20.0","0.0","0.2","0.0","10","7","2022","11","30","5","900"
"8147195a2b153b11312675687d4c0a2f","6788","2022-10-07T11:30:00.000","6TH ST / RED RIVER ST","WESTBOUND","THRU","false","18","32.167","15.504","577.783","2364.529","10","7","2022","11","30","5","900"
"18717dfb340a75b89e24673d07159420","6788","2022-10-07T11:30:00.000","6TH ST / RED RIVER ST","WESTBOUND","THRU","true","1","44.0","0.0","0.2","0.0","10","7","2022","11","30","5","900"
"f22ec2d19ef3cc51ec12a75b1c57c118","6788","2022-10-07T11:45:00.000","6TH ST / RED RIVER ST","NORTHBOUND","LEFT TURN","false","2","18.0","18.385","0.45","0.071","10","7","2022","11","45","5","900"
"c16da68c552fe11e0fca2632cf405a44","6788","2022-10-07T11:45:00.000","6TH ST / RED RIVER ST","NORTHBOUND","RIGHT TURN","false","1","5.0","0.0","0.1","0.0","10","7","2022","11","45","5","900"
"efd133126d60947644a640266f942dd3","6788","2022-10-07T11:45:00.000","6TH ST / RED RIVER ST","WESTBOUND","THRU","false","57","38.158","12.81","0.3","0.283","10","7","2022","11","45","5","900"
"718c75de1abb7b2a5372b98da4fb15a5","6788","2022-10-07T11:45:00.000","6TH ST / RED RIVER ST","WESTBOUND","THRU","true","7","30.714","13.537","0.3","0.316","10","7","2022","11","45","5","900"
"c1ebd35d471a3d5fafc1ede00d69beb6","6788","2022-10-07T12:00:00.000","6TH ST / RED RIVER ST","NORTHBOUND","LEFT TURN","false","1","20.0","0.0","0.5","0.0","10","7","2022","12","0","5","900"
"4635542b5bb807e368e5fbe9bcf4edff","6788","2022-10-07T12:00:00.000","6TH ST / RED RIVER ST","NORTHBOUND","THRU","false","1","31.0","0.0","0.6","0.0","10","7","2022","12","0","5","900"
"3141a7f10d152137b6f9a4e62b7b70c4","6788","2022-10-07T12:00:00.000","6TH ST / RED RIVER ST","NORTHBOUND","THRU","true","1","48.0","0.0","0.5","0.0","10","7","2022","12","0","5","900"
"dd0fc11f07485fca20568fc8344422af","6788","2022-10-07T12:00:00.000","6TH ST / RED RIVER ST","WESTBOUND","LEFT TURN","false","1","30.0","0.0","0.2","0.0","10","7","2022","12","0","5","900"
"1f89a53027ddf95eda62e8e119d61ff5","6788","2022-10-07T12:00:00.000","6TH ST / RED RIVER ST","WESTBOUND","LEFT TURN","true","2","26.0","16.971","0.4","0.141","10","7","2022","12","0","5","900"
"04612e44cb11075c80de14adf372fb70","6788","2022-10-07T12:00:00.000","6TH ST / RED RIVER ST","WESTBOUND","THRU","false","55","40.073","15.28","2.158","13.223","10","7","2022","12","0","5","900"
"1361de981fb1ca064529d125af240f1b","6788","2022-10-07T12:00:00.000","6TH ST / RED RIVER ST","WESTBOUND","THRU","true","11","32.909","13.656","0.355","0.254","10","7","2022","12","0","5","900"
"ea64e5ec8a51bbaa310048448f496733","6788","2022-10-07T12:15:00.000","6TH ST / RED RIVER ST","NORTHBOUND","LEFT TURN","false","4","20.5","1.732","0.5","0.271","10","7","2022","12","15","5","900"
"0b68dba6a696da587141a11925e3e760","6788","2022-10-07T12:15:00.000","6TH ST / RED RIVER ST","NORTHBOUND","LEFT TURN","true","1","23.0","0.0","0.1","0.0","10","7","2022","12","15","5","900"
"16076f120faa5d357c362ceabbd95f56","6788","2022-10-07T12:15:00.000","6TH ST / RED RIVER ST","NORTHBOUND","THRU","true","1","63.0","0.0","0.3","0.0","10","7","2022","12","15","5","900"
"0382a9e8fd1358b02e332889b81cb6c7","6788","2022-10-07T12:15:00.000","6TH ST / RED RIVER ST","WESTBOUND","LEFT TURN","false","2","23.0","15.556","16.05","22.132","10","7","2022","12","15","5","900"
"4ed0ff120c8e3ae6450c9eda5bd61de6","6788","2022-10-07T12:15:00.000","6TH ST / RED RIVER ST","WESTBOUND","LEFT TURN","true","1","4.0","0.0","0.1","0.0","10","7","2022","12","15","5","900"
"1530cdbded7759f6e88675dbedef6b10","6788","2022-10-07T12:15:00.000","6TH ST / RED RIVER ST","WESTBOUND","THRU","false","67","38.179","16.803","49.851","402.8","10","7","2022","12","15","5","900"
"645c7756e90dd4db1d1776d678bdd409","6788","2022-10-07T12:15:00.000","6TH ST / RED RIVER ST","WESTBOUND","THRU","true","6","40.0","14.9","0.35","0.308","10","7","2022","12","15","5","900"
"eb2f68690776edda73f0f32fbedff651","6788","2022-10-07T12:30:00.000","6TH ST / RED RIVER ST","NORTHBOUND","LEFT TURN","false","2","16.5","13.435","0.35","0.071","10","7","2022","12","30","5","900"
"6c81326cb208619ed030fa0d8274b3b0","6788","2022-10-07T12:30:00.000","6TH ST / RED RIVER ST","NORTHBOUND","LEFT TURN","true","1","79.0","0.0","0.3","0.0","10","7","2022","12","30","5","900"
"746f7330c20c68b2171432f7d19dd531","6788","2022-10-07T12:30:00.000","6TH ST / RED RIVER ST","WESTBOUND","LEFT TURN","false","1","11.0","0.0","1.2","0.0","10","7","2022","12","30","5","900"
"c4e06d21006a4545cdf010372e34c4bc","6788","2022-10-07T12:30:00.000","6TH ST / RED RIVER ST","WESTBOUND","LEFT TURN","true","1","25.0","0.0","0.3","0.0","10","7","2022","12","30","5","900"
"063e8761ee07e855d0aa92e368560bca","6788","2022-10-07T12:30:00.000","6TH ST / RED RIVER ST","WESTBOUND","THRU","false","56","40.321","14.778","0.232","0.176","10","7","2022","12","30","5","900"
"8844d15a19ee7e04327b4517d2d690fe","6788","2022-10-07T12:30:00.000","6TH ST / RED RIVER ST","WESTBOUND","THRU","true","11","30.909","16.275","0.364","0.361","10","7","2022","12","30","5","900"
"60feb63ed4e79adfa49dd7009ebde7fc","6788","2022-10-07T12:45:00.000","6TH ST / RED RIVER ST","NORTHBOUND","LEFT TURN","false","3","19.667","1.528","0.5","0.4","10","7","2022","12","45","5","900"
"662a35da6fb03ce266007f6dea4cfc1e","6788","2022-10-07T12:45:00.000","6TH ST / RED RIVER ST","WESTBOUND","LEFT TURN","false","3","15.0","21.794","0.367","0.231","10","7","2022","12","45","5","900"
"c968b6b7b95936c882d9b6322e2a33f5","6788","2022-10-07T12:45:00.000","6TH ST / RED RIVER ST","WESTBOUND","LEFT TURN","true","2","17.5","7.778","0.2","0.141","10","7","2022","12","45","5","900"
"c881d8c30ca4f8a69ca568834c8b3dfb","6788","2022-10-07T12:45:00.000","6TH ST / RED RIVER ST","WESTBOUND","THRU","false","40","35.875","13.031","0.265","0.223","10","7","2022","12","45","5","900"
"f4072bc5ac265c490f8a833b16cb2725","6788","2022-10-07T12:45:00.000","6TH ST / RED RIVER ST","WESTBOUND","THRU","true","8","38.125","9.702","0.238","0.119","10","7","2022","12","45","5","900"
"65d9b1322e390916043fa9e27eabe115","6788","2022-10-07T13:00:00.000","6TH ST / RED RIVER ST","NORTHBOUND","LEFT TURN","false","4","20.0","2.828","0.775","0.096","10","7","2022","13","0","5","900"
"4d638c11d79cfb9f47835880fa06040e","6788","2022-10-07T13:00:00.000","6TH ST / RED RIVER ST","NORTHBOUND","LEFT TURN","true","1","26.0","0.0","0.7","0.0","10","7","2022","13","0","5","900"
"b4c68ac5a6be37568673edefdd513839","6788","2022-10-07T13:00:00.000","6TH ST / RED RIVER ST","WESTBOUND","THRU","false","69","37.145","12.541","1.21","5.746","10","7","2022","13","0","5","900"
"10437a1f430f8005b29be27adf4bf8d3","6788","2022-10-07T13:00:00.000","6TH ST / RED RIVER ST","WESTBOUND","THRU","true","6","31.0","9.508","0.483","0.649","10","7","2022","13","0","5","900"
"e72e9c07d778a91b94fc8243e2dab578","6788","2022-10-07T13:15:00.000","6TH ST / RED RIVER ST","NORTHBOUND","LEFT TURN","false","2","34.5","12.021","0.55","0.071","10","7","2022","13","15","5","900"
"087f4eb48294f8d66f5dd44ba378e0bf","6788","2022-10-07T13:15:00.000","6TH ST / RED RIVER ST","NORTHBOUND","U-TURN","false","1","5.0","0.0","0.2","0.0","10","7","2022","13","15","5","900"
"dff92d75202017572b6e478b75b776e4","6788","2022-10-07T13:15:00.000","6TH ST / RED RIVER ST","WESTBOUND","LEFT TURN","false","2","17.5","17.678","18.55","26.092","10","7","2022","13","15","5","900"
"4fb5f33d77696ab3560342cc3719aae4","6788","2022-10-07T13:15:00.000","6TH ST / RED RIVER ST","WESTBOUND","LEFT TURN","true","2","9.5","9.192","1.0","0.849","10","7","2022","13","15","5","900"
"7613badba8309191c167b215b3cb2049","6788","2022-10-07T13:15:00.000","6TH ST / RED RIVER ST","WESTBOUND","THRU","false","60","36.583","13.702","0.672","2.941","10","7","2022","13","15","5","900"
"27f0aa2300b9d4cfe0b2ab955f26905e","6788","2022-10-07T13:15:00.000","6TH ST / RED RIVER ST","WESTBOUND","THRU","true","5","30.4","15.71","0.34","0.207","10","7","2022","13","15","5","900"
"70efb315dd48f7051601c094e88f264d","6788","2022-10-07T13:30:00.000","6TH ST / RED RIVER ST","NORTHBOUND","LEFT TURN","false","3","12.333","10.408","0.7","0.6","10","7","2022","13","30","5","900"
"e142971ee524b2362ebb59733575c6ab","6788","2022-10-07T13:30:00.000","6TH ST / RED RIVER ST","SOUTHBOUND","THRU","false","2","70.5","13.435","0.3","0.0","10","7","2022","13","30","5","900"
"18fbb4ca00d5ac14b2f82790087865ad","6788","2022-10-07T13:30:00.000","6TH ST / RED RIVER ST","WESTBOUND","LEFT TURN","true","2","24.0","4.243","0.25","0.071","10","7","2022","13","30","5","900"
"6f7ea36369d331640f9e5ab493fe1bd4","6788","2022-10-07T13:30:00.000","6TH ST / RED RIVER ST","WESTBOUND","RIGHT TURN","false","1","11.0","0.0","0.1","0.0","10","7","2022","13","30","5","900"
"b801fa51c3a5b5f71f8a16b05b82ebde","6788","2022-10-07T13:30:00.000","6TH ST / RED RIVER ST","WESTBOUND","THRU","false","52","34.596","15.001","1.227","4.879","10","7","2022","13","30","5","900"
"6f12f4b50332b22041852effe22d9a95","6788","2022-10-07T13:30:00.000","6TH ST / RED RIVER ST","WESTBOUND","THRU","true","17","33.882","9.286","0.235","0.117","10","7","2022","13","30","5","900"
"33d7246d89c69d335cf1b2946c73fba1","6788","2022-10-07T13:45:00.000","6TH ST / RED RIVER ST","NORTHBOUND","LEFT TURN","false","3","16.667","2.517","0.933","0.404","10","7","2022","13","45","5","900"
"ef676807ec8a40505b14daf87c09c15c","6788","2022-10-07T13:45:00.000","6TH ST / RED RIVER ST","NORTHBOUND","THRU","false","1","20.0","0.0","1.7","0.0","10","7","2022","13","45","5","900"
"2321d0275c601472e5fc30862ce9cadd","6788","2022-10-07T13:45:00.000","6TH ST / RED RIVER ST","SOUTHBOUND","THRU","false","1","3.0","0.0","0.1","0.0","10","7","2022","13","45","5","900"
"d8dd483a06237dc07a83fea341f47ea5","6788","2022-10-07T13:45:00.000","6TH ST / RED RIVER ST","WESTBOUND","LEFT TURN","true","1","47.0","0.0","0.1","0.0","10","7","2022","13","45","5","900"
"d8c636c3ba7f50348945839336219445","6788","2022-10-07T13:45:00.000","6TH ST / RED RIVER ST","WESTBOUND","RIGHT TURN","false","2","16.0","22.627","0.6","0.566","10","7","2022","13","45","5","900"
"0ebdc4763b2f1280fab2dd9c1db5bb8c","6788","2022-10-07T13:45:00.000","6TH ST / RED RIVER ST","WESTBOUND","RIGHT TURN","true","1","0.0","0.0","1.0","0.0","10","7","2022","13","45","5","900"
"ffc80e24de0f1517908da2c7fca00190","6788","2022-10-07T13:45:00.000","6TH ST / RED RIVER ST","WESTBOUND","THRU","false","64","37.031","14.641","0.419","0.492","10","7","2022","13","45","5","900"
"4998b9ded42bc2d080055b15c904fae8","6788","2022-10-07T13:45:00.000","6TH ST / RED RIVER ST","WESTBOUND","THRU","true","1","35.0","0.0","0.2","0.0","10","7","2022","13","45","5","900"
"efa922f0c2b7ad5a423135754fc80937","6788","2022-10-07T14:00:00.000","6TH ST / RED RIVER ST","NORTHBOUND","LEFT TURN","false","5","20.2","2.775","0.76","0.336","10","7","2022","14","0","5","900"
"3a3ae56627835655c752eb3f4b457da7","6788","2022-10-07T14:00:00.000","6TH ST / RED RIVER ST","WESTBOUND","LEFT TURN","false","2","23.0","26.87","11.6","15.981","10","7","2022","14","0","5","900"
"03518ac095bc2bfff057020bffb75890","6788","2022-10-07T14:00:00.000","6TH ST / RED RIVER ST","WESTBOUND","LEFT TURN","true","1","22.0","0.0","20.0","0.0","10","7","2022","14","0","5","900"
"1445b24ff814c0a9004a2240fd03fc6d","6788","2022-10-07T14:00:00.000","6TH ST / RED RIVER ST","WESTBOUND","THRU","false","74","39.554","15.765","1.73","7.203","10","7","2022","14","0","5","900"
"10d890b694e203035bb7889fa6484064","6788","2022-10-07T14:00:00.000","6TH ST / RED RIVER ST","WESTBOUND","THRU","true","15","37.533","8.4","0.26","0.124","10","7","2022","14","0","5","900"
"59047523f5e4e903de8e18912997d3e7","6788","2022-10-07T14:15:00.000","6TH ST / RED RIVER ST","NORTHBOUND","LEFT TURN","false","1","19.0","0.0","0.8","0.0","10","7","2022","14","15","5","900"
"6e2a7d764e8648972ce43124e94401e1","6788","2022-10-07T14:15:00.000","6TH ST / RED RIVER ST","NORTHBOUND","LEFT TURN","true","2","27.5","6.364","0.55","0.354","10","7","2022","14","15","5","900"
"eb25f2090d6d91df8edd4c716c814fb9","6788","2022-10-07T14:15:00.000","6TH ST / RED RIVER ST","WESTBOUND","LEFT TURN","false","3","31.667","6.658","0.133","0.058","10","7","2022","14","15","5","900"
"e9dc1edd75be9df8473b0f4335b49fdc","6788","2022-10-07T14:15:00.000","6TH ST / RED RIVER ST","WESTBOUND","LEFT TURN","true","1","31.0","0.0","0.5","0.0","10","7","2022","14","15","5","900"
"93ceadca590d00c978e91459a7d84605","6788","2022-10-07T14:15:00.000","6TH ST / RED RIVER ST","WESTBOUND","THRU","false","66","33.864","12.743","1.65","6.384","10","7","2022","14","15","5","900"
"375f88c77b5668f0a79ae7e6e872554c","6788","2022-10-07T14:15:00.000","6TH ST / RED RIVER ST","WESTBOUND","THRU","true","21","35.857","15.272","0.381","0.461","10","7","2022","14","15","5","900"
"789ad2d00379ad4ce581ebcec05aaef1","6788","2022-10-07T14:30:00.000","6TH ST / RED RIVER ST","NORTHBOUND","LEFT TURN","false","2","12.5","12.021","0.75","0.071","10","7","2022","14","30","5","900"
"59219aa8666d5e919b32effe3aba2f19","6788","2022-10-07T14:30:00.000","6TH ST / RED RIVER ST","NORTHBOUND","RIGHT TURN","false","1","16.0","0.0","0.1","0.0","10","7","2022","14","30","5","900"
"7bc0e90cd87d3bae6f88fde5bbb7c205","6788","2022-10-07T14:30:00.000","6TH ST / RED RIVER ST","WESTBOUND","LEFT TURN","false","1","35.0","0.0","0.5","0.0","10","7","2022","14","30","5","900"
"324a371ba48dbe2d6b28c2f0ed25368f","6788","2022-10-07T14:30:00.000","6TH ST / RED RIVER ST","WESTBOUND","LEFT TURN","true","1","26.0","0.0","0.2","0.0","10","7","2022","14","30","5","900"
"cc52f944fca88efd408d4ef2355fa7ca","6788","2022-10-07T14:30:00.000","6TH ST / RED RIVER ST","WESTBOUND","THRU","false","51","37.804","17.206","1.018","4.6","10","7","2022","14","30","5","900"
"e9d54022aca9d3165f19777ba48000b9","6788","2022-10-07T14:30:00.000","6TH ST / RED RIVER ST","WESTBOUND","THRU","true","8","41.25","6.497","0.262","0.092","10","7","2022","14","30","5","900"
"7f81cc6b899390f54b5ffe4392db335d","6788","2022-10-07T14:45:00.000","6TH ST / RED RIVER ST","NORTHBOUND","LEFT TURN","false","2","15.0","4.243","1.2","0.424","10","7","2022","14","45","5","900"
"d347a98ee8d1542918ba6f0cf5837162","6788","2022-10-07T14:45:00.000","6TH ST / RED RIVER ST","NORTHBOUND","RIGHT TURN","false","1","6.0","0.0","0.6","0.0","10","7","2022","14","45","5","900"
"88935ee564281c6870d41ca0da174220","6788","2022-10-07T14:45:00.000","6TH ST / RED RIVER ST","NORTHBOUND","THRU","false","1","10.0","0.0","0.6","0.0","10","7","2022","14","45","5","900"
"198bcc2fc54bf6da1f6b531653a42e63","6788","2022-10-07T14:45:00.000","6TH ST / RED RIVER ST","WESTBOUND","LEFT TURN","false","3","31.0","11.136","3.067","2.977","10","7","2022","14","45","5","900"
"4bed5984e3b2f30fdecbf0ed492bb7cb","6788","2022-10-07T14:45:00.000","6TH ST / RED RIVER ST","WESTBOUND","LEFT TURN","true","1","40.0","0.0","1.5","0.0","10","7","2022","14","45","5","900"
"93874b435df916495a2cb8cbb76d9f02","6788","2022-10-07T14:45:00.000","6TH ST / RED RIVER ST","WESTBOUND","RIGHT TURN","false","1","16.0","0.0","0.6","0.0","10","7","2022","14","45","5","900"
"8414d4d9fef7f71b9dbf6da8484c5e2c","6788","2022-10-07T14:45:00.000","6TH ST / RED RIVER ST","WESTBOUND","THRU","false","64","38.266","15.722","1.645","4.98","10","7","2022","14","45","5","900"
"4e2cf276f10b2d89936baa195748ee0a","6788","2022-10-07T14:45:00.000","6TH ST / RED RIVER ST","WESTBOUND","THRU","true","18","43.056","8.875","0.656","0.501","10","7","2022","14","45","5","900"
"1d99ab82f0dbeaffc8c0ef35a35e9d32","6788","2022-10-07T15:00:00.000","6TH ST / RED RIVER ST","NORTHBOUND","LEFT TURN","false","5","23.4","2.302","0.56","0.279","10","7","2022","15","0","5","900"
"38696411dd5a4bbe58eae9b23632b065","6788","2022-10-07T15:00:00.000","6TH ST / RED RIVER ST","NORTHBOUND","THRU","false","1","12.0","0.0","0.3","0.0","10","7","2022","15","0","5","900"
"dcaa556118c6cf7421cc37bf7218df7b","6788","2022-10-07T15:00:00.000","6TH ST / RED RIVER ST","WESTBOUND","RIGHT TURN","true","1","42.0","0.0","0.2","0.0","10","7","2022","15","0","5","900"
"098a92b9b142b959c2c570751c962232","6788","2022-10-07T15:00:00.000","6TH ST / RED RIVER ST","WESTBOUND","THRU","false","71","39.507","18.912","1.546","3.568","10","7","2022","15","0","5","900"
"39407904eebf10fefa10315473d6d2e4","6788","2022-10-07T15:00:00.000","6TH ST / RED RIVER ST","WESTBOUND","THRU","true","13","35.154","9.923","0.715","0.524","10","7","2022","15","0","5","900"
"3fd74c6faba699c87485daf09f71adc4","6788","2022-10-07T15:15:00.000","6TH ST / RED RIVER ST","NORTHBOUND","LEFT TURN","false","2","19.0","2.828","0.95","0.354","10","7","2022","15","15","5","900"
"e1301d96bb610bd992987d7e94f032a0","6788","2022-10-07T15:15:00.000","6TH ST / RED RIVER ST","WESTBOUND","THRU","false","75","36.053","14.701","1.709","5.453","10","7","2022","15","15","5","900"
"d219ffb797ccc0d3ab1e032a6e3268af","6788","2022-10-07T15:15:00.000","6TH ST / RED RIVER ST","WESTBOUND","THRU","true","19","39.263","8.054","0.511","0.726","10","7","2022","15","15","5","900"
"cefe818a214ef870fa88c5f22c5f5f68","6788","2022-10-07T15:30:00.000","6TH ST / RED RIVER ST","NORTHBOUND","LEFT TURN","false","3","19.667","0.577","0.3","0.346","10","7","2022","15","30","5","900"
"ae9af17dacad69700f0cf4fcb16a97c5","6788","2022-10-07T15:30:00.000","6TH ST / RED RIVER ST","NORTHBOUND","U-TURN","false","1","6.0","0.0","0.2","0.0","10","7","2022","15","30","5","900"
"8d546ecfebb72acb47f3ae486ae7b8ea","6788","2022-10-07T15:30:00.000","6TH ST / RED RIVER ST","WESTBOUND","LEFT TURN","true","1","19.0","0.0","0.2","0.0","10","7","2022","15","30","5","900"
"58e12924fb870f3beaddc311e05dec69","6788","2022-10-07T15:30:00.000","6TH ST / RED RIVER ST","WESTBOUND","RIGHT TURN","false","2","6.5","9.192","0.7","0.424","10","7","2022","15","30","5","900"
"bf3b3c9c7a058e1cd9f5636a231c5128","6788","2022-10-07T15:30:00.000","6TH ST / RED RIVER ST","WESTBOUND","THRU","false","73","36.055","13.249","1.515","5.188","10","7","2022","15","30","5","900"
"e0541de80ecf6a209f815e96fbed998f","6788","2022-10-07T15:30:00.000","6TH ST / RED RIVER ST","WESTBOUND","THRU","true","11","32.727","18.232","0.373","0.364","10","7","2022","15","30","5","900"
"20ebb4fa36121f3f209ca741bb24dc0a","6788","2022-10-07T15:45:00.000","6TH ST / RED RIVER ST","NORTHBOUND","LEFT TURN","false","7","20.571","7.091","0.671","0.15","10","7","2022","15","45","5","900"
"123b569d4c7490e24a343ab51391cf65","6788","2022-10-07T15:45:00.000","6TH ST / RED RIVER ST","WESTBOUND","LEFT TURN","false","1","42.0","0.0","0.4","0.0","10","7","2022","15","45","5","900"
"54955072b79731fbd1c9f28c6d81ec9f","6788","2022-10-07T15:45:00.000","6TH ST / RED RIVER ST","WESTBOUND","RIGHT TURN","true","1","0.0","0.0","1.3","0.0","10","7","2022","15","45","5","900"
"c9125e7c2b0749de10c54688250a58d8","6788","2022-10-07T15:45:00.000","6TH ST / RED RIVER ST","WESTBOUND","THRU","false","65","35.385","14.166","1.423","4.959","10","7","2022","15","45","5","900"
"125ed6e51c3fc2607eaa1a9c1ed045de","6788","2022-10-07T15:45:00.000","6TH ST / RED RIVER ST","WESTBOUND","THRU","true","11","31.909","13.255","0.327","0.215","10","7","2022","15","45","5","900"
"4f6d7da4978dbc8aa630608bac08a396","6788","2022-10-07T16:00:00.000","6TH ST / RED RIVER ST","NORTHBOUND","LEFT TURN","false","3","17.333","7.024","1.1","0.436","10","7","2022","16","0","5","900"
"77c55fdfef32e522de9c18fc78315c22","6788","2022-10-07T16:00:00.000","6TH ST / RED RIVER ST","NORTHBOUND","LEFT TURN","true","1","22.0","0.0","0.7","0.0","10","7","2022","16","0","5","900"
"a8a679dc4ef96763c3c183aa7272aa7b","6788","2022-10-07T16:00:00.000","6TH ST / RED RIVER ST","WESTBOUND","LEFT TURN","false","1","19.0","0.0","0.2","0.0","10","7","2022","16","0","5","900"
"4108ea9d29165cf7f8858546a9d3f642","6788","2022-10-07T16:00:00.000","6TH ST / RED RIVER ST","WESTBOUND","LEFT TURN","true","1","5.0","0.0","6.1","0.0","10","7","2022","16","0","5","900"
"15e2f8acb1f48588a2d4d64b8f8c66bc","6788","2022-10-07T16:00:00.000","6TH ST / RED RIVER ST","WESTBOUND","RIGHT TURN","false","2","9.5","13.435","0.65","0.212","10","7","2022","16","0","5","900"
"b941da85a46164b9af608edaafd1a25b","6788","2022-10-07T16:00:00.000","6TH ST / RED RIVER ST","WESTBOUND","THRU","false","60","33.85","15.534","1.112","3.486","10","7","2022","16","0","5","900"
"a4e93f2542fd57355236cfdc2f095b9a","6788","2022-10-07T16:00:00.000","6TH ST / RED RIVER ST","WESTBOUND","THRU","true","8","34.625","8.911","0.325","0.128","10","7","2022","16","0","5","900"
"ed9eecfe04edd40d164aaa9d61cd66e2","6788","2022-10-07T16:15:00.000","6TH ST / RED RIVER ST","NORTHBOUND","LEFT TURN","false","3","20.0","2.0","0.933","0.153","10","7","2022","16","15","5","900"
"df93fc589a305139b00397924eaef45a","6788","2022-10-07T16:15:00.000","6TH ST / RED RIVER ST","SOUTHBOUND","THRU","false","1","67.0","0.0","0.3","0.0","10","7","2022","16","15","5","900"
"b06a5f066a9d1422458f298970d800ed","6788","2022-10-07T16:15:00.000","6TH ST / RED RIVER ST","WESTBOUND","LEFT TURN","true","1","23.0","0.0","0.4","0.0","10","7","2022","16","15","5","900"
"48ac6e314579d0c2c903a23a9f7bafc1","6788","2022-10-07T16:15:00.000","6TH ST / RED RIVER ST","WESTBOUND","RIGHT TURN","false","2","13.0","18.385","0.8","0.707","10","7","2022","16","15","5","900"
"cea67dff7787f895b7a66ed50ce027eb","6788","2022-10-07T16:15:00.000","6TH ST / RED RIVER ST","WESTBOUND","THRU","false","41","31.512","18.752","1.239","4.776","10","7","2022","16","15","5","900"
"dce79d1bdbe94809486b6804c83f4bb5","6788","2022-10-07T16:15:00.000","6TH ST / RED RIVER ST","WESTBOUND","THRU","true","8","31.5","6.824","0.55","0.837","10","7","2022","16","15","5","900"
"9c1bed2898a3188d01536d8cc9e181ac","6788","2022-10-07T16:30:00.000","6TH ST / RED RIVER ST","NORTHBOUND","LEFT TURN","false","4","20.25","5.909","0.35","0.332","10","7","2022","16","30","5","900"
"f70c0d80bc89df2ed2f0a6bf571a07d6","6788","2022-10-07T16:30:00.000","6TH ST / RED RIVER ST","NORTHBOUND","LEFT TURN","true","1","21.0","0.0","0.7","0.0","10","7","2022","16","30","5","900"
"75ebd7b1e288733a36ccdef807561da1","6788","2022-10-07T16:30:00.000","6TH ST / RED RIVER ST","NORTHBOUND","THRU","true","1","6.0","0.0","0.1","0.0","10","7","2022","16","30","5","900"
"b1806e800229e950e0bbe3e44ce8fce2","6788","2022-10-07T16:30:00.000","6TH ST / RED RIVER ST","NORTHBOUND","U-TURN","false","1","6.0","0.0","0.1","0.0","10","7","2022","16","30","5","900"
"3d8ec29dbb5c06dda7686a9a588b42e0","6788","2022-10-07T16:30:00.000","6TH ST / RED RIVER ST","WESTBOUND","LEFT TURN","false","1","14.0","0.0","0.7","0.0","10","7","2022","16","30","5","900"
"050b4e8376e794e42f09142793d2a45e","6788","2022-10-07T16:30:00.000","6TH ST / RED RIVER ST","WESTBOUND","LEFT TURN","true","1","27.0","0.0","0.4","0.0","10","7","2022","16","30","5","900"
"84cb0e6741355da0a6b24e17f39b99b1","6788","2022-10-07T16:30:00.000","6TH ST / RED RIVER ST","WESTBOUND","THRU","false","57","37.123","15.889","0.986","3.113","10","7","2022","16","30","5","900"
"8005b1b59a2203d28e9140fb757350ac","6788","2022-10-07T16:30:00.000","6TH ST / RED RIVER ST","WESTBOUND","THRU","true","6","29.333","9.18","0.633","0.339","10","7","2022","16","30","5","900"
"539de0ee3d3e0df22fb7b0f42dde0c37","6788","2022-10-07T16:45:00.000","6TH ST / RED RIVER ST","NORTHBOUND","LEFT TURN","false","4","16.25","12.945","0.85","0.342","10","7","2022","16","45","5","900"
"cfdc7d0e3cfd0d51bf0b994ed7d1306e","6788","2022-10-07T16:45:00.000","6TH ST / RED RIVER ST","NORTHBOUND","LEFT TURN","true","2","23.0","7.071","0.5","0.566","10","7","2022","16","45","5","900"
"10536b9b96ea1c3147a8d209d6d1e359","6788","2022-10-07T16:45:00.000","6TH ST / RED RIVER ST","WESTBOUND","LEFT TURN","false","1","27.0","0.0","0.3","0.0","10","7","2022","16","45","5","900"
"9db58387745540c3263047602f44036f","6788","2022-10-07T16:45:00.000","6TH ST / RED RIVER ST","WESTBOUND","LEFT TURN","true","3","20.667","2.082","0.4","0.52","10","7","2022","16","45","5","900"
"f4680e20cc876bccf853c94c4b0c6051","6788","2022-10-07T16:45:00.000","6TH ST / RED RIVER ST","WESTBOUND","THRU","false","48","35.458","20.092","1.39","5.077","10","7","2022","16","45","5","900"
"ad770191d9a0da26bca311106890eedd","6788","2022-10-07T16:45:00.000","6TH ST / RED RIVER ST","WESTBOUND","THRU","true","9","33.556","14.001","3.511","9.449","10","7","2022","16","45","5","900"
"a9c1203eef7941f89492bc65fb89bf42","6788","2022-10-07T17:00:00.000","6TH ST / RED RIVER ST","NORTHBOUND","LEFT TURN","false","8","17.875","6.334","0.425","0.365","10","7","2022","17","0","5","900"
"1d2a0d467065ded5a1e6b5d52a70096e","6788","2022-10-07T17:00:00.000","6TH ST / RED RIVER ST","WESTBOUND","LEFT TURN","false","1","25.0","0.0","0.1","0.0","10","7","2022","17","0","5","900"
"5a2ba39f89ea833f967009456e315630","6788","2022-10-07T17:00:00.000","6TH ST / RED RIVER ST","WESTBOUND","LEFT TURN","true","1","31.0","0.0","0.5","0.0","10","7","2022","17","0","5","900"
"f4fc4e53f1e9d9c22a758215c627bc9f","6788","2022-10-07T17:00:00.000","6TH ST / RED RIVER ST","WESTBOUND","THRU","false","43","35.0","13.765","1.74","5.11","10","7","2022","17","0","5","900"
"97b493cd0fca58a51eb38c17e92029be","6788","2022-10-07T17:00:00.000","6TH ST / RED RIVER ST","WESTBOUND","THRU","true","6","33.167","14.148","0.517","0.376","10","7","2022","17","0","5","900"
"af2e6b742dec41a33ba7c57384c7a29e","6788","2022-10-07T17:15:00.000","6TH ST / RED RIVER ST","NORTHBOUND","LEFT TURN","false","8","15.875","7.376","0.663","0.457","10","7","2022","17","15","5","900"
"7c9b6449d75fec37f8c6d0baf6c7570c","6788","2022-10-07T17:15:00.000","6TH ST / RED RIVER ST","NORTHBOUND","LEFT TURN","true","2","38.5","27.577","0.3","0.283","10","7","2022","17","15","5","900"
"30dd8f472c917c50f2e23ac444481644","6788","2022-10-07T17:15:00.000","6TH ST / RED RIVER ST","WESTBOUND","LEFT TURN","true","2","18.5","10.607","8.55","11.95","10","7","2022","17","15","5","900"
"f03e7316b9053e7eceaff3ca77cad3d4","6788","2022-10-07T17:15:00.000","6TH ST / RED RIVER ST","WESTBOUND","THRU","false","50","31.26","12.275","0.468","0.367","10","7","2022","17","15","5","900"
"bcd026bce4f4776166de00af4dad75d1","6788","2022-10-07T17:15:00.000","6TH ST / RED RIVER ST","WESTBOUND","THRU","true","12","35.0","12.358","0.392","0.306","10","7","2022","17","15","5","900"
"372711a3728d9cfd41182efec13cf541","6788","2022-10-07T17:30:00.000","6TH ST / RED RIVER ST","NORTHBOUND","LEFT TURN","false","5","22.8","3.633","0.78","0.084","10","7","2022","17","30","5","900"
"60c742671f3de957fe8ef956094642e1","6788","2022-10-07T17:30:00.000","6TH ST / RED RIVER ST","SOUTHBOUND","RIGHT TURN","false","2","8.5","4.95","5.3","6.788","10","7","2022","17","30","5","900"
"f7a99be644b52e7a4ae0a22679fcf12f","6788","2022-10-07T17:30:00.000","6TH ST / RED RIVER ST","SOUTHBOUND","THRU","false","7","14.0","6.928","14.486","19.568","10","7","2022","17","30","5","900"
"64bb4c422875ffbf3614b17983fd54dd","6788","2022-10-07T17:30:00.000","6TH ST / RED RIVER ST","WESTBOUND","RIGHT TURN","false","2","13.0","18.385","5.5","4.384","10","7","2022","17","30","5","900"
"50352bd23913e48fa5516d28b65cd22e","6788","2022-10-07T17:30:00.000","6TH ST / RED RIVER ST","WESTBOUND","THRU","false","68","32.515","15.53","3.749","7.712","10","7","2022","17","30","5","900"
"8f919c2d913a9090c2b2b6e23f201c3d","6788","2022-10-07T17:30:00.000","6TH ST / RED RIVER ST","WESTBOUND","THRU","true","8","34.875","11.243","0.975","1.208","10","7","2022","17","30","5","900"
"aa9cc4058b8e59750283c72c6591c7bf","6788","2022-10-07T17:45:00.000","6TH ST / RED RIVER ST","NORTHBOUND","LEFT TURN","false","5","19.0","6.519","0.68","0.249","10","7","2022","17","45","5","900"
"3df342ddad9838fa9b52ee4c0a38ef58","6788","2022-10-07T17:45:00.000","6TH ST / RED RIVER ST","NORTHBOUND","RIGHT TURN","false","1","1.0","0.0","1.1","0.0","10","7","2022","17","45","5","900"
"c071d046fb999f45a02d730d6fb99006","6788","2022-10-07T17:45:00.000","6TH ST / RED RIVER ST","SOUTHBOUND","RIGHT TURN","false","7","7.714","3.094","1.614","2.58","10","7","2022","17","45","5","900"
"653c2a145c5e1e9f2d2093741c5d43f5","6788","2022-10-07T17:45:00.000","6TH ST / RED RIVER ST","SOUTHBOUND","THRU","false","8","16.875","21.304","8.0","10.792","10","7","2022","17","45","5","900"
"c50d1525240732c3bd34efb92314f872","6788","2022-10-07T17:45:00.000","6TH ST / RED RIVER ST","WESTBOUND","LEFT TURN","false","6","35.5","15.307","8.45","12.554","10","7","2022","17","45","5","900"
"80dfe0bc2861818900e58ffb58808051","6788","2022-10-07T17:45:00.000","6TH ST / RED RIVER ST","WESTBOUND","RIGHT TURN","false","3","16.667","8.083","3.367","2.442","10","7","2022","17","45","5","900"
"fc97cf315e3cf836c697a2145490217f","6788","2022-10-07T17:45:00.000","6TH ST / RED RIVER ST","WESTBOUND","THRU","false","106","30.094","15.982","5.344","8.652","10","7","2022","17","45","5","900"
"7fe8f402fb1d39c1176d4e004b6ef77c","6788","2022-10-07T17:45:00.000","6TH ST / RED RIVER ST","WESTBOUND","THRU","true","17","29.647","13.162","6.753","11.435","10","7","2022","17","45","5","900"
"c5abbb23bdd962159a527a03476b9023","6788","2022-10-07T18:00:00.000","6TH ST / RED RIVER ST","NORTHBOUND","LEFT TURN","false","2","25.5","4.95","0.7","0.141","10","7","2022","18","0","5","900"
"dce8a6a523c0149cd78ccca00b1517bc","6788","2022-10-07T18:00:00.000","6TH ST / RED RIVER ST","NORTHBOUND","LEFT TURN","true","1","25.0","0.0","0.7","0.0","10","7","2022","18","0","5","900"
"49929a8e85077226693d9724269d45c6","6788","2022-10-07T18:00:00.000","6TH ST / RED RIVER ST","SOUTHBOUND","RIGHT TURN","false","5","8.0","2.55","11.84","17.247","10","7","2022","18","0","5","900"
"7bb9d557f4b4e6120c3d40d396345175","6788","2022-10-07T18:00:00.000","6TH ST / RED RIVER ST","SOUTHBOUND","THRU","false","7","15.0","6.377","6.929","16.222","10","7","2022","18","0","5","900"
"ed31c0bf22ef42eeec28cc25b8f52481","6788","2022-10-07T18:00:00.000","6TH ST / RED RIVER ST","WESTBOUND","RIGHT TURN","false","4","13.75","13.15","7.025","2.836","10","7","2022","18","0","5","900"
"fc1b6e7f1122200aadfe3d1b583fa250","6788","2022-10-07T18:00:00.000","6TH ST / RED RIVER ST","WESTBOUND","THRU","false","87","31.184","17.16","5.97","9.243","10","7","2022","18","0","5","900"
"522cc3b4cb8dea12b573c813809314fe","6788","2022-10-07T18:00:00.000","6TH ST / RED RIVER ST","WESTBOUND","THRU","true","16","33.938","20.93","4.144","7.068","10","7","2022","18","0","5","900"
"0b08c4b70721f1d45e070cac05120e62","6788","2022-10-07T18:15:00.000","6TH ST / RED RIVER ST","NORTHBOUND","LEFT TURN","false","1","19.0","0.0","0.7","0.0","10","7","2022","18","15","5","900"
"81fc24734ccbdbddec8658e340f455ba","6788","2022-10-07T18:15:00.000","6TH ST / RED RIVER ST","NORTHBOUND","LEFT TURN","true","1","23.0","0.0","0.5","0.0","10","7","2022","18","15","5","900"
"a51cced1bf64342054b68e4b16a5ee68","6788","2022-10-07T18:15:00.000","6TH ST / RED RIVER ST","SOUTHBOUND","RIGHT TURN","false","3","4.0","4.0","5.433","8.198","10","7","2022","18","15","5","900"
"0eed1d6eb42e587a0f283416a048527e","6788","2022-10-07T18:15:00.000","6TH ST / RED RIVER ST","SOUTHBOUND","THRU","false","8","11.0","4.504","11.738","18.561","10","7","2022","18","15","5","900"
"7e1ca3212786e96d763f3a7ead22ce4b","6788","2022-10-07T18:15:00.000","6TH ST / RED RIVER ST","WESTBOUND","LEFT TURN","false","2","12.5","2.121","1.8","1.273","10","7","2022","18","15","5","900"
"b098c518a125cf173c2ada9a917e0d92","6788","2022-10-07T18:15:00.000","6TH ST / RED RIVER ST","WESTBOUND","LEFT TURN","true","1","25.0","0.0","14.2","0.0","10","7","2022","18","15","5","900"
"9ba88f56deaa9b9048045744d2acd0dd","6788","2022-10-07T18:15:00.000","6TH ST / RED RIVER ST","WESTBOUND","RIGHT TURN","false","3","3.333","5.774","2.867","1.793","10","7","2022","18","15","5","900"
"ba24ebe03d4aa7bc52f2ae50642ed7c0","6788","2022-10-07T18:15:00.000","6TH ST / RED RIVER ST","WESTBOUND","THRU","false","93","35.151","18.813","5.315","8.724","10","7","2022","18","15","5","900"
"5a8981194ee95c227adb18199524aee4","6788","2022-10-07T18:15:00.000","6TH ST / RED RIVER ST","WESTBOUND","THRU","true","11","29.364","14.712","9.245","11.12","10","7","2022","18","15","5","900"
"04169db6256f331dca1495d07cc5904a","6788","2022-10-07T18:30:00.000","6TH ST / RED RIVER ST","NORTHBOUND","LEFT TURN","false","5","22.0","4.69","0.66","0.428","10","7","2022","18","30","5","900"
"c3e0d7e96e0cc78fc4dddf65514d5018","6788","2022-10-07T18:30:00.000","6TH ST / RED RIVER ST","SOUTHBOUND","RIGHT TURN","false","4","21.75","31.106","0.95","1.047","10","7","2022","18","30","5","900"
"4ea6b30e8c2f7ec85624b4e8d3767ad4","6788","2022-10-07T18:30:00.000","6TH ST / RED RIVER ST","SOUTHBOUND","THRU","false","7","13.857","5.786","7.514","15.053","10","7","2022","18","30","5","900"
"4335dcd5bb6e046a4afab692730adaeb","6788","2022-10-07T18:30:00.000","6TH ST / RED RIVER ST","WESTBOUND","LEFT TURN","false","3","23.333","5.508","0.4","0.52","10","7","2022","18","30","5","900"
"49b953ff07fd418508293e49a88ead9e","6788","2022-10-07T18:30:00.000","6TH ST / RED RIVER ST","WESTBOUND","LEFT TURN","true","1","63.0","0.0","0.2","0.0","10","7","2022","18","30","5","900"
"ee9a5f686c911c92e931188196f3a72e","6788","2022-10-07T18:30:00.000","6TH ST / RED RIVER ST","WESTBOUND","RIGHT TURN","false","8","16.5","7.838","7.125","6.871","10","7","2022","18","30","5","900"
"5444f057c1ebdca89c1712bf74feac3a","6788","2022-10-07T18:30:00.000","6TH ST / RED RIVER ST","WESTBOUND","THRU","false","98","32.51","14.821","4.948","7.503","10","7","2022","18","30","5","900"
"d86a91b039400305bc571c17be952db1","6788","2022-10-07T18:30:00.000","6TH ST / RED RIVER ST","WESTBOUND","THRU","true","18","30.833","12.84","3.261","7.361","10","7","2022","18","30","5","900"
"c4abdb5fd99663f73029a322cc3ab1f6","6788","2022-10-07T18:45:00.000","6TH ST / RED RIVER ST","NORTHBOUND","LEFT TURN","false","6","13.167","6.882","0.767","0.489","10","7","2022","18","45","5","900"
"8a72ef1f9e4a3ab90bdbb23073354e8a","6788","2022-10-07T18:45:00.000","6TH ST / RED RIVER ST","NORTHBOUND","LEFT TURN","true","1","18.0","0.0","0.9","0.0","10","7","2022","18","45","5","900"
"1697b74c65623515abd518cb97f90d06","6788","2022-10-07T18:45:00.000","6TH ST / RED RIVER ST","SOUTHBOUND","RIGHT TURN","false","11","5.273","3.165","4.255","9.531","10","7","2022","18","45","5","900"
"a5440399eb28bfdb36a26e0e1b00322a","6788","2022-10-07T18:45:00.000","6TH ST / RED RIVER ST","SOUTHBOUND","THRU","false","10","16.7","18.221","9.14","17.916","10","7","2022","18","45","5","900"
"775d42f56891323fbce063d6f02033d6","6788","2022-10-07T18:45:00.000","6TH ST / RED RIVER ST","WESTBOUND","LEFT TURN","false","3","33.0","6.083","0.467","0.289","10","7","2022","18","45","5","900"
"ece1a30ac88f3bff8c37ea9c4037312d","6788","2022-10-07T18:45:00.000","6TH ST / RED RIVER ST","WESTBOUND","LEFT TURN","true","2","21.5","7.778","1.2","0.283","10","7","2022","18","45","5","900"
"0b0a6e88c224c5ac3972eb50f2f1c8e5","6788","2022-10-07T18:45:00.000","6TH ST / RED RIVER ST","WESTBOUND","RIGHT TURN","false","10","15.8","13.596","13.21","12.226","10","7","2022","18","45","5","900"
"4fa80ee8c5bb909b0f9ab532230f51b9","6788","2022-10-07T18:45:00.000","6TH ST / RED RIVER ST","WESTBOUND","RIGHT TURN","true","2","17.5","6.364","2.05","0.495","10","7","2022","18","45","5","900"
"3c80e2717f59513b7929315249ef3d2d","6788","2022-10-07T18:45:00.000","6TH ST / RED RIVER ST","WESTBOUND","THRU","false","123","34.837","16.049","4.111","7.75","10","7","2022","18","45","5","900"
"4ef7b9f7e3c6784166751efad6ccf1d9","6788","2022-10-07T18:45:00.000","6TH ST / RED RIVER ST","WESTBOUND","THRU","true","27","28.63","12.201","2.333","4.908","10","7","2022","18","45","5","900"
"f108d77064273d26261bd62205437ff5","6788","2022-10-07T19:00:00.000","6TH ST / RED RIVER ST","NORTHBOUND","LEFT TURN","false","2","23.0","5.657","0.5","0.566","10","7","2022","19","0","5","900"
"d77021a277577f1d7155ea6214ebe405","6788","2022-10-07T19:00:00.000","6TH ST / RED RIVER ST","SOUTHBOUND","LEFT TURN","false","1","9.0","0.0","0.2","0.0","10","7","2022","19","0","5","900"
"15998ba6d6df2858d239a1743f57d7cf","6788","2022-10-07T19:00:00.000","6TH ST / RED RIVER ST","SOUTHBOUND","RIGHT TURN","false","5","5.6","1.517","2.06","2.729","10","7","2022","19","0","5","900"
"98a5cc124034daa25ee35948a6563fde","6788","2022-10-07T19:00:00.000","6TH ST / RED RIVER ST","SOUTHBOUND","THRU","false","12","19.833","20.542","15.483","18.664","10","7","2022","19","0","5","900"
"20330c379e69c3d745d7ce45ed516bce","6788","2022-10-07T19:00:00.000","6TH ST / RED RIVER ST","WESTBOUND","RIGHT TURN","false","1","33.0","0.0","1.8","0.0","10","7","2022","19","0","5","900"
"4a77a31cda0e371d1ee0ee1243aac228","6788","2022-10-07T19:00:00.000","6TH ST / RED RIVER ST","WESTBOUND","RIGHT TURN","true","1","6.0","0.0","5.8","0.0","10","7","2022","19","0","5","900"
"5de26ea97348c5b21fcfe8eddc415416","6788","2022-10-07T19:00:00.000","6TH ST / RED RIVER ST","WESTBOUND","THRU","false","110","31.427","14.034","4.015","7.274","10","7","2022","19","0","5","900"
"c7ad7ccf96949afab5dd35abab6658b1","6788","2022-10-07T19:00:00.000","6TH ST / RED RIVER ST","WESTBOUND","THRU","true","20","27.05","10.169","5.29","8.312","10","7","2022","19","0","5","900"
"e76638e0d3b1e18fb3f04fc5fb0f344f","6788","2022-10-07T19:15:00.000","6TH ST / RED RIVER ST","NORTHBOUND","LEFT TURN","false","2","12.0","14.142","0.9","0.0","10","7","2022","19","15","5","900"
"2573de5b374af36c34c26ea3707ad666","6788","2022-10-07T19:15:00.000","6TH ST / RED RIVER ST","NORTHBOUND","LEFT TURN","true","1","18.0","0.0","0.5","0.0","10","7","2022","19","15","5","900"
"12c8962cf07e1ccef564a79cad21b8a5","6788","2022-10-07T19:15:00.000","6TH ST / RED RIVER ST","SOUTHBOUND","RIGHT TURN","false","3","7.667","3.512","13.833","20.966","10","7","2022","19","15","5","900"
"dbf73ba12020277e999b75592ad534cb","6788","2022-10-07T19:15:00.000","6TH ST / RED RIVER ST","SOUTHBOUND","THRU","false","7","21.857","22.394","10.157","16.108","10","7","2022","19","15","5","900"
"ccb282a5fb3a0627382dba060f9d966f","6788","2022-10-07T19:15:00.000","6TH ST / RED RIVER ST","WESTBOUND","RIGHT TURN","false","2","29.5","17.678","15.05","18.455","10","7","2022","19","15","5","900"
"b18e5a202f4f4f9e43b6a5b99d8528ec","6788","2022-10-07T19:15:00.000","6TH ST / RED RIVER ST","WESTBOUND","THRU","false","37","27.622","16.402","38.886","169.386","10","7","2022","19","15","5","900"
"d8216644ac05e464b84768a682a0eccf","6788","2022-10-07T19:15:00.000","6TH ST / RED RIVER ST","WESTBOUND","THRU","true","6","30.333","9.873","5.5","10.837","10","7","2022","19","15","5","900"
"286553f045d816508caa9ac325cb3bab","6788","2022-10-07T19:30:00.000","6TH ST / RED RIVER ST","NORTHBOUND","LEFT TURN","false","3","13.667","3.215","0.233","0.115","10","7","2022","19","30","5","900"
"0923e0d72a9a4013d5eee09c6dc950c6","6788","2022-10-07T19:30:00.000","6TH ST / RED RIVER ST","SOUTHBOUND","THRU","false","11","14.364","4.13","18.364","29.711","10","7","2022","19","30","5","900"
"43a9b047487b09b4c68495a14e382310","6788","2022-10-07T19:30:00.000","6TH ST / RED RIVER ST","SOUTHBOUND","THRU","true","1","8.0","0.0","1.0","0.0","10","7","2022","19","30","5","900"
"4cc0e940fdb22cc125064e2bc0fa0b8a","6788","2022-10-07T19:30:00.000","6TH ST / RED RIVER ST","WESTBOUND","LEFT TURN","false","2","20.0","18.385","22.05","29.204","10","7","2022","19","30","5","900"
"a71af27ef62770fc5afdae32cdd611df","6788","2022-10-07T19:30:00.000","6TH ST / RED RIVER ST","WESTBOUND","RIGHT TURN","false","5","15.6","12.095","10.8","13.162","10","7","2022","19","30","5","900"
"398311a3bb56d1fb0cc8da2575af2c8d","6788","2022-10-07T19:30:00.000","6TH ST / RED RIVER ST","WESTBOUND","RIGHT TURN","true","3","24.0","4.583","3.1","0.608","10","7","2022","19","30","5","900"
"51889328f6060536a2969a0a40b79403","6788","2022-10-07T19:30:00.000","6TH ST / RED RIVER ST","WESTBOUND","THRU","false","94","30.787","15.183","9.409","27.998","10","7","2022","19","30","5","900"
"90ea94f1fad1fa769a036be2681301b5","6788","2022-10-07T19:30:00.000","6TH ST / RED RIVER ST","WESTBOUND","THRU","true","16","25.188","10.329","9.444","14.685","10","7","2022","19","30","5","900"
"ff7ca4a7b5fb2248e1382080590f82f0","6788","2022-10-07T19:45:00.000","6TH ST / RED RIVER ST","NORTHBOUND","LEFT TURN","false","2","16.0","4.243","0.25","0.212","10","7","2022","19","45","5","900"
"d57dc99517272b183be7b7bca1f9fc37","6788","2022-10-07T19:45:00.000","6TH ST / RED RIVER ST","NORTHBOUND","THRU","true","1","24.0","0.0","0.3","0.0","10","7","2022","19","45","5","900"
"ad4d480f8e6c014d7536c1e196c5b954","6788","2022-10-07T19:45:00.000","6TH ST / RED RIVER ST","SOUTHBOUND","RIGHT TURN","false","8","6.625","3.204","9.738","11.907","10","7","2022","19","45","5","900"
"ebffb4b4e2d2f1a1ce8363283109cd85","6788","2022-10-07T19:45:00.000","6TH ST / RED RIVER ST","SOUTHBOUND","RIGHT TURN","true","1","6.0","0.0","0.5","0.0","10","7","2022","19","45","5","900"
"93097da8c8b61791a36dfb1d7637ae77","6788","2022-10-07T19:45:00.000","6TH ST / RED RIVER ST","SOUTHBOUND","THRU","false","7","8.429","5.968","2.7","3.703","10","7","2022","19","45","5","900"
"00d0295e2b5246830ad4a21e8c27bdfa","6788","2022-10-07T19:45:00.000","6TH ST / RED RIVER ST","WESTBOUND","LEFT TURN","false","1","27.0","0.0","0.3","0.0","10","7","2022","19","45","5","900"
"59f40ec20636d6fdbdb92a082707b289","6788","2022-10-07T19:45:00.000","6TH ST / RED RIVER ST","WESTBOUND","LEFT TURN","true","1","5.0","0.0","0.1","0.0","10","7","2022","19","45","5","900"
"bb776680a62128b8af145efc4d4563f2","6788","2022-10-07T19:45:00.000","6TH ST / RED RIVER ST","WESTBOUND","RIGHT TURN","false","3","18.667","4.041","7.733","3.232","10","7","2022","19","45","5","900"
"a82ebcb71e57f71b7bcb45e293f7eb33","6788","2022-10-07T19:45:00.000","6TH ST / RED RIVER ST","WESTBOUND","THRU","false","92","34.978","16.727","6.686","21.127","10","7","2022","19","45","5","900"
"49e2ab77bd024c9a20f36d7f0718c148","6788","2022-10-07T19:45:00.000","6TH ST / RED RIVER ST","WESTBOUND","THRU","true","14","28.214","16.917","3.193","4.435","10","7","2022","19","45","5","900"
"0aa788492e061e18b04ea5c02791dc4e","6788","2022-10-07T19:45:00.000","6TH ST / RED RIVER ST","WESTBOUND","U-TURN","false","1","8.0","0.0","3.9","0.0","10","7","2022","19","45","5","900"
"1e978947b32c0c3d0e739c9f79949217","6788","2022-10-07T20:00:00.000","6TH ST / RED RIVER ST","NORTHBOUND","LEFT TURN","false","6","13.333","3.559","0.633","0.819","10","7","2022","20","0","5","900"
"48cd50769ca0ad129309ce395500455b","6788","2022-10-07T20:00:00.000","6TH ST / RED RIVER ST","NORTHBOUND","LEFT TURN","true","2","10.5","13.435","9.55","13.223","10","7","2022","20","0","5","900"
"b6d080632b959e5d082d87e9a606747d","6788","2022-10-07T20:00:00.000","6TH ST / RED RIVER ST","NORTHBOUND","RIGHT TURN","false","1","19.0","0.0","54.6","0.0","10","7","2022","20","0","5","900"
"49278c132c2cd691638c5ca05dcbc725","6788","2022-10-07T20:00:00.000","6TH ST / RED RIVER ST","NORTHBOUND","THRU","false","1","18.0","0.0","0.2","0.0","10","7","2022","20","0","5","900"
"19e5d3d349096b96e13dd3ac8b26f9cc","6788","2022-10-07T20:00:00.000","6TH ST / RED RIVER ST","NORTHBOUND","THRU","true","1","11.0","0.0","0.1","0.0","10","7","2022","20","0","5","900"
"674031a5d5aaccde1bf0f8107d4f6643","6788","2022-10-07T20:00:00.000","6TH ST / RED RIVER ST","SOUTHBOUND","RIGHT TURN","false","1","8.0","0.0","8.5","0.0","10","7","2022","20","0","5","900"
"73ca30de2c13c55aa9a1215382855ade","6788","2022-10-07T20:00:00.000","6TH ST / RED RIVER ST","SOUTHBOUND","THRU","false","5","9.8","5.167","21.94","28.805","10","7","2022","20","0","5","900"
"1393770e52b4c99f0d0f12a51c058329","6788","2022-10-07T20:00:00.000","6TH ST / RED RIVER ST","SOUTHBOUND","THRU","true","2","10.0","1.414","5.9","7.354","10","7","2022","20","0","5","900"
"7f13813b7a58a92a79b28fb476beef42","6788","2022-10-07T20:00:00.000","6TH ST / RED RIVER ST","WESTBOUND","LEFT TURN","false","3","39.667","13.65","0.533","0.058","10","7","2022","20","0","5","900"
"bd91e765fb95a2cfbfb5ae7e4acc981a","6788","2022-10-07T20:00:00.000","6TH ST / RED RIVER ST","WESTBOUND","RIGHT TURN","false","3","30.667","7.506","2.233","1.89","10","7","2022","20","0","5","900"
"ceb1cdfeb931cc3a1d5ee8311516d96e","6788","2022-10-07T20:00:00.000","6TH ST / RED RIVER ST","WESTBOUND","THRU","false","103","35.165","16.973","3.932","8.773","10","7","2022","20","0","5","900"
"82b5fd180b07f284a258264b6b33fd32","6788","2022-10-07T20:00:00.000","6TH ST / RED RIVER ST","WESTBOUND","THRU","true","17","35.0","10.794","4.153","10.505","10","7","2022","20","0","5","900"
"3f85beca86e4c4f29bf3759d474e468a","6788","2022-10-07T20:15:00.000","6TH ST / RED RIVER ST","NORTHBOUND","LEFT TURN","false","3","14.667","2.887","0.833","0.666","10","7","2022","20","15","5","900"
"f987bba2fbefe05f1db399f43bc3a0bf","6788","2022-10-07T20:15:00.000","6TH ST / RED RIVER ST","NORTHBOUND","LEFT TURN","true","1","21.0","0.0","0.3","0.0","10","7","2022","20","15","5","900"
"d013b9a6d4f69b8db476edb99eab03db","6788","2022-10-07T20:15:00.000","6TH ST / RED RIVER ST","SOUTHBOUND","RIGHT TURN","false","2","17.0","14.142","35.95","50.134","10","7","2022","20","15","5","900"
"5f3305512f7690793ff33e285f3e9c65","6788","2022-10-07T20:15:00.000","6TH ST / RED RIVER ST","SOUTHBOUND","THRU","false","7","12.143","4.706","1.929","3.096","10","7","2022","20","15","5","900"
"a23a0ca0f81e1e2f51157a6541ebf639","6788","2022-10-07T20:15:00.000","6TH ST / RED RIVER ST","SOUTHBOUND","THRU","true","1","19.0","0.0","57.1","0.0","10","7","2022","20","15","5","900"
"672575dcdae835f269c8898d017d790a","6788","2022-10-07T20:15:00.000","6TH ST / RED RIVER ST","WESTBOUND","LEFT TURN","false","1","5.0","0.0","48.3","0.0","10","7","2022","20","15","5","900"
"70b2dbe0a5296b6b5e03cd8c31c8ef29","6788","2022-10-07T20:15:00.000","6TH ST / RED RIVER ST","WESTBOUND","LEFT TURN","true","1","11.0","0.0","1.5","0.0","10","7","2022","20","15","5","900"
"4abfd9293f548d450b656d16ddfe217b","6788","2022-10-07T20:15:00.000","6TH ST / RED RIVER ST","WESTBOUND","RIGHT TURN","false","9","11.889","8.253","8.278","14.019","10","7","2022","20","15","5","900"
"3b383110e2692fb58aa9cc0e2fc1aaa6","6788","2022-10-07T20:15:00.000","6TH ST / RED RIVER ST","WESTBOUND","THRU","false","91","34.978","16.024","3.886","9.336","10","7","2022","20","15","5","900"
"84fbb23be92017aa6ed74ee5c137ca59","6788","2022-10-07T20:15:00.000","6TH ST / RED RIVER ST","WESTBOUND","THRU","true","25","27.52","12.63","5.032","11.375","10","7","2022","20","15","5","900"
"4eb9d6cefae2566242895c7c032ad53f","6788","2022-10-07T20:30:00.000","6TH ST / RED RIVER ST","NORTHBOUND","LEFT TURN","false","1","2.0","0.0","0.4","0.0","10","7","2022","20","30","5","900"
"2c06b0aa3502d15c5f684bb1b8b5736f","6788","2022-10-07T20:30:00.000","6TH ST / RED RIVER ST","NORTHBOUND","THRU","true","1","25.0","0.0","55.7","0.0","10","7","2022","20","30","5","900"
"f8e0e8dfdaa832821d058050a163b931","6788","2022-10-07T20:30:00.000","6TH ST / RED RIVER ST","SOUTHBOUND","RIGHT TURN","true","1","8.0","0.0","2.8","0.0","10","7","2022","20","30","5","900"
"ee6e81e8b0ac5a06112c608f1d94c423","6788","2022-10-07T20:30:00.000","6TH ST / RED RIVER ST","SOUTHBOUND","THRU","false","4","9.0","0.816","42.9","49.546","10","7","2022","20","30","5","900"
"308d53396b9cd318eb76d64df7d8ee6a","6788","2022-10-07T20:30:00.000","6TH ST / RED RIVER ST","SOUTHBOUND","THRU","true","4","6.25","2.754","6.05","8.596","10","7","2022","20","30","5","900"
"63ec7b33d40230c1690dc0e0d29e9e13","6788","2022-10-07T20:30:00.000","6TH ST / RED RIVER ST","WESTBOUND","LEFT TURN","false","25","20.76","20.781","8.136","12.604","10","7","2022","20","30","5","900"
"42b5b9788bfbd1d5064233f065dfcad0","6788","2022-10-07T20:30:00.000","6TH ST / RED RIVER ST","WESTBOUND","LEFT TURN","true","3","7.0","12.124","1.7","0.1","10","7","2022","20","30","5","900"
"efe6b9440ae955a82c51a5e95a586be6","6788","2022-10-07T20:30:00.000","6TH ST / RED RIVER ST","WESTBOUND","RIGHT TURN","false","20","7.1","9.055","6.925","5.231","10","7","2022","20","30","5","900"
"f83fec6ab984070fb4cf8e691bfb5976","6788","2022-10-07T20:30:00.000","6TH ST / RED RIVER ST","WESTBOUND","RIGHT TURN","true","8","4.25","7.206","7.9","11.155","10","7","2022","20","30","5","900"
"6d163b02e17fbab3aaee66426a7f3a01","6788","2022-10-07T20:30:00.000","6TH ST / RED RIVER ST","WESTBOUND","THRU","false","31","30.323","23.717","5.619","10.741","10","7","2022","20","30","5","900"
"eb754bfc7338f00add9095e70b27e443","6788","2022-10-07T20:30:00.000","6TH ST / RED RIVER ST","WESTBOUND","THRU","true","19","15.211","10.82","6.632","11.136","10","7","2022","20","30","5","900"
"23f8859342927d6e3ba6bdd6515e3aa1","6788","2022-10-07T20:30:00.000","6TH ST / RED RIVER ST","WESTBOUND","U-TURN","false","1","33.0","0.0","0.7","0.0","10","7","2022","20","30","5","900"
"30aff0ecabff137bfebf32999c03849b","6788","2022-10-07T20:45:00.000","6TH ST / RED RIVER ST","NORTHBOUND","THRU","true","1","23.0","0.0","0.1","0.0","10","7","2022","20","45","5","900"
"97799ff3818c892ea29b4db381615a2e","6788","2022-10-07T20:45:00.000","6TH ST / RED RIVER ST","SOUTHBOUND","THRU","false","17","9.118","2.87","12.194","23.866","10","7","2022","20","45","5","900"
"db02c462e82e3c097a6e1d2ff3ddac49","6788","2022-10-07T20:45:00.000","6TH ST / RED RIVER ST","SOUTHBOUND","THRU","true","4","10.5","2.38","21.125","39.719","10","7","2022","20","45","5","900"
"cdfb386d6667ad3390d5021ac4d37a08","6788","2022-10-07T20:45:00.000","6TH ST / RED RIVER ST","WESTBOUND","LEFT TURN","false","26","22.692","17.814","3.523","5.753","10","7","2022","20","45","5","900"
"1c6c3b7c108621743bd7a93fabffe1c8","6788","2022-10-07T20:45:00.000","6TH ST / RED RIVER ST","WESTBOUND","LEFT TURN","true","5","23.8","12.194","7.2","15.378","10","7","2022","20","45","5","900"
"ae9028cdfadaa17450f83c6423ee41d2","6788","2022-10-07T20:45:00.000","6TH ST / RED RIVER ST","WESTBOUND","RIGHT TURN","false","27","7.889","8.903","16.489","16.917","10","7","2022","20","45","5","900"
"210ac312aa5690fe48a72f3009388cc7","6788","2022-10-07T20:45:00.000","6TH ST / RED RIVER ST","WESTBOUND","RIGHT TURN","true","3","17.333","4.726","8.467","8.467","10","7","2022","20","45","5","900"
"85a0653d7f2bfcbc7c24290a0ec73dee","6788","2022-10-07T20:45:00.000","6TH ST / RED RIVER ST","WESTBOUND","THRU","false","5","13.8","11.212","3.66","5.823","10","7","2022","20","45","5","900"
"8d1d55b607e32b27b9433ebfda62d35a","6788","2022-10-07T20:45:00.000","6TH ST / RED RIVER ST","WESTBOUND","THRU","true","13","16.769","18.102","15.531","17.377","10","7","2022","20","45","5","900"
"3c0a6f8bd18b19ed5d3b99d0ae6c9d87","6788","2022-10-07T20:45:00.000","6TH ST / RED RIVER ST","WESTBOUND","U-TURN","false","1","14.0","0.0","0.3","0.0","10","7","2022","20","45","5","900"
"50d5843631ba1b739805cca6faa79d75","6788","2022-10-07T21:00:00.000","6TH ST / RED RIVER ST","NORTHBOUND","LEFT TURN","false","1","2.0","0.0","0.4","0.0","10","7","2022","21","0","5","900"
"709b975a9bd700e6155a13b4618679c5","6788","2022-10-07T21:00:00.000","6TH ST / RED RIVER ST","SOUTHBOUND","THRU","false","16","10.375","4.455","12.812","24.393","10","7","2022","21","0","5","900"
"ef5b84cb0ff2b4b3f19f6d8e6ad0082c","6788","2022-10-07T21:00:00.000","6TH ST / RED RIVER ST","WESTBOUND","LEFT TURN","false","19","18.947","10.309","7.795","13.911","10","7","2022","21","0","5","900"
"4804e62b81f6524347f89ad562845176","6788","2022-10-07T21:00:00.000","6TH ST / RED RIVER ST","WESTBOUND","LEFT TURN","true","10","26.6","30.533","1.7","3.662","10","7","2022","21","0","5","900"
"eeddb2666a5c1365e8cc688ef8e14b97","6788","2022-10-07T21:00:00.000","6TH ST / RED RIVER ST","WESTBOUND","RIGHT TURN","false","23","11.391","11.598","11.135","10.641","10","7","2022","21","0","5","900"
"555ab78fe09d2ca8ac28ccd5a383a044","6788","2022-10-07T21:00:00.000","6TH ST / RED RIVER ST","WESTBOUND","RIGHT TURN","true","3","8.333","10.408","4.733","1.365","10","7","2022","21","0","5","900"
"5d807b595aa2e768c62f925bb6f3a816","6788","2022-10-07T21:00:00.000","6TH ST / RED RIVER ST","WESTBOUND","THRU","false","8","7.5","9.739","13.012","15.001","10","7","2022","21","0","5","900"
"e4ae06d99f95798256974a12127343ae","6788","2022-10-07T21:00:00.000","6TH ST / RED RIVER ST","WESTBOUND","THRU","true","10","9.6","8.733","10.85","10.716","10","7","2022","21","0","5","900"
"f8ccc349054d14734d8f428ded5d8259","6788","2022-10-07T21:15:00.000","6TH ST / RED RIVER ST","SOUTHBOUND","THRU","false","2","9.0","2.828","345.0","480.974","10","7","2022","21","15","5","900"
"0f08e61aa79a86a40fc53194f639d4fd","6788","2022-10-07T21:15:00.000","6TH ST / RED RIVER ST","WESTBOUND","LEFT TURN","false","9","20.333","13.82","1.456","0.955","10","7","2022","21","15","5","900"
"352364c9f91a095fca73590b6af944d7","6788","2022-10-07T21:15:00.000","6TH ST / RED RIVER ST","WESTBOUND","LEFT TURN","true","1","0.0","0.0","91.7","0.0","10","7","2022","21","15","5","900"
"b4a1fed8168dbddfdee201320e910fd6","6788","2022-10-07T21:15:00.000","6TH ST / RED RIVER ST","WESTBOUND","RIGHT TURN","false","16","8.125","8.801","5.356","2.908","10","7","2022","21","15","5","900"
"08e8ccba0fa01c7f295fdbb07cd55ce8","6788","2022-10-07T21:15:00.000","6TH ST / RED RIVER ST","WESTBOUND","RIGHT TURN","true","10","10.2","10.315","16.06","26.945","10","7","2022","21","15","5","900"
"dccfec65035f83b2d47a9bc28dc85a46","6788","2022-10-07T21:15:00.000","6TH ST / RED RIVER ST","WESTBOUND","THRU","false","8","16.25","10.068","6.863","10.678","10","7","2022","21","15","5","900"
"3f15d1eeef1c8e8f1e1bb338c321170b","6788","2022-10-07T21:15:00.000","6TH ST / RED RIVER ST","WESTBOUND","THRU","true","13","11.154","8.905","11.192","21.908","10","7","2022","21","15","5","900"
"ba81d962c6dc0eafed894c31bb3849b5","6788","2022-10-07T21:30:00.000","6TH ST / RED RIVER ST","NORTHBOUND","U-TURN","false","1","2.0","0.0","0.7","0.0","10","7","2022","21","30","5","900"
"74b7adba78339f9c12b26e3e19a6a675","6788","2022-10-07T21:30:00.000","6TH ST / RED RIVER ST","SOUTHBOUND","THRU","false","9","7.222","2.386","64.4","146.693","10","7","2022","21","30","5","900"
"df21430d900a731990ac20a7b6d99775","6788","2022-10-07T21:30:00.000","6TH ST / RED RIVER ST","WESTBOUND","LEFT TURN","false","19","19.0","12.45","4.505","12.164","10","7","2022","21","30","5","900"
"169ffa564180cfd92a78a725a6775b50","6788","2022-10-07T21:30:00.000","6TH ST / RED RIVER ST","WESTBOUND","LEFT TURN","true","6","30.333","31.948","9.7","20.642","10","7","2022","21","30","5","900"
"b34d1a0566b76979bdc5551fc52864eb","6788","2022-10-07T21:30:00.000","6TH ST / RED RIVER ST","WESTBOUND","RIGHT TURN","false","11","7.0","7.849","46.745","75.77","10","7","2022","21","30","5","900"
"c4cf6e8ba548b17fde3d07ab8cd9db64","6788","2022-10-07T21:30:00.000","6TH ST / RED RIVER ST","WESTBOUND","RIGHT TURN","true","3","31.333","45.884","3.0","0.889","10","7","2022","21","30","5","900"
"75015e6cc493d1532855c0f9f4b73688","6788","2022-10-07T21:30:00.000","6TH ST / RED RIVER ST","WESTBOUND","THRU","false","7","19.571","19.398","15.057","28.945","10","7","2022","21","30","5","900"
"ab89bd9a6f565794bf1cc5a324ff0680","6788","2022-10-07T21:30:00.000","6TH ST / RED RIVER ST","WESTBOUND","THRU","true","12","15.333","24.999","13.267","15.132","10","7","2022","21","30","5","900"
"5377615cdbcdf06a0150c2fca42343b4","6788","2022-10-07T21:45:00.000","6TH ST / RED RIVER ST","SOUTHBOUND","THRU","false","19","8.789","3.155","4.032","9.144","10","7","2022","21","45","5","900"
"e421d12a0009741271af19bc419a2f7e","6788","2022-10-07T21:45:00.000","6TH ST / RED RIVER ST","SOUTHBOUND","THRU","true","1","13.0","0.0","1.3","0.0","10","7","2022","21","45","5","900"
"29dff94d62676c2596d2f4e27b6e88ac","6788","2022-10-07T21:45:00.000","6TH ST / RED RIVER ST","WESTBOUND","LEFT TURN","false","14","17.286","14.783","9.571","22.356","10","7","2022","21","45","5","900"
"ebbb2e2137f043763f50b83407c23e26","6788","2022-10-07T21:45:00.000","6TH ST / RED RIVER ST","WESTBOUND","LEFT TURN","true","5","15.6","15.274","8.72","17.989","10","7","2022","21","45","5","900"
"ce897707238075937e38c78f183cd357","6788","2022-10-07T21:45:00.000","6TH ST / RED RIVER ST","WESTBOUND","RIGHT TURN","false","22","5.273","7.586","21.036","24.202","10","7","2022","21","45","5","900"
"d8cc4547135f4ebab3287bbe4d41964a","6788","2022-10-07T21:45:00.000","6TH ST / RED RIVER ST","WESTBOUND","RIGHT TURN","true","6","5.5","7.688","13.417","10.109","10","7","2022","21","45","5","900"
"a29006eddd4a04936f1d8e34f3293f7c","6788","2022-10-07T21:45:00.000","6TH ST / RED RIVER ST","WESTBOUND","THRU","false","7","5.714","7.91","37.586","22.551","10","7","2022","21","45","5","900"
"9255629e6aa2c73b9cc8f1b25623d87b","6788","2022-10-07T21:45:00.000","6TH ST / RED RIVER ST","WESTBOUND","THRU","true","4","0.0","0.0","19.475","17.108","10","7","2022","21","45","5","900"
"802012e1f3ae4517c7f4dba1be71b346","6788","2022-10-07T22:00:00.000","6TH ST / RED RIVER ST","NORTHBOUND","THRU","false","1","24.0","0.0","2.0","0.0","10","7","2022","22","0","5","900"
"657ca28467d2a9626b1abb11a8bcad9c","6788","2022-10-07T22:00:00.000","6TH ST / RED RIVER ST","SOUTHBOUND","THRU","false","15","9.4","2.501","7.807","26.733","10","7","2022","22","0","5","900"
"240612f0060cb8c37cbd995f48d57c71","6788","2022-10-07T22:00:00.000","6TH ST / RED RIVER ST","SOUTHBOUND","THRU","true","3","9.667","3.786","0.733","0.651","10","7","2022","22","0","5","900"
"2961c48ef3da99e9e832f3bfbe4c1329","6788","2022-10-07T22:00:00.000","6TH ST / RED RIVER ST","WESTBOUND","LEFT TURN","false","7","9.714","8.77","10.943","12.624","10","7","2022","22","0","5","900"
"1a1f879b6c54d7b36cb1c77eabf2303c","6788","2022-10-07T22:00:00.000","6TH ST / RED RIVER ST","WESTBOUND","LEFT TURN","true","1","12.0","0.0","53.2","0.0","10","7","2022","22","0","5","900"
"fe9b10bdfc7f465946ceda386084e235","6788","2022-10-07T22:00:00.000","6TH ST / RED RIVER ST","WESTBOUND","RIGHT TURN","false","25","6.68","9.375","16.7","19.472","10","7","2022","22","0","5","900"
"df63f0d3a1d2fcd876ee493ecd4e817f","6788","2022-10-07T22:00:00.000","6TH ST / RED RIVER ST","WESTBOUND","RIGHT TURN","true","6","4.833","7.653","22.85","26.556","10","7","2022","22","0","5","900"
"66b457ca5c2054a742ce729dee045602","6788","2022-10-07T22:00:00.000","6TH ST / RED RIVER ST","WESTBOUND","THRU","false","11","10.636","12.628","45.809","131.433","10","7","2022","22","0","5","900"
"d638c5be9240f5862b9de314cc5de803","6788","2022-10-07T22:00:00.000","6TH ST / RED RIVER ST","WESTBOUND","THRU","true","8","11.375","10.084","18.162","23.227","10","7","2022","22","0","5","900"
"d36fab8301596600480c1684aeff9720","6788","2022-10-07T22:15:00.000","6TH ST / RED RIVER ST","NORTHBOUND","THRU","false","2","25.0","26.87","1.55","1.626","10","7","2022","22","15","5","900"
"1a31750e672abfbd9261f288b1e80619","6788","2022-10-07T22:15:00.000","6TH ST / RED RIVER ST","SOUTHBOUND","THRU","false","14","9.357","1.55","57.943","190.098","10","7","2022","22","15","5","900"
"39145539adccbc582c4718153ad69609","6788","2022-10-07T22:15:00.000","6TH ST / RED RIVER ST","SOUTHBOUND","THRU","true","3","36.0","49.427","8.367","14.232","10","7","2022","22","15","5","900"
"4237593e972b1f5af10dafa298843eb6","6788","2022-10-07T22:15:00.000","6TH ST / RED RIVER ST","SOUTHBOUND","U-TURN","false","1","5.0","0.0","0.1","0.0","10","7","2022","22","15","5","900"
"f22078c113c00826210e8b7930a51c0a","6788","2022-10-07T22:15:00.000","6TH ST / RED RIVER ST","WESTBOUND","LEFT TURN","false","11","18.818","13.999","6.355","12.439","10","7","2022","22","15","5","900"
"030eb31bc9253ba21743b585773e381c","6788","2022-10-07T22:15:00.000","6TH ST / RED RIVER ST","WESTBOUND","LEFT TURN","true","5","21.8","10.305","12.58","16.143","10","7","2022","22","15","5","900"
"762dcead8ddd416d063f121d0d2cfa5d","6788","2022-10-07T22:15:00.000","6TH ST / RED RIVER ST","WESTBOUND","RIGHT TURN","false","19","5.579","8.871","15.842","24.339","10","7","2022","22","15","5","900"
"bfdaa81c9e4686dc666c20bd2cad5941","6788","2022-10-07T22:15:00.000","6TH ST / RED RIVER ST","WESTBOUND","RIGHT TURN","true","1","12.0","0.0","0.3","0.0","10","7","2022","22","15","5","900"
"79bbe26272c64527f668e6714a23c543","6788","2022-10-07T22:15:00.000","6TH ST / RED RIVER ST","WESTBOUND","THRU","false","9","8.222","8.686","26.144","41.228","10","7","2022","22","15","5","900"
"92b5b3fc88e3644da5380a9a441bf85a","6788","2022-10-07T22:15:00.000","6TH ST / RED RIVER ST","WESTBOUND","THRU","true","6","7.667","11.759","4.967","2.966","10","7","2022","22","15","5","900"
"6864590b67b2dc7f984549296474d8ca","6788","2022-10-07T22:30:00.000","6TH ST / RED RIVER ST","NORTHBOUND","LEFT TURN","false","1","18.0","0.0","0.2","0.0","10","7","2022","22","30","5","900"
"7ce31cd887c349a19d4664e7b10f0dbc","6788","2022-10-07T22:30:00.000","6TH ST / RED RIVER ST","SOUTHBOUND","LEFT TURN","false","2","12.0","1.414","2.3","2.687","10","7","2022","22","30","5","900"
"01af856994fcc1e29805492011e8a92b","6788","2022-10-07T22:30:00.000","6TH ST / RED RIVER ST","SOUTHBOUND","THRU","false","32","10.312","3.632","3.312","6.234","10","7","2022","22","30","5","900"
"9d3755815b9995c619d7769d70aaa5c2","6788","2022-10-07T22:30:00.000","6TH ST / RED RIVER ST","SOUTHBOUND","THRU","true","1","13.0","0.0","0.3","0.0","10","7","2022","22","30","5","900"
"caedead07e3f19a16702d3fa76aef949","6788","2022-10-07T22:30:00.000","6TH ST / RED RIVER ST","WESTBOUND","LEFT TURN","false","15","9.267","10.264","12.427","19.142","10","7","2022","22","30","5","900"
"b8762a54a0007327133694cf37f5ddbb","6788","2022-10-07T22:30:00.000","6TH ST / RED RIVER ST","WESTBOUND","LEFT TURN","true","4","16.5","20.141","2.65","2.834","10","7","2022","22","30","5","900"
"60ecb79a0c28ed5b28e9e87ea88327ac","6788","2022-10-07T22:30:00.000","6TH ST / RED RIVER ST","WESTBOUND","RIGHT TURN","false","18","4.278","7.315","33.983","52.022","10","7","2022","22","30","5","900"
"0cedd30d6c3f502cb44e007f74c8f077","6788","2022-10-07T22:30:00.000","6TH ST / RED RIVER ST","WESTBOUND","RIGHT TURN","true","5","0.0","0.0","24.96","33.423","10","7","2022","22","30","5","900"
"53006845e976601b35bbeb5e4570d1d9","6788","2022-10-07T22:30:00.000","6TH ST / RED RIVER ST","WESTBOUND","THRU","false","9","4.556","5.833","14.344","12.626","10","7","2022","22","30","5","900"
"9d14fda9216f027591164b19fa6a4625","6788","2022-10-07T22:30:00.000","6TH ST / RED RIVER ST","WESTBOUND","THRU","true","11","4.909","7.726","31.982","64.588","10","7","2022","22","30","5","900"
"dca491849c7ed3336540c44400c949b7","6788","2022-10-07T22:45:00.000","6TH ST / RED RIVER ST","NORTHBOUND","LEFT TURN","false","1","36.0","0.0","0.3","0.0","10","7","2022","22","45","5","900"
"fae6817feabe2cf6e5ff347a2304840b","6788","2022-10-07T22:45:00.000","6TH ST / RED RIVER ST","NORTHBOUND","THRU","true","2","20.5","4.95","0.4","0.424","10","7","2022","22","45","5","900"
"dbb239b387310f5f58d34f8bf4d3fcf4","6788","2022-10-07T22:45:00.000","6TH ST / RED RIVER ST","SOUTHBOUND","THRU","false","28","12.179","21.848","7.029","19.13","10","7","2022","22","45","5","900"
"24998512db04a1fb7fd016a7836151e3","6788","2022-10-07T22:45:00.000","6TH ST / RED RIVER ST","SOUTHBOUND","THRU","true","5","15.4","20.501","3.56","5.296","10","7","2022","22","45","5","900"
"59ef8b83bbb6ee14cad8e07b309f8919","6788","2022-10-07T22:45:00.000","6TH ST / RED RIVER ST","WESTBOUND","LEFT TURN","false","9","10.111","10.764","5.211","12.047","10","7","2022","22","45","5","900"
"b6a980fb4d1359ab74f823dfe563edaa","6788","2022-10-07T22:45:00.000","6TH ST / RED RIVER ST","WESTBOUND","LEFT TURN","true","2","7.0","9.899","0.7","0.849","10","7","2022","22","45","5","900"
"7d3f8d66d243744edf502684599474c3","6788","2022-10-07T22:45:00.000","6TH ST / RED RIVER ST","WESTBOUND","RIGHT TURN","false","11","4.727","6.724","36.173","60.495","10","7","2022","22","45","5","900"
"d24cb61b98dd94b9f2119be49ddeb5fb","6788","2022-10-07T22:45:00.000","6TH ST / RED RIVER ST","WESTBOUND","RIGHT TURN","true","4","4.75","7.089","60.425","63.794","10","7","2022","22","45","5","900"
"8432993b551977161a245a4f1a739359","6788","2022-10-07T22:45:00.000","6TH ST / RED RIVER ST","WESTBOUND","THRU","false","4","8.75","12.258","80.475","116.946","10","7","2022","22","45","5","900"
"e5357ee7373fb7f586dd78aa2ce959c5","6788","2022-10-07T22:45:00.000","6TH ST / RED RIVER ST","WESTBOUND","THRU","true","14","3.0","4.723","22.007","43.565","10","7","2022","22","45","5","900"
"0ec8214f1a741d0b5edd580f8b906f0c","6788","2022-10-07T23:00:00.000","6TH ST / RED RIVER ST","NORTHBOUND","LEFT TURN","false","2","11.0","1.414","1.35","0.778","10","7","2022","23","0","5","900"
"4da663a42d3a498e23d89a5197bb24fd","6788","2022-10-07T23:00:00.000","6TH ST / RED RIVER ST","SOUTHBOUND","THRU","false","14","9.929","6.044","13.957","21.464","10","7","2022","23","0","5","900"
"d300fc60545fce33abcf9dcba48181fd","6788","2022-10-07T23:00:00.000","6TH ST / RED RIVER ST","SOUTHBOUND","THRU","true","3","7.667","4.041","2.9","1.153","10","7","2022","23","0","5","900"
"0ea13f1c5b30cdf74682336d15ef6113","6788","2022-10-07T23:00:00.000","6TH ST / RED RIVER ST","WESTBOUND","LEFT TURN","false","17","9.529","6.286","12.376","14.372","10","7","2022","23","0","5","900"
"2af7d8cea628e832b2bce59f00cb63ab","6788","2022-10-07T23:00:00.000","6TH ST / RED RIVER ST","WESTBOUND","LEFT TURN","true","5","13.8","13.198","1.8","1.194","10","7","2022","23","0","5","900"
"60a372b40b1431723d32ef8527ae81a0","6788","2022-10-07T23:00:00.000","6TH ST / RED RIVER ST","WESTBOUND","RIGHT TURN","false","20","8.05","9.616","17.53","20.001","10","7","2022","23","0","5","900"
"019e33c486e68729b2921ab0787d3bea","6788","2022-10-07T23:00:00.000","6TH ST / RED RIVER ST","WESTBOUND","RIGHT TURN","true","3","2.667","4.619","10.3","3.676","10","7","2022","23","0","5","900"
"0186792a18fbb85ff906f1e05ebfca2f","6788","2022-10-07T23:00:00.000","6TH ST / RED RIVER ST","WESTBOUND","THRU","false","10","6.4","6.67","79.7","145.718","10","7","2022","23","0","5","900"
"4287448ec51288535530973e8dfca5f7","6788","2022-10-07T23:00:00.000","6TH ST / RED RIVER ST","WESTBOUND","THRU","true","11","7.273","8.73","8.809","21.444","10","7","2022","23","0","5","900"
"8ede54017e5065912fe6299d91a05c9f","6788","2022-10-07T23:15:00.000","6TH ST / RED RIVER ST","SOUTHBOUND","THRU","false","12","10.333","4.008","7.208","12.015","10","7","2022","23","15","5","900"
"d31f622855e6c5457752ad5cc8c5ec5e","6788","2022-10-07T23:15:00.000","6TH ST / RED RIVER ST","SOUTHBOUND","THRU","true","1","18.0","0.0","0.5","0.0","10","7","2022","23","15","5","900"
"594546383778e34f96855667921bbc8b","6788","2022-10-07T23:15:00.000","6TH ST / RED RIVER ST","WESTBOUND","LEFT TURN","false","11","17.818","11.609","34.345","54.35","10","7","2022","23","15","5","900"
"81b1d8b0c91b4a39dc0ab8f5554adade","6788","2022-10-07T23:15:00.000","6TH ST / RED RIVER ST","WESTBOUND","LEFT TURN","true","5","12.0","12.923","18.58","28.365","10","7","2022","23","15","5","900"
"94d766782b32119688d84d3ffafea4c7","6788","2022-10-07T23:15:00.000","6TH ST / RED RIVER ST","WESTBOUND","RIGHT TURN","false","25","4.96","7.271","30.468","29.741","10","7","2022","23","15","5","900"
"a46715928f73581d9ad2edf7e8976927","6788","2022-10-07T23:15:00.000","6TH ST / RED RIVER ST","WESTBOUND","RIGHT TURN","true","3","1.333","2.309","8.233","0.681","10","7","2022","23","15","5","900"
"05f9d8d7eca0c7d0b7fec44bfd0a1ebb","6788","2022-10-07T23:15:00.000","6TH ST / RED RIVER ST","WESTBOUND","THRU","false","4","4.0","6.164","14.25","14.42","10","7","2022","23","15","5","900"
"2b3114b0e91e997730b814eee5a84da7","6788","2022-10-07T23:15:00.000","6TH ST / RED RIVER ST","WESTBOUND","THRU","true","8","7.5","9.15","25.938","24.993","10","7","2022","23","15","5","900"
"5feaee7c1bcf0ce1530d29c7198cc665","6788","2022-10-07T23:30:00.000","6TH ST / RED RIVER ST","NORTHBOUND","LEFT TURN","false","2","6.0","1.414","0.5","0.566","10","7","2022","23","30","5","900"
"60b6fcf79166226bbe83c1f1edd2b529","6788","2022-10-07T23:30:00.000","6TH ST / RED RIVER ST","NORTHBOUND","THRU","true","1","35.0","0.0","0.2","0.0","10","7","2022","23","30","5","900"
"31b1b0c32b3b8d3b1cfd88961da71f8d","6788","2022-10-07T23:30:00.000","6TH ST / RED RIVER ST","SOUTHBOUND","THRU","false","24","13.75","17.806","27.083","91.645","10","7","2022","23","30","5","900"
"a3e809f9e79c00e238b55e1194607345","6788","2022-10-07T23:30:00.000","6TH ST / RED RIVER ST","SOUTHBOUND","THRU","true","2","8.0","11.314","31.45","4.738","10","7","2022","23","30","5","900"
"3a018e28b6254a3c2cb4a89f62ebf606","6788","2022-10-07T23:30:00.000","6TH ST / RED RIVER ST","WESTBOUND","LEFT TURN","false","11","22.273","23.307","96.0","132.429","10","7","2022","23","30","5","900"
"ba9570bfe0747763e496d322632b2b63","6788","2022-10-07T23:30:00.000","6TH ST / RED RIVER ST","WESTBOUND","LEFT TURN","true","5","5.4","7.861","1.64","1.307","10","7","2022","23","30","5","900"
"2e3099cd812f800df62123afe95647aa","6788","2022-10-07T23:30:00.000","6TH ST / RED RIVER ST","WESTBOUND","RIGHT TURN","false","8","9.875","11.064","34.162","34.339","10","7","2022","23","30","5","900"
"546f1287102d3650f1df087866af0ce0","6788","2022-10-07T23:30:00.000","6TH ST / RED RIVER ST","WESTBOUND","RIGHT TURN","true","4","3.0","3.559","17.025","28.552","10","7","2022","23","30","5","900"
"9fe3591b6dca1ab8235d89c8f06219c3","6788","2022-10-07T23:30:00.000","6TH ST / RED RIVER ST","WESTBOUND","THRU","false","9","5.889","9.778","76.622","159.285","10","7","2022","23","30","5","900"
"a2b3a662a327919233d9d9adc57aa5df","6788","2022-10-07T23:30:00.000","6TH ST / RED RIVER ST","WESTBOUND","THRU","true","8","1.5","2.828","78.812","199.961","10","7","2022","23","30","5","900"
"967d4d6bbc2f557ae624733f5c0ea240","6788","2022-10-07T23:45:00.000","6TH ST / RED RIVER ST","NORTHBOUND","LEFT TURN","false","1","5.0","0.0","0.1","0.0","10","7","2022","23","45","5","900"
"098038a72cc0c51a633173d777e64d33","6788","2022-10-07T23:45:00.000","6TH ST / RED RIVER ST","SOUTHBOUND","THRU","false","12","11.25","4.789","52.675","93.945","10","7","2022","23","45","5","900"
"0fb00304ef2d74f7a5f73a7917ce32f8","6788","2022-10-07T23:45:00.000","6TH ST / RED RIVER ST","SOUTHBOUND","THRU","true","2","10.5","0.707","1.3","0.424","10","7","2022","23","45","5","900"
"47a9bf4f5287db7ab3de2bf7cc11f98b","6788","2022-10-07T23:45:00.000","6TH ST / RED RIVER ST","WESTBOUND","LEFT TURN","false","12","10.417","8.501","14.092","21.339","10","7","2022","23","45","5","900"
"821ec397cbdaeeeaa31bb96b5f20d536","6788","2022-10-07T23:45:00.000","6TH ST / RED RIVER ST","WESTBOUND","LEFT TURN","true","4","15.0","16.693","1.475","2.098","10","7","2022","23","45","5","900"
"45301dfd52b8f8640975671c5f02b316","6788","2022-10-07T23:45:00.000","6TH ST / RED RIVER ST","WESTBOUND","RIGHT TURN","false","23","4.652","5.718","35.078","71.905","10","7","2022","23","45","5","900"
"a9174332a057b0342a7964fdd4ca9b69","6788","2022-10-07T23:45:00.000","6TH ST / RED RIVER ST","WESTBOUND","RIGHT TURN","true","9","4.778","7.311","17.644","20.662","10","7","2022","23","45","5","900"
"991376fb87ff8820a28ccf6b5a115111","6788","2022-10-07T23:45:00.000","6TH ST / RED RIVER ST","WESTBOUND","THRU","false","9","9.111","14.295","8.244","13.09","10","7","2022","23","45","5","900"
"06ccfa0ec87eca77c74f22f768327888","6788","2022-10-07T23:45:00.000","6TH ST / RED RIVER ST","WESTBOUND","THRU","true","11","7.455","10.93","12.536","16.335","10","7","2022","23","45","5","900"
"4dfb7e2cc53253489fa3b18400b5d1b0","7343","2022-10-07T00:00:00.000","RIVERSIDE DR / BURTON DR","EASTBOUND","LEFT TURN","false","3","11.333","2.309","12.133","16.776","10","7","2022","0","0","5","900"
"e9ca04defd243b2c9077d035ea7717d8","7343","2022-10-07T00:00:00.000","RIVERSIDE DR / BURTON DR","EASTBOUND","LEFT TURN","true","3","0.0","0.0","0.067","0.058","10","7","2022","0","0","5","900"
"88bd0f57818c6b8dcb7db9c00fe3bf67","7343","2022-10-07T00:00:00.000","RIVERSIDE DR / BURTON DR","EASTBOUND","RIGHT TURN","true","3","18.333","2.082","2.633","2.325","10","7","2022","0","0","5","900"
"af4afc5843904aa73a1425f739ce08c0","7343","2022-10-07T00:00:00.000","RIVERSIDE DR / BURTON DR","EASTBOUND","THRU","false","12","12.25","12.743","4.75","12.898","10","7","2022","0","0","5","900"
"03970db44e0fd1dcc2d21e3a7ae5cee1","7343","2022-10-07T00:00:00.000","RIVERSIDE DR / BURTON DR","EASTBOUND","THRU","true","46","19.174","13.314","5.363","10.289","10","7","2022","0","0","5","900"
"c31f9e26171f9cf0d59771ed065c1c30","7343","2022-10-07T00:00:00.000","RIVERSIDE DR / BURTON DR","NORTHBOUND","LEFT TURN","false","4","15.5","22.159","11.75","12.04","10","7","2022","0","0","5","900"
"35eccd531b417a3bbf15e1998cae6b23","7343","2022-10-07T00:00:00.000","RIVERSIDE DR / BURTON DR","NORTHBOUND","LEFT TURN","true","5","17.0","16.186","11.6","11.949","10","7","2022","0","0","5","900"
"4c18189e1b7163e288c814f4c5603cd0","7343","2022-10-07T00:00:00.000","RIVERSIDE DR / BURTON DR","NORTHBOUND","RIGHT TURN","true","1","0.0","0.0","0.0","0.0","10","7","2022","0","0","5","900"
"01736d5233ad34c92e1e6d7f9de525cf","7343","2022-10-07T00:00:00.000","RIVERSIDE DR / BURTON DR","NORTHBOUND","THRU","false","5","28.0","24.31","10.1","20.482","10","7","2022","0","0","5","900"
"367a23837bac52b990b88fe5d796971b","7343","2022-10-07T00:00:00.000","RIVERSIDE DR / BURTON DR","NORTHBOUND","THRU","true","7","19.857","13.981","3.229","3.443","10","7","2022","0","0","5","900"
"8795a16c54784965a96869fd8b85b811","7343","2022-10-07T00:00:00.000","RIVERSIDE DR / BURTON DR","SOUTHBOUND","LEFT TURN","true","1","13.0","0.0","24.7","0.0","10","7","2022","0","0","5","900"
"c031386b7b875038c4e0ad53a489d5ef","7343","2022-10-07T00:00:00.000","RIVERSIDE DR / BURTON DR","SOUTHBOUND","RIGHT TURN","false","9","9.0","2.0","6.944","3.528","10","7","2022","0","0","5","900"
"2669ce232684bf1a06565bd96a8a0a03","7343","2022-10-07T00:00:00.000","RIVERSIDE DR / BURTON DR","SOUTHBOUND","RIGHT TURN","true","3","5.667","5.132","12.9","12.911","10","7","2022","0","0","5","900"
"df5b683ffab1e75dc3a8943b57a9575b","7343","2022-10-07T00:00:00.000","RIVERSIDE DR / BURTON DR","SOUTHBOUND","THRU","false","2","16.5","3.536","1.95","2.475","10","7","2022","0","0","5","900"
"9b1e749ae975bb5bd060ea9ac67b8967","7343","2022-10-07T00:00:00.000","RIVERSIDE DR / BURTON DR","SOUTHBOUND","THRU","true","3","22.0","5.568","3.3","1.5","10","7","2022","0","0","5","900"
"c082954730ec4a9ab91ecbe65067f911","7343","2022-10-07T00:00:00.000","RIVERSIDE DR / BURTON DR","WESTBOUND","LEFT TURN","false","8","11.375","4.47","18.55","23.425","10","7","2022","0","0","5","900"
"0124f101df0474d9d6a9a069b3e65473","7343","2022-10-07T00:00:00.000","RIVERSIDE DR / BURTON DR","WESTBOUND","LEFT TURN","true","1","14.0","0.0","14.3","0.0","10","7","2022","0","0","5","900"
"3ff1d115cd8b2a25e963aeae3fc84e1e","7343","2022-10-07T00:00:00.000","RIVERSIDE DR / BURTON DR","WESTBOUND","RIGHT TURN","false","1","0.0","0.0","15.9","0.0","10","7","2022","0","0","5","900"
"ad0772d395be0c3e830e475fd60d8ba0","7343","2022-10-07T00:00:00.000","RIVERSIDE DR / BURTON DR","WESTBOUND","THRU","false","39","11.718","14.209","16.141","14.849","10","7","2022","0","0","5","900"
"5ae367725de25e37f68cd47eb3718ebb","7343","2022-10-07T00:00:00.000","RIVERSIDE DR / BURTON DR","WESTBOUND","THRU","true","19","16.789","17.252","10.568","11.052","10","7","2022","0","0","5","900"
"f76a652529d9a6430cbed86bb843043f","7343","2022-10-07T00:15:00.000","RIVERSIDE DR / BURTON DR","EASTBOUND","LEFT TURN","false","8","11.125","5.167","16.85","24.131","10","7","2022","0","15","5","900"
"dec663b66a3c904ee52f23f1c5b77912","7343","2022-10-07T00:15:00.000","RIVERSIDE DR / BURTON DR","EASTBOUND","LEFT TURN","true","1","11.0","0.0","3.9","0.0","10","7","2022","0","15","5","900"
"610dda300414994a3bf34b241e3627db","7343","2022-10-07T00:15:00.000","RIVERSIDE DR / BURTON DR","EASTBOUND","RIGHT TURN","true","1","14.0","0.0","6.9","0.0","10","7","2022","0","15","5","900"
"5d2f4961283ffcd153e4e4d99013d240","7343","2022-10-07T00:15:00.000","RIVERSIDE DR / BURTON DR","EASTBOUND","THRU","false","6","23.167","17.198","3.117","3.829","10","7","2022","0","15","5","900"
"e976b477d0909b601af5bd2e595db5ff","7343","2022-10-07T00:15:00.000","RIVERSIDE DR / BURTON DR","EASTBOUND","THRU","true","56","20.089","11.33","3.552","7.419","10","7","2022","0","15","5","900"
"85d0ac2b93a51c9275a0e5bb0625711d","7343","2022-10-07T00:15:00.000","RIVERSIDE DR / BURTON DR","NORTHBOUND","LEFT TURN","false","1","40.0","0.0","2.4","0.0","10","7","2022","0","15","5","900"
"e9b8b5de4d6fe03865394b0d257d0868","7343","2022-10-07T00:15:00.000","RIVERSIDE DR / BURTON DR","NORTHBOUND","THRU","false","3","52.667","46.004","14.6","25.115","10","7","2022","0","15","5","900"
"f93af3946cede6b2dac55f6f4d089968","7343","2022-10-07T00:15:00.000","RIVERSIDE DR / BURTON DR","NORTHBOUND","THRU","true","5","27.0","43.698","9.24","17.218","10","7","2022","0","15","5","900"
"9d88170138ba8563932d57e5bc0cef78","7343","2022-10-07T00:15:00.000","RIVERSIDE DR / BURTON DR","SOUTHBOUND","RIGHT TURN","false","13","9.308","1.75","8.346","7.585","10","7","2022","0","15","5","900"
"b6a4a15020b0ec27af6b4fc4c5ebd0c2","7343","2022-10-07T00:15:00.000","RIVERSIDE DR / BURTON DR","SOUTHBOUND","RIGHT TURN","true","6","9.5","3.391","5.25","1.78","10","7","2022","0","15","5","900"
"13c0de6a90bfc198e08d832930cb564b","7343","2022-10-07T00:15:00.000","RIVERSIDE DR / BURTON DR","SOUTHBOUND","THRU","false","1","16.0","0.0","3.3","0.0","10","7","2022","0","15","5","900"
"d43286225694ab0f61bbe8b1929df6ae","7343","2022-10-07T00:15:00.000","RIVERSIDE DR / BURTON DR","SOUTHBOUND","THRU","true","1","21.0","0.0","3.0","0.0","10","7","2022","0","15","5","900"
"88b20e514b9e2d38197d58e68b04b165","7343","2022-10-07T00:15:00.000","RIVERSIDE DR / BURTON DR","WESTBOUND","LEFT TURN","false","3","12.667","3.055","33.133","32.586","10","7","2022","0","15","5","900"
"5bdff8fc275d3ef21931a9013c39f24d","7343","2022-10-07T00:15:00.000","RIVERSIDE DR / BURTON DR","WESTBOUND","LEFT TURN","true","1","15.0","0.0","2.4","0.0","10","7","2022","0","15","5","900"
"149dc3309a4bd0fa45e439f06ce0b5a3","7343","2022-10-07T00:15:00.000","RIVERSIDE DR / BURTON DR","WESTBOUND","RIGHT TURN","false","2","0.0","0.0","7.05","2.333","10","7","2022","0","15","5","900"
"8e4d47e5945942c5ab1194a78aad0765","7343","2022-10-07T00:15:00.000","RIVERSIDE DR / BURTON DR","WESTBOUND","RIGHT TURN","true","3","2.333","2.517","5.4","0.755","10","7","2022","0","15","5","900"
"7ffe4ffcedd6f0571bdd5eb8da956ac2","7343","2022-10-07T00:15:00.000","RIVERSIDE DR / BURTON DR","WESTBOUND","THRU","false","35","10.2","14.838","19.049","16.081","10","7","2022","0","15","5","900"
"09b2e6e53b2165e607d7308e180215c1","7343","2022-10-07T00:15:00.000","RIVERSIDE DR / BURTON DR","WESTBOUND","THRU","true","17","23.0","19.593","6.618","7.384","10","7","2022","0","15","5","900"
"747bd85642eb20159b4b32327ef5233f","7343","2022-10-07T00:30:00.000","RIVERSIDE DR / BURTON DR","EASTBOUND","LEFT TURN","false","2","10.5","4.95","13.65","13.93","10","7","2022","0","30","5","900"
"98466a80d80a89e0138e8aebf4bbfee2","7343","2022-10-07T00:30:00.000","RIVERSIDE DR / BURTON DR","EASTBOUND","LEFT TURN","true","2","13.0","5.657","9.65","8.98","10","7","2022","0","30","5","900"
"f5c2206339e61877b674b40a86456d8f","7343","2022-10-07T00:30:00.000","RIVERSIDE DR / BURTON DR","EASTBOUND","RIGHT TURN","false","1","0.0","0.0","0.1","0.0","10","7","2022","0","30","5","900"
"f1980363a721437ce4a86a82d514e173","7343","2022-10-07T00:30:00.000","RIVERSIDE DR / BURTON DR","EASTBOUND","THRU","false","8","10.125","16.488","3.512","4.373","10","7","2022","0","30","5","900"
"909e5c399b55200c1254415951392574","7343","2022-10-07T00:30:00.000","RIVERSIDE DR / BURTON DR","EASTBOUND","THRU","true","38","18.289","7.388","5.445","10.146","10","7","2022","0","30","5","900"
"4ceb8e39f3b8710c948040ab486e5949","7343","2022-10-07T00:30:00.000","RIVERSIDE DR / BURTON DR","NORTHBOUND","LEFT TURN","false","4","22.0","16.713","9.325","11.835","10","7","2022","0","30","5","900"
"ba56aa4287ade68fb35a7775bd6bc190","7343","2022-10-07T00:30:00.000","RIVERSIDE DR / BURTON DR","NORTHBOUND","LEFT TURN","true","4","25.5","12.61","13.925","21.6","10","7","2022","0","30","5","900"
"09e64087acd19888e53c2d0854ced66a","7343","2022-10-07T00:30:00.000","RIVERSIDE DR / BURTON DR","NORTHBOUND","THRU","false","1","34.0","0.0","0.7","0.0","10","7","2022","0","30","5","900"
"865c5fbf7f137f2d5a8c600c266e6f02","7343","2022-10-07T00:30:00.000","RIVERSIDE DR / BURTON DR","NORTHBOUND","THRU","true","6","11.5","17.638","11.067","15.302","10","7","2022","0","30","5","900"
"d55cbad4eac6dc2c011bcbbf68f9b4de","7343","2022-10-07T00:30:00.000","RIVERSIDE DR / BURTON DR","SOUTHBOUND","LEFT TURN","true","4","3.5","7.0","8.825","12.983","10","7","2022","0","30","5","900"
"992eac268c95a23bc1ed23ff22525a4f","7343","2022-10-07T00:30:00.000","RIVERSIDE DR / BURTON DR","SOUTHBOUND","RIGHT TURN","false","9","9.444","2.833","7.033","5.06","10","7","2022","0","30","5","900"
"b099758aee31a864942accead53c75f9","7343","2022-10-07T00:30:00.000","RIVERSIDE DR / BURTON DR","SOUTHBOUND","RIGHT TURN","true","6","9.667","2.422","14.6","16.299","10","7","2022","0","30","5","900"
"18adcb34e45000387eda8a7385507523","7343","2022-10-07T00:30:00.000","RIVERSIDE DR / BURTON DR","SOUTHBOUND","THRU","false","4","25.75","10.046","14.875","25.624","10","7","2022","0","30","5","900"
"ba579592f14dca0c29e0692197dd0198","7343","2022-10-07T00:30:00.000","RIVERSIDE DR / BURTON DR","SOUTHBOUND","THRU","true","3","9.333","8.145","12.233","20.67","10","7","2022","0","30","5","900"
"d09f2087455a19a20059d4eaa2828d28","7343","2022-10-07T00:30:00.000","RIVERSIDE DR / BURTON DR","WESTBOUND","LEFT TURN","false","4","16.0","3.162","4.85","4.435","10","7","2022","0","30","5","900"
"aaced9707930f9d6fbc1b982bfe29c98","7343","2022-10-07T00:30:00.000","RIVERSIDE DR / BURTON DR","WESTBOUND","LEFT TURN","true","2","5.5","7.778","30.35","34.295","10","7","2022","0","30","5","900"
"01631947a916bacd4361d35796da26c5","7343","2022-10-07T00:30:00.000","RIVERSIDE DR / BURTON DR","WESTBOUND","RIGHT TURN","false","3","0.0","0.0","2.833","1.32","10","7","2022","0","30","5","900"
"376d95028da52c9f2af3addf444a8a9a","7343","2022-10-07T00:30:00.000","RIVERSIDE DR / BURTON DR","WESTBOUND","THRU","false","41","10.707","15.619","16.912","15.262","10","7","2022","0","30","5","900"
"5efafe237c4fbe85d8ddac8aae5e4f25","7343","2022-10-07T00:30:00.000","RIVERSIDE DR / BURTON DR","WESTBOUND","THRU","true","15","10.267","15.677","14.987","12.458","10","7","2022","0","30","5","900"
"4e8c4c3d8bf1d18161365dd93174c681","7343","2022-10-07T00:45:00.000","RIVERSIDE DR / BURTON DR","EASTBOUND","LEFT TURN","false","3","14.333","3.215","7.9","9.702","10","7","2022","0","45","5","900"
"66db1bdaed73ffdc921aa5327f790b29","7343","2022-10-07T00:45:00.000","RIVERSIDE DR / BURTON DR","EASTBOUND","LEFT TURN","true","1","19.0","0.0","0.1","0.0","10","7","2022","0","45","5","900"
"20f723160925298b07457cba96ffd03d","7343","2022-10-07T00:45:00.000","RIVERSIDE DR / BURTON DR","EASTBOUND","RIGHT TURN","true","2","10.5","3.536","1.25","1.768","10","7","2022","0","45","5","900"
"81fa9a5336bd1ce2dc16934353d0bb1a","7343","2022-10-07T00:45:00.000","RIVERSIDE DR / BURTON DR","EASTBOUND","THRU","false","6","11.667","15.029","5.85","9.248","10","7","2022","0","45","5","900"
"128c6d2a153d745a656189e8e5824a00","7343","2022-10-07T00:45:00.000","RIVERSIDE DR / BURTON DR","EASTBOUND","THRU","true","21","19.381","9.962","6.776","11.096","10","7","2022","0","45","5","900"
"8c182957534afe4d189f2f24cf6e3582","7343","2022-10-07T00:45:00.000","RIVERSIDE DR / BURTON DR","NORTHBOUND","LEFT TURN","false","5","9.2","16.932","22.6","16.777","10","7","2022","0","45","5","900"
"56c5f377b538be2d454d8f7b36c83032","7343","2022-10-07T00:45:00.000","RIVERSIDE DR / BURTON DR","NORTHBOUND","LEFT TURN","true","1","22.0","0.0","6.8","0.0","10","7","2022","0","45","5","900"
"530df308a162697b72353e8ae265ce08","7343","2022-10-07T00:45:00.000","RIVERSIDE DR / BURTON DR","NORTHBOUND","RIGHT TURN","false","1","15.0","0.0","1.7","0.0","10","7","2022","0","45","5","900"
"8ed0171d42a738780a4c90b37ffc07c5","7343","2022-10-07T00:45:00.000","RIVERSIDE DR / BURTON DR","NORTHBOUND","RIGHT TURN","true","2","11.0","15.556","1.75","2.475","10","7","2022","0","45","5","900"
"87dfdee3a53aafb1782aebf96d3374f7","7343","2022-10-07T00:45:00.000","RIVERSIDE DR / BURTON DR","NORTHBOUND","THRU","false","3","15.0","20.224","19.667","18.683","10","7","2022","0","45","5","900"
"48a32e8c818f266bb3b69091839851c3","7343","2022-10-07T00:45:00.000","RIVERSIDE DR / BURTON DR","NORTHBOUND","THRU","true","7","20.714","17.547","2.3","2.185","10","7","2022","0","45","5","900"
"513724dfd564d7a4acbc2e1be89f731b","7343","2022-10-07T00:45:00.000","RIVERSIDE DR / BURTON DR","SOUTHBOUND","LEFT TURN","false","1","0.0","0.0","6.7","0.0","10","7","2022","0","45","5","900"
"c4ec66ed5c563aa71024204e600e9245","7343","2022-10-07T00:45:00.000","RIVERSIDE DR / BURTON DR","SOUTHBOUND","LEFT TURN","true","6","13.0","7.127","16.25","20.049","10","7","2022","0","45","5","900"
"adeee393cedcbc73c83ae9623fc2db40","7343","2022-10-07T00:45:00.000","RIVERSIDE DR / BURTON DR","SOUTHBOUND","RIGHT TURN","false","11","9.818","3.027","7.282","11.054","10","7","2022","0","45","5","900"
"3321f555125586d534295aedd370fdd8","7343","2022-10-07T00:45:00.000","RIVERSIDE DR / BURTON DR","SOUTHBOUND","RIGHT TURN","true","3","7.667","1.528","3.8","2.452","10","7","2022","0","45","5","900"
"097816171f2587966d487273c3942230","7343","2022-10-07T00:45:00.000","RIVERSIDE DR / BURTON DR","SOUTHBOUND","THRU","false","1","14.0","0.0","39.3","0.0","10","7","2022","0","45","5","900"
"fd6d2af8d979220f1a7ee69795957d86","7343","2022-10-07T00:45:00.000","RIVERSIDE DR / BURTON DR","SOUTHBOUND","THRU","true","3","19.333","3.055","2.167","1.447","10","7","2022","0","45","5","900"
"c8c44f93bc35d80ed603b62166aac1e2","7343","2022-10-07T00:45:00.000","RIVERSIDE DR / BURTON DR","WESTBOUND","LEFT TURN","false","1","16.0","0.0","26.8","0.0","10","7","2022","0","45","5","900"
"b6f445c27b43899390a5c41823775b47","7343","2022-10-07T00:45:00.000","RIVERSIDE DR / BURTON DR","WESTBOUND","LEFT TURN","true","2","16.0","2.828","1.95","1.626","10","7","2022","0","45","5","900"
"6a941adbef1d8b745621d25f340861c3","7343","2022-10-07T00:45:00.000","RIVERSIDE DR / BURTON DR","WESTBOUND","RIGHT TURN","false","3","0.0","0.0","7.6","3.831","10","7","2022","0","45","5","900"
"e63798b934776788c0a7e6f1f28e9118","7343","2022-10-07T00:45:00.000","RIVERSIDE DR / BURTON DR","WESTBOUND","THRU","false","30","8.1","13.273","13.123","13.285","10","7","2022","0","45","5","900"
"57edd89e99b5ceb633eb9d6a27b1cf61","7343","2022-10-07T00:45:00.000","RIVERSIDE DR / BURTON DR","WESTBOUND","THRU","true","20","15.35","16.643","13.05","15.106","10","7","2022","0","45","5","900"
"1cc26f850e658e05aaaf8249f9994ce2","7343","2022-10-07T01:00:00.000","RIVERSIDE DR / BURTON DR","EASTBOUND","LEFT TURN","false","4","12.5","3.109","23.9","32.227","10","7","2022","1","0","5","900"
"5a073aef1b9ca5816d168ce185b9331c","7343","2022-10-07T01:00:00.000","RIVERSIDE DR / BURTON DR","EASTBOUND","LEFT TURN","true","2","31.5","10.607","1.3","0.283","10","7","2022","1","0","5","900"
"f7f54b1efd8ee38beb291503b71758f6","7343","2022-10-07T01:00:00.000","RIVERSIDE DR / BURTON DR","EASTBOUND","RIGHT TURN","true","3","10.333","9.074","4.767","4.196","10","7","2022","1","0","5","900"
"ddced6a8d75535a26d492b83323d34f9","7343","2022-10-07T01:00:00.000","RIVERSIDE DR / BURTON DR","EASTBOUND","THRU","false","6","15.333","10.386","8.833","7.843","10","7","2022","1","0","5","900"
"a5a95f2011983361f156f8a6456ee055","7343","2022-10-07T01:00:00.000","RIVERSIDE DR / BURTON DR","EASTBOUND","THRU","true","43","19.233","10.895","5.065","9.848","10","7","2022","1","0","5","900"
"8922a7716ac1cabff525079fc3a06cad","7343","2022-10-07T01:00:00.000","RIVERSIDE DR / BURTON DR","NORTHBOUND","LEFT TURN","false","5","18.0","18.289","3.42","1.75","10","7","2022","1","0","5","900"
"eccf196d1f42e067be1c5ebb0f1ae4ae","7343","2022-10-07T01:00:00.000","RIVERSIDE DR / BURTON DR","NORTHBOUND","RIGHT TURN","false","1","16.0","0.0","3.4","0.0","10","7","2022","1","0","5","900"
"4976616740b47bc646dbd2d1700aa27f","7343","2022-10-07T01:00:00.000","RIVERSIDE DR / BURTON DR","NORTHBOUND","RIGHT TURN","true","2","16.5","0.707","3.3","4.525","10","7","2022","1","0","5","900"
"0c33cb02192c37b8b24c59136cb91507","7343","2022-10-07T01:00:00.000","RIVERSIDE DR / BURTON DR","NORTHBOUND","THRU","false","5","29.4","11.589","9.9","18.797","10","7","2022","1","0","5","900"
"267215871fbf3264218267d9cb2c11a0","7343","2022-10-07T01:00:00.000","RIVERSIDE DR / BURTON DR","NORTHBOUND","THRU","true","9","16.444","15.461","5.544","10.631","10","7","2022","1","0","5","900"
"66f012244ff42f65fa1c0999621c2825","7343","2022-10-07T01:00:00.000","RIVERSIDE DR / BURTON DR","SOUTHBOUND","LEFT TURN","true","1","25.0","0.0","2.8","0.0","10","7","2022","1","0","5","900"
"d33518a01477fa1cf43e136daec045ab","7343","2022-10-07T01:00:00.000","RIVERSIDE DR / BURTON DR","SOUTHBOUND","RIGHT TURN","false","9","10.222","2.108","4.444","1.713","10","7","2022","1","0","5","900"
"6913838d1ebb1801b18694dbceeeb90c","7343","2022-10-07T01:00:00.000","RIVERSIDE DR / BURTON DR","SOUTHBOUND","RIGHT TURN","true","5","8.8","1.483","5.48","2.129","10","7","2022","1","0","5","900"
"0e0b00086e6c77f515ff3fe6cd7a03bb","7343","2022-10-07T01:00:00.000","RIVERSIDE DR / BURTON DR","SOUTHBOUND","THRU","false","1","17.0","0.0","0.5","0.0","10","7","2022","1","0","5","900"
"cef15aee0b9b1fa1da3c1b5eb7e1c7b8","7343","2022-10-07T01:00:00.000","RIVERSIDE DR / BURTON DR","SOUTHBOUND","THRU","true","3","18.667","11.547","17.867","14.249","10","7","2022","1","0","5","900"
"618855fc20af909e05f9fdca157c0065","7343","2022-10-07T01:00:00.000","RIVERSIDE DR / BURTON DR","WESTBOUND","LEFT TURN","false","2","13.0","8.485","3.25","3.465","10","7","2022","1","0","5","900"
"2c8c266df1963f885dc23e76f2b9d727","7343","2022-10-07T01:00:00.000","RIVERSIDE DR / BURTON DR","WESTBOUND","LEFT TURN","true","2","9.5","2.121","9.5","13.294","10","7","2022","1","0","5","900"
"755cd0499fd802f0e7ac4755765e3b30","7343","2022-10-07T01:00:00.000","RIVERSIDE DR / BURTON DR","WESTBOUND","RIGHT TURN","false","3","6.667","6.11","5.467","1.405","10","7","2022","1","0","5","900"
"153c9faacae39b2040c1d0603364ecfd","7343","2022-10-07T01:00:00.000","RIVERSIDE DR / BURTON DR","WESTBOUND","THRU","false","24","8.625","14.512","12.4","10.984","10","7","2022","1","0","5","900"
"1f81e39682d0e43a3dafe67c8f3b52ed","7343","2022-10-07T01:00:00.000","RIVERSIDE DR / BURTON DR","WESTBOUND","THRU","true","24","11.458","15.822","14.608","12.314","10","7","2022","1","0","5","900"
"22a254c7fa51223f666fb7b873accfc4","7343","2022-10-07T01:15:00.000","RIVERSIDE DR / BURTON DR","EASTBOUND","LEFT TURN","false","6","11.5","2.345","21.25","13.206","10","7","2022","1","15","5","900"
"30c583e0bfd17241610195e7e37433c2","7343","2022-10-07T01:15:00.000","RIVERSIDE DR / BURTON DR","EASTBOUND","LEFT TURN","true","2","26.5","24.749","39.6","54.447","10","7","2022","1","15","5","900"
"6f7402233651b1fda5be4a7ed4ad2793","7343","2022-10-07T01:15:00.000","RIVERSIDE DR / BURTON DR","EASTBOUND","RIGHT TURN","true","4","6.25","4.924","2.7","5.4","10","7","2022","1","15","5","900"
"21f36a7a688501cd708a2b37b16cda37","7343","2022-10-07T01:15:00.000","RIVERSIDE DR / BURTON DR","EASTBOUND","THRU","false","7","10.0","12.437","13.414","16.128","10","7","2022","1","15","5","900"
"0805700c07b7206048c378608b50e4ff","7343","2022-10-07T01:15:00.000","RIVERSIDE DR / BURTON DR","EASTBOUND","THRU","true","22","20.955","9.693","8.236","12.484","10","7","2022","1","15","5","900"
"84b9373406c45ddd70a1a434c18da26f","7343","2022-10-07T01:15:00.000","RIVERSIDE DR / BURTON DR","NORTHBOUND","LEFT TURN","false","4","8.25","10.532","13.775","14.771","10","7","2022","1","15","5","900"
"07bc3d6252f5be3f6d6ad80b8eb441e2","7343","2022-10-07T01:15:00.000","RIVERSIDE DR / BURTON DR","NORTHBOUND","LEFT TURN","true","1","3.0","0.0","0.1","0.0","10","7","2022","1","15","5","900"
"246ea2c5106ae0021e0bf78e75059f86","7343","2022-10-07T01:15:00.000","RIVERSIDE DR / BURTON DR","NORTHBOUND","RIGHT TURN","true","2","22.0","5.657","2.8","0.424","10","7","2022","1","15","5","900"
"4ff2d930a77eb1145d8defa0a7c04c2b","7343","2022-10-07T01:15:00.000","RIVERSIDE DR / BURTON DR","NORTHBOUND","THRU","false","4","19.0","23.707","12.15","22.043","10","7","2022","1","15","5","900"
"b70d289c5d3da2b98a3d092526b16062","7343","2022-10-07T01:15:00.000","RIVERSIDE DR / BURTON DR","NORTHBOUND","THRU","true","2","25.0","29.698","1.8","2.404","10","7","2022","1","15","5","900"
"362d75036538ddc602e7a21114b1fdd2","7343","2022-10-07T01:15:00.000","RIVERSIDE DR / BURTON DR","SOUTHBOUND","LEFT TURN","true","1","22.0","0.0","3.1","0.0","10","7","2022","1","15","5","900"
"a7a7430c000c93af09d1678339ad2828","7343","2022-10-07T01:15:00.000","RIVERSIDE DR / BURTON DR","SOUTHBOUND","RIGHT TURN","false","2","10.0","1.414","5.05","0.071","10","7","2022","1","15","5","900"
"023195b5be591fba7704bb29d797f4ef","7343","2022-10-07T01:15:00.000","RIVERSIDE DR / BURTON DR","SOUTHBOUND","RIGHT TURN","true","6","9.667","2.875","4.767","4.005","10","7","2022","1","15","5","900"
"731a6227aa93912a92e0e925179c5961","7343","2022-10-07T01:15:00.000","RIVERSIDE DR / BURTON DR","SOUTHBOUND","THRU","false","1","12.0","0.0","0.3","0.0","10","7","2022","1","15","5","900"
"7c6f56a572dc5f18e02fcfe34e391e06","7343","2022-10-07T01:15:00.000","RIVERSIDE DR / BURTON DR","SOUTHBOUND","THRU","true","3","17.0","14.933","3.167","2.25","10","7","2022","1","15","5","900"
"0596a4c26e77e3efa20c8941ca2fd10c","7343","2022-10-07T01:15:00.000","RIVERSIDE DR / BURTON DR","WESTBOUND","LEFT TURN","false","2","0.0","0.0","22.4","18.809","10","7","2022","1","15","5","900"
"eb172ceef98a17c8b84643758d0548cb","7343","2022-10-07T01:15:00.000","RIVERSIDE DR / BURTON DR","WESTBOUND","LEFT TURN","true","1","12.0","0.0","0.7","0.0","10","7","2022","1","15","5","900"
"0fdf2a8ddef8f759933ecb2490c69d31","7343","2022-10-07T01:15:00.000","RIVERSIDE DR / BURTON DR","WESTBOUND","RIGHT TURN","false","1","0.0","0.0","8.0","0.0","10","7","2022","1","15","5","900"
"61804b925057aa3217618d8155529139","7343","2022-10-07T01:15:00.000","RIVERSIDE DR / BURTON DR","WESTBOUND","RIGHT TURN","true","1","0.0","0.0","6.3","0.0","10","7","2022","1","15","5","900"
"3277bae7a1d6fb0189a8dcfc404f4422","7343","2022-10-07T01:15:00.000","RIVERSIDE DR / BURTON DR","WESTBOUND","THRU","false","19","6.0","14.349","16.2","16.392","10","7","2022","1","15","5","900"
"572d021d11cf1d99dc9303c3d848e4e7","7343","2022-10-07T01:15:00.000","RIVERSIDE DR / BURTON DR","WESTBOUND","THRU","true","16","9.625","13.696","11.938","13.383","10","7","2022","1","15","5","900"
"7bddc8550c1e6723f0e182b549485231","7343","2022-10-07T01:30:00.000","RIVERSIDE DR / BURTON DR","EASTBOUND","LEFT TURN","false","3","6.667","5.859","23.967","24.152","10","7","2022","1","30","5","900"
"72bd89552c3c74c62ce31c36c7fed0b1","7343","2022-10-07T01:30:00.000","RIVERSIDE DR / BURTON DR","EASTBOUND","LEFT TURN","true","1","17.0","0.0","22.0","0.0","10","7","2022","1","30","5","900"
"024e3eb0c04c6baa09cdd94843f30ba5","7343","2022-10-07T01:30:00.000","RIVERSIDE DR / BURTON DR","EASTBOUND","RIGHT TURN","true","2","0.0","0.0","0.0","0.0","10","7","2022","1","30","5","900"
"a03b030d03353486c6772de9deb44f01","7343","2022-10-07T01:30:00.000","RIVERSIDE DR / BURTON DR","EASTBOUND","THRU","false","6","23.0","15.153","4.15","6.249","10","7","2022","1","30","5","900"
"2ed72ef46a751567c67d886f95836fa2","7343","2022-10-07T01:30:00.000","RIVERSIDE DR / BURTON DR","EASTBOUND","THRU","true","27","17.741","10.534","6.485","6.917","10","7","2022","1","30","5","900"
"28ad6adb695cc0bab43be5b0ca9066f2","7343","2022-10-07T01:30:00.000","RIVERSIDE DR / BURTON DR","NORTHBOUND","LEFT TURN","false","5","6.0","8.485","14.56","19.929","10","7","2022","1","30","5","900"
"6fa8373e04ab6db04680f00d3d865e91","7343","2022-10-07T01:30:00.000","RIVERSIDE DR / BURTON DR","NORTHBOUND","LEFT TURN","true","3","0.0","0.0","15.367","11.845","10","7","2022","1","30","5","900"
"008cbce220e1cc1be640f19d915ce5a6","7343","2022-10-07T01:30:00.000","RIVERSIDE DR / BURTON DR","NORTHBOUND","RIGHT TURN","true","3","7.0","12.124","1.867","3.062","10","7","2022","1","30","5","900"
"5cab819ed087892814b30c100ab9ada2","7343","2022-10-07T01:30:00.000","RIVERSIDE DR / BURTON DR","NORTHBOUND","THRU","false","3","22.0","5.292","11.3","18.367","10","7","2022","1","30","5","900"
"8b673528c913ac17af155aa47a633b25","7343","2022-10-07T01:30:00.000","RIVERSIDE DR / BURTON DR","NORTHBOUND","THRU","true","6","15.333","18.875","1.9","1.045","10","7","2022","1","30","5","900"
"ded763bdaf741f68f5b35a12002469aa","7343","2022-10-07T01:30:00.000","RIVERSIDE DR / BURTON DR","SOUTHBOUND","LEFT TURN","true","1","5.0","0.0","0.2","0.0","10","7","2022","1","30","5","900"
"b4326c54e9b62ba522728a0df6af7497","7343","2022-10-07T01:30:00.000","RIVERSIDE DR / BURTON DR","SOUTHBOUND","RIGHT TURN","false","3","8.667","2.517","5.833","3.109","10","7","2022","1","30","5","900"
"f2bcf4a872662dccd3c348dd24117d96","7343","2022-10-07T01:30:00.000","RIVERSIDE DR / BURTON DR","SOUTHBOUND","RIGHT TURN","true","2","9.0","1.414","4.65","1.061","10","7","2022","1","30","5","900"
"b58f40285555258c38465c7d2c20ac75","7343","2022-10-07T01:30:00.000","RIVERSIDE DR / BURTON DR","SOUTHBOUND","THRU","false","3","18.333","12.741","4.967","7.485","10","7","2022","1","30","5","900"
"11e3289a5c088f68060e95ae6364770c","7343","2022-10-07T01:30:00.000","RIVERSIDE DR / BURTON DR","WESTBOUND","RIGHT TURN","false","2","0.0","0.0","16.0","10.324","10","7","2022","1","30","5","900"
"f4566832adb78a1e57f9a17065b127c3","7343","2022-10-07T01:30:00.000","RIVERSIDE DR / BURTON DR","WESTBOUND","THRU","false","26","16.962","18.163","11.642","12.05","10","7","2022","1","30","5","900"
"bce64a7332b145ac9480da966a6dd018","7343","2022-10-07T01:30:00.000","RIVERSIDE DR / BURTON DR","WESTBOUND","THRU","true","6","14.833","17.826","6.25","6.5","10","7","2022","1","30","5","900"
"39fc51a40618f084176ff22669686e7d","7343","2022-10-07T01:45:00.000","RIVERSIDE DR / BURTON DR","EASTBOUND","LEFT TURN","false","2","5.5","7.778","0.7","0.99","10","7","2022","1","45","5","900"
"eb13b999adfd9dcb430427170b2b3dd1","7343","2022-10-07T01:45:00.000","RIVERSIDE DR / BURTON DR","EASTBOUND","THRU","false","8","10.375","15.482","1.688","3.629","10","7","2022","1","45","5","900"
"91405992dd76b7c24aadf59d2e30958c","7343","2022-10-07T01:45:00.000","RIVERSIDE DR / BURTON DR","EASTBOUND","THRU","true","25","20.56","13.824","7.328","12.427","10","7","2022","1","45","5","900"
"b11ca85f8a20e39284fdcd56917c00a1","7343","2022-10-07T01:45:00.000","RIVERSIDE DR / BURTON DR","NORTHBOUND","LEFT TURN","false","4","24.75","17.689","9.975","14.296","10","7","2022","1","45","5","900"
"d45543e5b64ff347203c12f708a6d353","7343","2022-10-07T01:45:00.000","RIVERSIDE DR / BURTON DR","NORTHBOUND","LEFT TURN","true","2","0.0","0.0","26.7","15.981","10","7","2022","1","45","5","900"
"85510f2553cd7d1c6b5dff607f081a33","7343","2022-10-07T01:45:00.000","RIVERSIDE DR / BURTON DR","NORTHBOUND","THRU","false","1","41.0","0.0","2.6","0.0","10","7","2022","1","45","5","900"
"7d78b41b2af969a66ea2c4989ec91321","7343","2022-10-07T01:45:00.000","RIVERSIDE DR / BURTON DR","SOUTHBOUND","LEFT TURN","false","1","15.0","0.0","14.6","0.0","10","7","2022","1","45","5","900"
"28e008b3d1b58a925f1d42dd73f7ab8b","7343","2022-10-07T01:45:00.000","RIVERSIDE DR / BURTON DR","SOUTHBOUND","LEFT TURN","true","1","13.0","0.0","43.2","0.0","10","7","2022","1","45","5","900"
"aab55eb149d3751197b4c6fe726bc3b4","7343","2022-10-07T01:45:00.000","RIVERSIDE DR / BURTON DR","SOUTHBOUND","RIGHT TURN","false","4","8.25","0.957","9.225","10.251","10","7","2022","1","45","5","900"
"110a0965dab38ed41a321d77bcbb55da","7343","2022-10-07T01:45:00.000","RIVERSIDE DR / BURTON DR","SOUTHBOUND","RIGHT TURN","true","4","8.75","3.202","2.675","3.264","10","7","2022","1","45","5","900"
"50cdad852c1dc3b10ab313514f578b6a","7343","2022-10-07T01:45:00.000","RIVERSIDE DR / BURTON DR","SOUTHBOUND","THRU","false","3","20.0","14.731","13.4","10.333","10","7","2022","1","45","5","900"
"d3f4674591c36c05b58e294e14d15dd0","7343","2022-10-07T01:45:00.000","RIVERSIDE DR / BURTON DR","SOUTHBOUND","THRU","true","2","12.0","2.828","11.6","16.122","10","7","2022","1","45","5","900"
"1f6895d8383c559e274b611fde7c4c38","7343","2022-10-07T01:45:00.000","RIVERSIDE DR / BURTON DR","WESTBOUND","LEFT TURN","false","1","3.0","0.0","0.1","0.0","10","7","2022","1","45","5","900"
"4047df83ac3dd49c306b80c02b86fee2","7343","2022-10-07T01:45:00.000","RIVERSIDE DR / BURTON DR","WESTBOUND","LEFT TURN","true","2","12.5","4.95","11.6","15.132","10","7","2022","1","45","5","900"
"a9bbb576e43f5ca40c896bcfcba8ce22","7343","2022-10-07T01:45:00.000","RIVERSIDE DR / BURTON DR","WESTBOUND","RIGHT TURN","false","3","0.0","0.0","7.433","1.601","10","7","2022","1","45","5","900"
"5737bd47628d66c6fdde61c588b9c151","7343","2022-10-07T01:45:00.000","RIVERSIDE DR / BURTON DR","WESTBOUND","THRU","false","27","5.074","10.608","19.393","16.532","10","7","2022","1","45","5","900"
"450c673380b881b7fdc5683312e4202e","7343","2022-10-07T01:45:00.000","RIVERSIDE DR / BURTON DR","WESTBOUND","THRU","true","14","9.857","14.287","11.443","12.833","10","7","2022","1","45","5","900"
"c584c3cecfc69e2aeca66135a17e8774","7343","2022-10-07T02:00:00.000","RIVERSIDE DR / BURTON DR","EASTBOUND","LEFT TURN","false","3","12.333","0.577","5.733","3.004","10","7","2022","2","0","5","900"
"7311e493c7994a94774a514cb65c40e8","7343","2022-10-07T02:00:00.000","RIVERSIDE DR / BURTON DR","EASTBOUND","LEFT TURN","true","3","12.0","1.732","24.633","41.374","10","7","2022","2","0","5","900"
"ffc74505bb8bc7ef5f7ba391903f0cb9","7343","2022-10-07T02:00:00.000","RIVERSIDE DR / BURTON DR","EASTBOUND","RIGHT TURN","true","1","9.0","0.0","0.0","0.0","10","7","2022","2","0","5","900"
"6ad95f29adb94b4dedad4b25e04e61ce","7343","2022-10-07T02:00:00.000","RIVERSIDE DR / BURTON DR","EASTBOUND","THRU","false","1","39.0","0.0","1.2","0.0","10","7","2022","2","0","5","900"
"6f861b3f8a59df85c0a0bfb591502cd9","7343","2022-10-07T02:00:00.000","RIVERSIDE DR / BURTON DR","EASTBOUND","THRU","true","21","20.095","12.161","4.781","9.332","10","7","2022","2","0","5","900"
"a4db944dcd52fb590115d2c2b8ea86f9","7343","2022-10-07T02:00:00.000","RIVERSIDE DR / BURTON DR","EASTBOUND","U-TURN","false","1","6.0","0.0","13.4","0.0","10","7","2022","2","0","5","900"
"aa0389317ff607d162d17479dffdee49","7343","2022-10-07T02:00:00.000","RIVERSIDE DR / BURTON DR","NORTHBOUND","LEFT TURN","false","1","0.0","0.0","5.8","0.0","10","7","2022","2","0","5","900"
"4e9ec1ee97841b540cf33b23abd231bd","7343","2022-10-07T02:00:00.000","RIVERSIDE DR / BURTON DR","NORTHBOUND","LEFT TURN","true","1","8.0","0.0","7.0","0.0","10","7","2022","2","0","5","900"
"c206510a8a5155ec2e781bfbcb1900b4","7343","2022-10-07T02:00:00.000","RIVERSIDE DR / BURTON DR","NORTHBOUND","THRU","false","1","0.0","0.0","6.5","0.0","10","7","2022","2","0","5","900"
"5b733793c5ca6b3fcddea82589df7a41","7343","2022-10-07T02:00:00.000","RIVERSIDE DR / BURTON DR","NORTHBOUND","THRU","true","2","25.0","15.556","2.7","1.556","10","7","2022","2","0","5","900"
"ac14b7a2af4ce92423f9294b465b1559","7343","2022-10-07T02:00:00.000","RIVERSIDE DR / BURTON DR","SOUTHBOUND","LEFT TURN","false","3","0.0","0.0","5.233","1.474","10","7","2022","2","0","5","900"
"95d42bcf6e62d35ad7f7e020791ffc83","7343","2022-10-07T02:00:00.000","RIVERSIDE DR / BURTON DR","SOUTHBOUND","RIGHT TURN","false","3","8.333","1.528","5.033","3.009","10","7","2022","2","0","5","900"
"051c1583379f4cb30959b95cd77d334d","7343","2022-10-07T02:00:00.000","RIVERSIDE DR / BURTON DR","SOUTHBOUND","RIGHT TURN","true","5","8.4","5.727","5.04","0.853","10","7","2022","2","0","5","900"
"3882e8d053879cd23fd2dd07de64ad68","7343","2022-10-07T02:00:00.000","RIVERSIDE DR / BURTON DR","SOUTHBOUND","THRU","false","2","12.5","4.95","7.5","9.758","10","7","2022","2","0","5","900"
"d7c43fc4f8486dd45c1f2fae3ba07d57","7343","2022-10-07T02:00:00.000","RIVERSIDE DR / BURTON DR","SOUTHBOUND","THRU","true","1","15.0","0.0","13.3","0.0","10","7","2022","2","0","5","900"
"53c4e704b22630cbefea1c389179bf3a","7343","2022-10-07T02:00:00.000","RIVERSIDE DR / BURTON DR","WESTBOUND","LEFT TURN","false","2","9.5","13.435","1.75","2.333","10","7","2022","2","0","5","900"
"f4519f893f58fa64c99814531c851efe","7343","2022-10-07T02:00:00.000","RIVERSIDE DR / BURTON DR","WESTBOUND","LEFT TURN","true","1","0.0","0.0","0.9","0.0","10","7","2022","2","0","5","900"
"36ce73690777201501e74401df0cbaf7","7343","2022-10-07T02:00:00.000","RIVERSIDE DR / BURTON DR","WESTBOUND","RIGHT TURN","false","2","2.0","2.828","4.25","1.768","10","7","2022","2","0","5","900"
"779d794818ec90b71a1fbafdab46a427","7343","2022-10-07T02:00:00.000","RIVERSIDE DR / BURTON DR","WESTBOUND","THRU","false","26","12.538","17.541","14.908","14.74","10","7","2022","2","0","5","900"
"21570d62c530f356616c93b80750a8df","7343","2022-10-07T02:00:00.000","RIVERSIDE DR / BURTON DR","WESTBOUND","THRU","true","12","7.833","16.503","14.792","19.11","10","7","2022","2","0","5","900"
"5833afe4b06910618fd4bae34753f7fd","7343","2022-10-07T02:15:00.000","RIVERSIDE DR / BURTON DR","EASTBOUND","LEFT TURN","false","1","12.0","0.0","3.5","0.0","10","7","2022","2","15","5","900"
"7106feb316391e4ba0ca0f6f8beda7d8","7343","2022-10-07T02:15:00.000","RIVERSIDE DR / BURTON DR","EASTBOUND","RIGHT TURN","true","1","18.0","0.0","0.6","0.0","10","7","2022","2","15","5","900"
"b62d20937aa651ac4ab724ef525f3976","7343","2022-10-07T02:15:00.000","RIVERSIDE DR / BURTON DR","EASTBOUND","THRU","false","4","14.25","17.056","2.35","1.863","10","7","2022","2","15","5","900"
"39fe7113e78a7fd3d60b78a6f87b7b1f","7343","2022-10-07T02:15:00.000","RIVERSIDE DR / BURTON DR","EASTBOUND","THRU","true","26","17.192","10.804","1.727","2.041","10","7","2022","2","15","5","900"
"faca071149dc803d874ae7e923edd8de","7343","2022-10-07T02:15:00.000","RIVERSIDE DR / BURTON DR","NORTHBOUND","LEFT TURN","false","3","12.0","18.248","6.067","2.987","10","7","2022","2","15","5","900"
"00b1a9603ac7129120a96e9fdd824efa","7343","2022-10-07T02:15:00.000","RIVERSIDE DR / BURTON DR","NORTHBOUND","LEFT TURN","true","2","33.5","3.536","1.65","0.495","10","7","2022","2","15","5","900"
"eb01313794f1207a8ac1e41e8f12d85b","7343","2022-10-07T02:15:00.000","RIVERSIDE DR / BURTON DR","SOUTHBOUND","LEFT TURN","false","1","0.0","0.0","6.5","0.0","10","7","2022","2","15","5","900"
"9f7a17caee6a598005bb28a9ce42b21c","7343","2022-10-07T02:15:00.000","RIVERSIDE DR / BURTON DR","SOUTHBOUND","LEFT TURN","true","2","17.0","4.243","23.25","27.365","10","7","2022","2","15","5","900"
"fb033045500bbf4e22c508f4c272e77a","7343","2022-10-07T02:15:00.000","RIVERSIDE DR / BURTON DR","SOUTHBOUND","RIGHT TURN","false","4","9.5","2.38","5.65","2.017","10","7","2022","2","15","5","900"
"70de1bc7c4c9db76228eb9a16bb4146b","7343","2022-10-07T02:15:00.000","RIVERSIDE DR / BURTON DR","SOUTHBOUND","RIGHT TURN","true","4","6.75","1.5","4.275","2.994","10","7","2022","2","15","5","900"
"cf8aaab74e0a506e9c191dfc0a67cd1c","7343","2022-10-07T02:15:00.000","RIVERSIDE DR / BURTON DR","SOUTHBOUND","THRU","false","1","8.0","0.0","41.3","0.0","10","7","2022","2","15","5","900"
"feb25dcd3a9a307dd07fe34ccc0e5f49","7343","2022-10-07T02:15:00.000","RIVERSIDE DR / BURTON DR","WESTBOUND","LEFT TURN","false","1","14.0","0.0","0.7","0.0","10","7","2022","2","15","5","900"
"deb5215c55527d7d83aa856bfe40f42c","7343","2022-10-07T02:15:00.000","RIVERSIDE DR / BURTON DR","WESTBOUND","LEFT TURN","true","1","11.0","0.0","14.6","0.0","10","7","2022","2","15","5","900"
"fa366896346cb05e40246aafcdd37b9d","7343","2022-10-07T02:15:00.000","RIVERSIDE DR / BURTON DR","WESTBOUND","RIGHT TURN","false","3","0.0","0.0","7.133","2.203","10","7","2022","2","15","5","900"
"5dd41def0cec8c4e705154f615140c81","7343","2022-10-07T02:15:00.000","RIVERSIDE DR / BURTON DR","WESTBOUND","THRU","false","31","6.903","14.462","14.119","14.884","10","7","2022","2","15","5","900"
"0da49fef88b71cd37f98dbfe907bf663","7343","2022-10-07T02:15:00.000","RIVERSIDE DR / BURTON DR","WESTBOUND","THRU","true","11","21.273","20.47","3.309","3.562","10","7","2022","2","15","5","900"
"06ffd5adb1d7f5d022d378eb2d25f90b","7343","2022-10-07T02:30:00.000","RIVERSIDE DR / BURTON DR","EASTBOUND","LEFT TURN","false","4","11.0","5.354","35.6","33.428","10","7","2022","2","30","5","900"
"55c5433f08e566d5cf771aff3bed14ac","7343","2022-10-07T02:30:00.000","RIVERSIDE DR / BURTON DR","EASTBOUND","LEFT TURN","true","1","0.0","0.0","0.2","0.0","10","7","2022","2","30","5","900"
"27c275b69624343837d99299f4d71c88","7343","2022-10-07T02:30:00.000","RIVERSIDE DR / BURTON DR","EASTBOUND","RIGHT TURN","true","1","10.0","0.0","7.3","0.0","10","7","2022","2","30","5","900"
"8b8109fdabdade2548893faf81df432b","7343","2022-10-07T02:30:00.000","RIVERSIDE DR / BURTON DR","EASTBOUND","THRU","false","3","11.333","10.263","13.2","14.781","10","7","2022","2","30","5","900"
"182ae610fbda81dea9b63dd2661ce254","7343","2022-10-07T02:30:00.000","RIVERSIDE DR / BURTON DR","EASTBOUND","THRU","true","24","18.042","10.663","4.362","7.102","10","7","2022","2","30","5","900"
"eccbb1f45cf8148721d0175b7ef0fa7b","7343","2022-10-07T02:30:00.000","RIVERSIDE DR / BURTON DR","NORTHBOUND","LEFT TURN","false","2","0.0","0.0","20.85","29.345","10","7","2022","2","30","5","900"
"d70533cc1da4eb211912199853204e2d","7343","2022-10-07T02:30:00.000","RIVERSIDE DR / BURTON DR","NORTHBOUND","LEFT TURN","true","2","16.0","22.627","9.55","10.536","10","7","2022","2","30","5","900"
"257b5b13b2cd2300a92a63b64bd12459","7343","2022-10-07T02:30:00.000","RIVERSIDE DR / BURTON DR","NORTHBOUND","THRU","false","1","0.0","0.0","17.2","0.0","10","7","2022","2","30","5","900"
"ab0d21b5e65f52d6b44c8f148a0aa9ac","7343","2022-10-07T02:30:00.000","RIVERSIDE DR / BURTON DR","SOUTHBOUND","LEFT TURN","true","1","14.0","0.0","33.4","0.0","10","7","2022","2","30","5","900"
"46df2e25fccab88778e78892eebfd5d4","7343","2022-10-07T02:30:00.000","RIVERSIDE DR / BURTON DR","SOUTHBOUND","RIGHT TURN","false","4","11.5","2.38","4.475","3.806","10","7","2022","2","30","5","900"
"bc533b09b6ed8956bafae529bfee9dce","7343","2022-10-07T02:30:00.000","RIVERSIDE DR / BURTON DR","SOUTHBOUND","RIGHT TURN","true","2","8.0","1.414","4.3","0.283","10","7","2022","2","30","5","900"
"2db00d9271b36775d351517e67cce2b7","7343","2022-10-07T02:30:00.000","RIVERSIDE DR / BURTON DR","WESTBOUND","LEFT TURN","false","1","15.0","0.0","0.7","0.0","10","7","2022","2","30","5","900"
"e3ea0943cc273ef0f3f98587b1f51c98","7343","2022-10-07T02:30:00.000","RIVERSIDE DR / BURTON DR","WESTBOUND","LEFT TURN","true","2","13.0","2.828","8.6","7.778","10","7","2022","2","30","5","900"
"4a8cda7bad76f6a805164e9714f6e373","7343","2022-10-07T02:30:00.000","RIVERSIDE DR / BURTON DR","WESTBOUND","THRU","false","13","11.385","17.751","16.962","12.044","10","7","2022","2","30","5","900"
"f1c23f201bc1ea860d2eeb4ed24d9803","7343","2022-10-07T02:30:00.000","RIVERSIDE DR / BURTON DR","WESTBOUND","THRU","true","10","9.8","14.612","18.0","18.552","10","7","2022","2","30","5","900"
"76ca1450d3982918e5768799eb1eca7f","7343","2022-10-07T02:45:00.000","RIVERSIDE DR / BURTON DR","EASTBOUND","LEFT TURN","false","2","12.0","1.414","5.1","3.111","10","7","2022","2","45","5","900"
"2609d3899dec6e6abffb05f2eaceea7b","7343","2022-10-07T02:45:00.000","RIVERSIDE DR / BURTON DR","EASTBOUND","THRU","false","2","3.0","4.243","0.45","0.636","10","7","2022","2","45","5","900"
"a7fd7c28324d9accd442c232a9cb1521","7343","2022-10-07T02:45:00.000","RIVERSIDE DR / BURTON DR","EASTBOUND","THRU","true","12","21.5","10.282","7.292","9.285","10","7","2022","2","45","5","900"
"76bb241c4020ae08e38bb13f5212598c","7343","2022-10-07T02:45:00.000","RIVERSIDE DR / BURTON DR","NORTHBOUND","LEFT TURN","false","1","0.0","0.0","28.2","0.0","10","7","2022","2","45","5","900"
"9572355188ec4055bce05b6886ad2421","7343","2022-10-07T02:45:00.000","RIVERSIDE DR / BURTON DR","NORTHBOUND","LEFT TURN","true","3","26.0","13.077","3.4","1.127","10","7","2022","2","45","5","900"
"c17a98292ec67fd8b6dada3f2d287b07","7343","2022-10-07T02:45:00.000","RIVERSIDE DR / BURTON DR","NORTHBOUND","THRU","false","3","13.0","17.578","16.833","22.046","10","7","2022","2","45","5","900"
"6b279843dc4e175a6e1c046bf991790f","7343","2022-10-07T02:45:00.000","RIVERSIDE DR / BURTON DR","NORTHBOUND","THRU","true","2","16.5","23.335","0.3","0.141","10","7","2022","2","45","5","900"
"899c2ca094e6c2d9245cc0cc844d8877","7343","2022-10-07T02:45:00.000","RIVERSIDE DR / BURTON DR","SOUTHBOUND","RIGHT TURN","true","2","11.0","2.828","5.25","2.899","10","7","2022","2","45","5","900"
"92a71baafbdfd64974206b51bbcd3d0e","7343","2022-10-07T02:45:00.000","RIVERSIDE DR / BURTON DR","SOUTHBOUND","THRU","false","1","11.0","0.0","42.8","0.0","10","7","2022","2","45","5","900"
"69d66c1302301bfaef0b855a0223088e","7343","2022-10-07T02:45:00.000","RIVERSIDE DR / BURTON DR","WESTBOUND","RIGHT TURN","false","2","0.0","0.0","5.6","2.546","10","7","2022","2","45","5","900"
"a92cf34d1122dd32dcc1a33411298e38","7343","2022-10-07T02:45:00.000","RIVERSIDE DR / BURTON DR","WESTBOUND","THRU","false","10","11.6","19.38","14.51","10.734","10","7","2022","2","45","5","900"
"5a0d4978823c4660949c0495459ee480","7343","2022-10-07T02:45:00.000","RIVERSIDE DR / BURTON DR","WESTBOUND","THRU","true","11","15.909","22.443","10.573","11.332","10","7","2022","2","45","5","900"
"070498d6b7274d367b8fc3c9cb1f5cf2","7343","2022-10-07T03:00:00.000","RIVERSIDE DR / BURTON DR","EASTBOUND","LEFT TURN","false","1","0.0","0.0","0.0","0.0","10","7","2022","3","0","5","900"
"2e22ab3057863cafc6eb67c4c6629a9c","7343","2022-10-07T03:00:00.000","RIVERSIDE DR / BURTON DR","EASTBOUND","LEFT TURN","true","2","6.0","8.485","0.85","1.061","10","7","2022","3","0","5","900"
"e93f95aedf96bd2558a2ffd01e28a8c1","7343","2022-10-07T03:00:00.000","RIVERSIDE DR / BURTON DR","EASTBOUND","THRU","false","5","4.8","8.585","3.76","3.449","10","7","2022","3","0","5","900"
"f7402125074cfcc1cb6369c68636aa6f","7343","2022-10-07T03:00:00.000","RIVERSIDE DR / BURTON DR","EASTBOUND","THRU","true","6","18.333","10.783","0.817","0.591","10","7","2022","3","0","5","900"
"44f1cefbe6d5e440672cd6725bf5b380","7343","2022-10-07T03:00:00.000","RIVERSIDE DR / BURTON DR","NORTHBOUND","LEFT TURN","false","2","2.0","2.828","24.6","2.546","10","7","2022","3","0","5","900"
"7a2464b7f0ba8846a58f9b55b0aeac90","7343","2022-10-07T03:00:00.000","RIVERSIDE DR / BURTON DR","NORTHBOUND","THRU","false","1","45.0","0.0","0.7","0.0","10","7","2022","3","0","5","900"
"f92bd6cdbf8a1df1ddb505366c9213a3","7343","2022-10-07T03:00:00.000","RIVERSIDE DR / BURTON DR","NORTHBOUND","THRU","true","1","22.0","0.0","1.4","0.0","10","7","2022","3","0","5","900"
"c8fd229e808c153390b7c4a87e14b8fd","7343","2022-10-07T03:00:00.000","RIVERSIDE DR / BURTON DR","SOUTHBOUND","RIGHT TURN","false","2","9.0","2.828","4.25","1.202","10","7","2022","3","0","5","900"
"0589d2a86a4c0cbf90da0adc2d8a1b93","7343","2022-10-07T03:00:00.000","RIVERSIDE DR / BURTON DR","SOUTHBOUND","RIGHT TURN","true","3","7.333","0.577","4.6","0.265","10","7","2022","3","0","5","900"
"e7b91ce35b351b6a9963905d785eb898","7343","2022-10-07T03:00:00.000","RIVERSIDE DR / BURTON DR","SOUTHBOUND","THRU","true","3","23.333","8.145","2.9","3.387","10","7","2022","3","0","5","900"
"c770c806732c36c7af07bbd953ac35ee","7343","2022-10-07T03:00:00.000","RIVERSIDE DR / BURTON DR","WESTBOUND","LEFT TURN","true","1","0.0","0.0","4.1","0.0","10","7","2022","3","0","5","900"
"21865728c5eb2cfcccae4e2e1ac56c2c","7343","2022-10-07T03:00:00.000","RIVERSIDE DR / BURTON DR","WESTBOUND","RIGHT TURN","false","2","0.0","0.0","6.95","2.758","10","7","2022","3","0","5","900"
"eb5734595528aedc33279dee91b7a545","7343","2022-10-07T03:00:00.000","RIVERSIDE DR / BURTON DR","WESTBOUND","THRU","false","14","20.857","21.096","13.286","15.051","10","7","2022","3","0","5","900"
"82e8ee8ad624f7cd4bd843ffa4bb7b3a","7343","2022-10-07T03:00:00.000","RIVERSIDE DR / BURTON DR","WESTBOUND","THRU","true","7","15.571","21.816","12.571","9.242","10","7","2022","3","0","5","900"
"4ecb7425d87153748d49f6fcbad6686f","7343","2022-10-07T03:15:00.000","RIVERSIDE DR / BURTON DR","EASTBOUND","LEFT TURN","false","2","14.5","3.536","38.3","51.336","10","7","2022","3","15","5","900"
"dc84f0bb76261dc4814e7396b666e97b","7343","2022-10-07T03:15:00.000","RIVERSIDE DR / BURTON DR","EASTBOUND","LEFT TURN","true","2","0.0","0.0","29.8","41.861","10","7","2022","3","15","5","900"
"85c7642adebd11b5a1b11bdc6d6c58d4","7343","2022-10-07T03:15:00.000","RIVERSIDE DR / BURTON DR","EASTBOUND","THRU","false","1","13.0","0.0","26.0","0.0","10","7","2022","3","15","5","900"
"8d79f67b97b2f52f68a4250825b6b36c","7343","2022-10-07T03:15:00.000","RIVERSIDE DR / BURTON DR","EASTBOUND","THRU","true","10","17.7","14.338","5.31","5.993","10","7","2022","3","15","5","900"
"f0b007c654c802c7a20b165a03593b8b","7343","2022-10-07T03:15:00.000","RIVERSIDE DR / BURTON DR","NORTHBOUND","LEFT TURN","false","2","41.0","9.899","2.1","0.141","10","7","2022","3","15","5","900"
"c5bc8bf246fc179cba6a97f2529429fe","7343","2022-10-07T03:15:00.000","RIVERSIDE DR / BURTON DR","NORTHBOUND","LEFT TURN","true","1","0.0","0.0","30.3","0.0","10","7","2022","3","15","5","900"
"139058e0b1a3a43588f3f2a9aa65b5b8","7343","2022-10-07T03:15:00.000","RIVERSIDE DR / BURTON DR","NORTHBOUND","RIGHT TURN","true","4","16.5","13.892","2.075","1.972","10","7","2022","3","15","5","900"
"8db6abba745a9f4715d1fb4c08bba4db","7343","2022-10-07T03:15:00.000","RIVERSIDE DR / BURTON DR","NORTHBOUND","THRU","false","1","4.0","0.0","0.1","0.0","10","7","2022","3","15","5","900"
"7829dde0cc95825c0665336d56aba105","7343","2022-10-07T03:15:00.000","RIVERSIDE DR / BURTON DR","NORTHBOUND","THRU","true","2","41.0","45.255","0.1","0.0","10","7","2022","3","15","5","900"
"13f3018d529fea3931c3c11c82c0c067","7343","2022-10-07T03:15:00.000","RIVERSIDE DR / BURTON DR","SOUTHBOUND","RIGHT TURN","false","1","8.0","0.0","31.3","0.0","10","7","2022","3","15","5","900"
"3ad5afac6d524c18c926f24c00d29d37","7343","2022-10-07T03:15:00.000","RIVERSIDE DR / BURTON DR","WESTBOUND","THRU","false","18","11.167","15.745","14.456","14.839","10","7","2022","3","15","5","900"
"bc5c6a1440a2ed539cc05a0ef6fde558","7343","2022-10-07T03:15:00.000","RIVERSIDE DR / BURTON DR","WESTBOUND","THRU","true","9","12.0","17.909","11.111","12.952","10","7","2022","3","15","5","900"
"42b0ade9adde864c5f961be2844b4467","7343","2022-10-07T03:30:00.000","RIVERSIDE DR / BURTON DR","EASTBOUND","LEFT TURN","true","2","11.0","7.071","23.6","29.274","10","7","2022","3","30","5","900"
"3da996d5ca477d0c5c688995c0b29794","7343","2022-10-07T03:30:00.000","RIVERSIDE DR / BURTON DR","EASTBOUND","RIGHT TURN","true","1","5.0","0.0","0.0","0.0","10","7","2022","3","30","5","900"
"28296a10dc01253d9c4a397e78560a6b","7343","2022-10-07T03:30:00.000","RIVERSIDE DR / BURTON DR","EASTBOUND","THRU","false","2","16.5","7.778","1.3","1.838","10","7","2022","3","30","5","900"
"ed57608ca6e5f7a42495c7993e9b12a9","7343","2022-10-07T03:30:00.000","RIVERSIDE DR / BURTON DR","EASTBOUND","THRU","true","5","26.4","11.589","1.08","1.213","10","7","2022","3","30","5","900"
"9fbe0ca1c9e3a0f811ba33d424d05f7e","7343","2022-10-07T03:30:00.000","RIVERSIDE DR / BURTON DR","NORTHBOUND","LEFT TURN","false","2","37.5","16.263","2.1","1.414","10","7","2022","3","30","5","900"
"f23e0f1757eab118cf63bd0d7061b75e","7343","2022-10-07T03:30:00.000","RIVERSIDE DR / BURTON DR","NORTHBOUND","LEFT TURN","true","1","39.0","0.0","2.6","0.0","10","7","2022","3","30","5","900"
"0a88e53bfe4cb846f8e6728b7d622c20","7343","2022-10-07T03:30:00.000","RIVERSIDE DR / BURTON DR","NORTHBOUND","RIGHT TURN","true","1","0.0","0.0","2.7","0.0","10","7","2022","3","30","5","900"
"1d306ec91360864feaf8fe8d0858fc8e","7343","2022-10-07T03:30:00.000","RIVERSIDE DR / BURTON DR","NORTHBOUND","THRU","false","3","16.0","21.166","3.5","5.631","10","7","2022","3","30","5","900"
"46f2d650b0251d054a7f349382c730c0","7343","2022-10-07T03:30:00.000","RIVERSIDE DR / BURTON DR","SOUTHBOUND","RIGHT TURN","false","2","9.0","2.828","6.5","0.0","10","7","2022","3","30","5","900"
"e230a3a6bf15fc5ad3188fb3a74d6975","7343","2022-10-07T03:30:00.000","RIVERSIDE DR / BURTON DR","WESTBOUND","LEFT TURN","false","1","0.0","0.0","0.1","0.0","10","7","2022","3","30","5","900"
"d71412e5f8fcb579152dbf51a67fff27","7343","2022-10-07T03:30:00.000","RIVERSIDE DR / BURTON DR","WESTBOUND","RIGHT TURN","false","1","0.0","0.0","6.6","0.0","10","7","2022","3","30","5","900"
"da237a590e604dd3dc691e721ef11527","7343","2022-10-07T03:30:00.000","RIVERSIDE DR / BURTON DR","WESTBOUND","THRU","false","10","21.2","26.153","9.34","8.201","10","7","2022","3","30","5","900"
"204b39ff96a1ccb4148bff99ee1e0c1a","7343","2022-10-07T03:30:00.000","RIVERSIDE DR / BURTON DR","WESTBOUND","THRU","true","5","10.2","15.205","9.56","9.386","10","7","2022","3","30","5","900"
"a52cdd5f2c41a3b109f2513b46883790","7343","2022-10-07T03:45:00.000","RIVERSIDE DR / BURTON DR","EASTBOUND","LEFT TURN","false","1","10.0","0.0","14.5","0.0","10","7","2022","3","45","5","900"
"641c6d2e3a4435eafc8816ad10877cd1","7343","2022-10-07T03:45:00.000","RIVERSIDE DR / BURTON DR","EASTBOUND","LEFT TURN","true","1","11.0","0.0","19.7","0.0","10","7","2022","3","45","5","900"
"6ac733deeab9abe88b4378cf0e7228d5","7343","2022-10-07T03:45:00.000","RIVERSIDE DR / BURTON DR","EASTBOUND","THRU","false","1","0.0","0.0","0.3","0.0","10","7","2022","3","45","5","900"
"4370ada7857b24b92cd83c292b3e6238","7343","2022-10-07T03:45:00.000","RIVERSIDE DR / BURTON DR","EASTBOUND","THRU","true","3","23.0","20.952","1.333","1.25","10","7","2022","3","45","5","900"
"38d78b0dac662200e23049daea18f656","7343","2022-10-07T03:45:00.000","RIVERSIDE DR / BURTON DR","NORTHBOUND","THRU","false","1","46.0","0.0","0.1","0.0","10","7","2022","3","45","5","900"
"4d79451dbd173a947c877d2b8b98e137","7343","2022-10-07T03:45:00.000","RIVERSIDE DR / BURTON DR","NORTHBOUND","THRU","true","1","0.0","0.0","3.8","0.0","10","7","2022","3","45","5","900"
"8e7e4000cb36d137114db3053f5e4898","7343","2022-10-07T03:45:00.000","RIVERSIDE DR / BURTON DR","SOUTHBOUND","LEFT TURN","true","1","14.0","0.0","16.2","0.0","10","7","2022","3","45","5","900"
"d94cf1dc1e41cf0ffcc8dfd3acf89e65","7343","2022-10-07T03:45:00.000","RIVERSIDE DR / BURTON DR","SOUTHBOUND","RIGHT TURN","false","3","7.667","1.155","10.1","9.315","10","7","2022","3","45","5","900"
"229e8c2e9a4cb75ca4ae24d3aaf9ca95","7343","2022-10-07T03:45:00.000","RIVERSIDE DR / BURTON DR","SOUTHBOUND","RIGHT TURN","true","4","9.75","1.5","4.25","0.87","10","7","2022","3","45","5","900"
"56d2c4076c7f39488b6d64eede6fa5ea","7343","2022-10-07T03:45:00.000","RIVERSIDE DR / BURTON DR","SOUTHBOUND","THRU","false","1","10.0","0.0","28.5","0.0","10","7","2022","3","45","5","900"
"be8db1e805df31b6f40534bc86652051","7343","2022-10-07T03:45:00.000","RIVERSIDE DR / BURTON DR","WESTBOUND","LEFT TURN","true","1","12.0","0.0","9.3","0.0","10","7","2022","3","45","5","900"
"280c4a263fd86e89c99c269ae974d2fd","7343","2022-10-07T03:45:00.000","RIVERSIDE DR / BURTON DR","WESTBOUND","RIGHT TURN","false","2","3.0","4.243","4.2","3.536","10","7","2022","3","45","5","900"
"38ef78561defa728ff51d805321c069b","7343","2022-10-07T03:45:00.000","RIVERSIDE DR / BURTON DR","WESTBOUND","THRU","false","16","13.312","19.116","8.612","6.369","10","7","2022","3","45","5","900"
"a3719402ef26259e6d61cef3907128f1","7343","2022-10-07T03:45:00.000","RIVERSIDE DR / BURTON DR","WESTBOUND","THRU","true","9","12.778","17.028","14.6","15.733","10","7","2022","3","45","5","900"
"c23caeb3432b9781e2c3fe4b4f1a53f8","7343","2022-10-07T04:00:00.000","RIVERSIDE DR / BURTON DR","EASTBOUND","LEFT TURN","false","3","5.667","6.028","29.933","49.694","10","7","2022","4","0","5","900"
"1de9ba16ddf1b781e67f83b053fe7cbe","7343","2022-10-07T04:00:00.000","RIVERSIDE DR / BURTON DR","EASTBOUND","THRU","true","7","10.286","5.823","1.171","1.707","10","7","2022","4","0","5","900"
"2f4f0e7de361b26d596d68e2868e3d70","7343","2022-10-07T04:00:00.000","RIVERSIDE DR / BURTON DR","NORTHBOUND","LEFT TURN","false","1","36.0","0.0","2.5","0.0","10","7","2022","4","0","5","900"
"bf52fbf9be4841d72ccd0e66abb27e28","7343","2022-10-07T04:00:00.000","RIVERSIDE DR / BURTON DR","NORTHBOUND","LEFT TURN","true","2","14.5","20.506","8.55","6.576","10","7","2022","4","0","5","900"
"6af1596a728dec9bebb4b77116ef8b3f","7343","2022-10-07T04:00:00.000","RIVERSIDE DR / BURTON DR","NORTHBOUND","THRU","true","2","9.5","7.778","2.55","0.071","10","7","2022","4","0","5","900"
"dbdb8729a0bbc6b095d2e515b7cfd043","7343","2022-10-07T04:00:00.000","RIVERSIDE DR / BURTON DR","SOUTHBOUND","RIGHT TURN","false","2","9.0","1.414","5.95","2.616","10","7","2022","4","0","5","900"
"9926eaa7594ecc09e1effcc4e8da82e3","7343","2022-10-07T04:00:00.000","RIVERSIDE DR / BURTON DR","SOUTHBOUND","RIGHT TURN","true","1","8.0","0.0","3.2","0.0","10","7","2022","4","0","5","900"
"edc8a09e064a47e2750dfb2a4536fd3d","7343","2022-10-07T04:00:00.000","RIVERSIDE DR / BURTON DR","SOUTHBOUND","THRU","true","1","15.0","0.0","4.2","0.0","10","7","2022","4","0","5","900"
"7a517c552ab88c8fed2ce9726038b58d","7343","2022-10-07T04:00:00.000","RIVERSIDE DR / BURTON DR","WESTBOUND","RIGHT TURN","false","2","0.0","0.0","3.05","2.475","10","7","2022","4","0","5","900"
"e7686dd7d33748176efda2e92bd3efe8","7343","2022-10-07T04:00:00.000","RIVERSIDE DR / BURTON DR","WESTBOUND","THRU","false","11","11.818","16.185","12.409","14.087","10","7","2022","4","0","5","900"
"65a6e4bec3216b711aa7c70af8625f13","7343","2022-10-07T04:00:00.000","RIVERSIDE DR / BURTON DR","WESTBOUND","THRU","true","7","13.857","19.17","12.3","12.594","10","7","2022","4","0","5","900"
"a32635dd280d2cb8eab0cf4347716670","7343","2022-10-07T04:15:00.000","RIVERSIDE DR / BURTON DR","EASTBOUND","LEFT TURN","true","1","30.0","0.0","1.6","0.0","10","7","2022","4","15","5","900"
"cda9ce863531a335f8b737c7f29e0327","7343","2022-10-07T04:15:00.000","RIVERSIDE DR / BURTON DR","EASTBOUND","THRU","false","3","4.667","8.083","3.133","5.341","10","7","2022","4","15","5","900"
"5fc17e35712bd855123221cb673564ed","7343","2022-10-07T04:15:00.000","RIVERSIDE DR / BURTON DR","EASTBOUND","THRU","true","3","23.0","14.731","6.433","9.091","10","7","2022","4","15","5","900"
"36f568e7f0b45b8ae17d3a6c88438466","7343","2022-10-07T04:15:00.000","RIVERSIDE DR / BURTON DR","NORTHBOUND","LEFT TURN","true","1","0.0","0.0","18.3","0.0","10","7","2022","4","15","5","900"
"160c28116cd74e26cbbc70808c07b679","7343","2022-10-07T04:15:00.000","RIVERSIDE DR / BURTON DR","NORTHBOUND","THRU","false","2","24.0","33.941","11.45","13.364","10","7","2022","4","15","5","900"
"55819ae913dddf4c1a25556ee85a252e","7343","2022-10-07T04:15:00.000","RIVERSIDE DR / BURTON DR","SOUTHBOUND","RIGHT TURN","false","2","8.0","1.414","2.35","3.182","10","7","2022","4","15","5","900"
"f0296dfcdbee15d02951f835551ee277","7343","2022-10-07T04:15:00.000","RIVERSIDE DR / BURTON DR","SOUTHBOUND","RIGHT TURN","true","1","8.0","0.0","9.9","0.0","10","7","2022","4","15","5","900"
"7655e234e61e02cc79004d054899552a","7343","2022-10-07T04:15:00.000","RIVERSIDE DR / BURTON DR","SOUTHBOUND","THRU","true","1","27.0","0.0","2.4","0.0","10","7","2022","4","15","5","900"
"46c3da57f81d5f2aee5a93fd5e0dd1f9","7343","2022-10-07T04:15:00.000","RIVERSIDE DR / BURTON DR","WESTBOUND","LEFT TURN","false","1","12.0","0.0","19.3","0.0","10","7","2022","4","15","5","900"
"b25f1c82e4a5f18cc8a91c57d5963797","7343","2022-10-07T04:15:00.000","RIVERSIDE DR / BURTON DR","WESTBOUND","LEFT TURN","true","1","14.0","0.0","0.1","0.0","10","7","2022","4","15","5","900"
"d2bc2cce67296554954af8f2920dfd7b","7343","2022-10-07T04:15:00.000","RIVERSIDE DR / BURTON DR","WESTBOUND","THRU","false","15","5.8","11.942","14.74","13.168","10","7","2022","4","15","5","900"
"6e052c579fee4f3e4e988f5fb2f4b073","7343","2022-10-07T04:15:00.000","RIVERSIDE DR / BURTON DR","WESTBOUND","THRU","true","19","17.579","21.65","12.363","12.139","10","7","2022","4","15","5","900"
"337007c2c39fe6d5f5b2e457533e22fd","7343","2022-10-07T04:30:00.000","RIVERSIDE DR / BURTON DR","EASTBOUND","LEFT TURN","true","1","8.0","0.0","0.0","0.0","10","7","2022","4","30","5","900"
"f09a221d9a591da066bfca03e60f6b41","7343","2022-10-07T04:30:00.000","RIVERSIDE DR / BURTON DR","EASTBOUND","RIGHT TURN","true","1","24.0","0.0","6.4","0.0","10","7","2022","4","30","5","900"
"1d989ea3bbd47abe95472af483bdccda","7343","2022-10-07T04:30:00.000","RIVERSIDE DR / BURTON DR","EASTBOUND","THRU","false","1","6.0","0.0","26.1","0.0","10","7","2022","4","30","5","900"
"c04616a2eae3d825ddb9c48af9e18509","7343","2022-10-07T04:30:00.000","RIVERSIDE DR / BURTON DR","EASTBOUND","THRU","true","10","17.1","12.679","7.06","9.226","10","7","2022","4","30","5","900"
"160496e60df9998ff066471dbe98f985","7343","2022-10-07T04:30:00.000","RIVERSIDE DR / BURTON DR","NORTHBOUND","LEFT TURN","false","2","23.0","21.213","18.85","23.405","10","7","2022","4","30","5","900"
"7a01ddb49257d363519ed8592ec775ad","7343","2022-10-07T04:30:00.000","RIVERSIDE DR / BURTON DR","NORTHBOUND","LEFT TURN","true","1","30.0","0.0","1.3","0.0","10","7","2022","4","30","5","900"
"498baec526827b00c2bfc61a96499041","7343","2022-10-07T04:30:00.000","RIVERSIDE DR / BURTON DR","NORTHBOUND","THRU","false","2","30.5","40.305","9.45","12.799","10","7","2022","4","30","5","900"
"87b72483a7584e5b55c1c5bfd4249b4d","7343","2022-10-07T04:30:00.000","RIVERSIDE DR / BURTON DR","NORTHBOUND","THRU","true","1","11.0","0.0","6.1","0.0","10","7","2022","4","30","5","900"
"50d2bc7f32ba4f7861eedbc47f2b39a7","7343","2022-10-07T04:30:00.000","RIVERSIDE DR / BURTON DR","SOUTHBOUND","LEFT TURN","false","1","0.0","0.0","6.7","0.0","10","7","2022","4","30","5","900"
"97cfe6e577e5ff54d4c04248c3051e2a","7343","2022-10-07T04:30:00.000","RIVERSIDE DR / BURTON DR","SOUTHBOUND","LEFT TURN","true","3","19.0","8.544","9.967","12.763","10","7","2022","4","30","5","900"
"1387c78c62a738d77a90da9b4eb825b5","7343","2022-10-07T04:30:00.000","RIVERSIDE DR / BURTON DR","SOUTHBOUND","RIGHT TURN","true","2","11.0","1.414","3.8","0.707","10","7","2022","4","30","5","900"
"c2cd5bf5f19ef4cc5b72cb64d1d36655","7343","2022-10-07T04:30:00.000","RIVERSIDE DR / BURTON DR","WESTBOUND","LEFT TURN","false","1","15.0","0.0","3.9","0.0","10","7","2022","4","30","5","900"
"37b324975122d3301c99d98ed387ed96","7343","2022-10-07T04:30:00.000","RIVERSIDE DR / BURTON DR","WESTBOUND","THRU","false","22","13.545","15.228","10.023","12.398","10","7","2022","4","30","5","900"
"a482b402c587283907ec1d5c9d818f49","7343","2022-10-07T04:30:00.000","RIVERSIDE DR / BURTON DR","WESTBOUND","THRU","true","11","21.273","20.871","12.991","17.758","10","7","2022","4","30","5","900"
"371599d99cb1066a4d2699cea99abfe8","7343","2022-10-07T04:45:00.000","RIVERSIDE DR / BURTON DR","EASTBOUND","LEFT TURN","false","1","0.0","0.0","0.0","0.0","10","7","2022","4","45","5","900"
"bb44205dc00a01920d3cb8faa5fbfe69","7343","2022-10-07T04:45:00.000","RIVERSIDE DR / BURTON DR","EASTBOUND","LEFT TURN","true","1","0.0","0.0","0.5","0.0","10","7","2022","4","45","5","900"
"0967711b247ff425106c8efc907fcd88","7343","2022-10-07T04:45:00.000","RIVERSIDE DR / BURTON DR","EASTBOUND","THRU","false","1","11.0","0.0","24.1","0.0","10","7","2022","4","45","5","900"
"a500ab281eed9f4b8f8923409d12a7b9","7343","2022-10-07T04:45:00.000","RIVERSIDE DR / BURTON DR","EASTBOUND","THRU","true","8","18.875","17.423","4.538","7.257","10","7","2022","4","45","5","900"
"c9e0aacf6e36721c6650f2ba80bb1605","7343","2022-10-07T04:45:00.000","RIVERSIDE DR / BURTON DR","NORTHBOUND","LEFT TURN","false","2","2.0","2.828","24.75","3.606","10","7","2022","4","45","5","900"
"b36eabb53271c97cad68ca0391ed54a5","7343","2022-10-07T04:45:00.000","RIVERSIDE DR / BURTON DR","NORTHBOUND","LEFT TURN","true","1","36.0","0.0","2.4","0.0","10","7","2022","4","45","5","900"
"91acf2a66b88ee30d93ec0c238841c07","7343","2022-10-07T04:45:00.000","RIVERSIDE DR / BURTON DR","NORTHBOUND","THRU","false","1","8.0","0.0","20.3","0.0","10","7","2022","4","45","5","900"
"3bc5462ae441ed680fdaff7a633faa19","7343","2022-10-07T04:45:00.000","RIVERSIDE DR / BURTON DR","NORTHBOUND","THRU","true","2","18.5","26.163","1.0","1.273","10","7","2022","4","45","5","900"
"6fd0d0b94073637601e20b60af1a19e3","7343","2022-10-07T04:45:00.000","RIVERSIDE DR / BURTON DR","SOUTHBOUND","LEFT TURN","true","1","0.0","0.0","5.1","0.0","10","7","2022","4","45","5","900"
"bc00606e91dfbe4979b2759689644503","7343","2022-10-07T04:45:00.000","RIVERSIDE DR / BURTON DR","SOUTHBOUND","RIGHT TURN","false","4","9.5","2.517","3.375","1.825","10","7","2022","4","45","5","900"
"93989cbb83f97f14dc65f11f60dbe9f8","7343","2022-10-07T04:45:00.000","RIVERSIDE DR / BURTON DR","SOUTHBOUND","RIGHT TURN","true","3","12.0","1.0","3.2","1.153","10","7","2022","4","45","5","900"
"88c034f0a2b62776b864937236b3ed07","7343","2022-10-07T04:45:00.000","RIVERSIDE DR / BURTON DR","SOUTHBOUND","THRU","true","1","15.0","0.0","0.1","0.0","10","7","2022","4","45","5","900"
"5292584c49c8dab813bdbf13935e7dac","7343","2022-10-07T04:45:00.000","RIVERSIDE DR / BURTON DR","WESTBOUND","LEFT TURN","true","1","18.0","0.0","2.8","0.0","10","7","2022","4","45","5","900"
"1d36580a4174ebfd12aa96f4f42268a7","7343","2022-10-07T04:45:00.000","RIVERSIDE DR / BURTON DR","WESTBOUND","THRU","false","22","18.273","19.236","10.086","11.157","10","7","2022","4","45","5","900"
"1d408635feeff48d11b055c5bfd14442","7343","2022-10-07T04:45:00.000","RIVERSIDE DR / BURTON DR","WESTBOUND","THRU","true","24","13.542","19.022","11.217","11.317","10","7","2022","4","45","5","900"
"4e55210a84396fbec86c66adcddd88ec","7343","2022-10-07T05:00:00.000","RIVERSIDE DR / BURTON DR","EASTBOUND","LEFT TURN","false","2","10.0","2.828","32.55","24.537","10","7","2022","5","0","5","900"
"4257025c936b44b7420e37defc04025e","7343","2022-10-07T05:00:00.000","RIVERSIDE DR / BURTON DR","EASTBOUND","LEFT TURN","true","1","0.0","0.0","0.4","0.0","10","7","2022","5","0","5","900"
"05df4b47d1a3925345b2a28ae4c2f42f","7343","2022-10-07T05:00:00.000","RIVERSIDE DR / BURTON DR","EASTBOUND","THRU","false","2","5.0","7.071","0.5","0.566","10","7","2022","5","0","5","900"
"3a0af55dcdc8eca949d27205093032e2","7343","2022-10-07T05:00:00.000","RIVERSIDE DR / BURTON DR","EASTBOUND","THRU","true","9","28.444","17.994","3.156","4.816","10","7","2022","5","0","5","900"
"71dcff5d8590e2811e6167914a83c35a","7343","2022-10-07T05:00:00.000","RIVERSIDE DR / BURTON DR","NORTHBOUND","LEFT TURN","false","2","25.5","24.749","1.85","0.495","10","7","2022","5","0","5","900"
"9faed84c07975e067e46d3d6c7d73496","7343","2022-10-07T05:00:00.000","RIVERSIDE DR / BURTON DR","NORTHBOUND","LEFT TURN","true","4","14.25","17.557","8.2","7.896","10","7","2022","5","0","5","900"
"8c5a4d7064259fb5b1b01cd6f51936ed","7343","2022-10-07T05:00:00.000","RIVERSIDE DR / BURTON DR","NORTHBOUND","THRU","false","2","30.5","28.991","9.65","12.94","10","7","2022","5","0","5","900"
"ad720292d11896601528c045369d4275","7343","2022-10-07T05:00:00.000","RIVERSIDE DR / BURTON DR","NORTHBOUND","THRU","true","2","5.0","7.071","2.35","2.192","10","7","2022","5","0","5","900"
"2841c70ea17aa7c1010a6cabb910a5c3","7343","2022-10-07T05:00:00.000","RIVERSIDE DR / BURTON DR","SOUTHBOUND","LEFT TURN","true","1","22.0","0.0","2.8","0.0","10","7","2022","5","0","5","900"
"5caf128aec4d080475e536c49555a848","7343","2022-10-07T05:00:00.000","RIVERSIDE DR / BURTON DR","SOUTHBOUND","RIGHT TURN","false","2","12.5","2.121","3.3","0.283","10","7","2022","5","0","5","900"
"61c9b63cbef57e142b410dc1aa683e38","7343","2022-10-07T05:00:00.000","RIVERSIDE DR / BURTON DR","SOUTHBOUND","THRU","true","1","10.0","0.0","19.2","0.0","10","7","2022","5","0","5","900"
"2266ec51c950017e6c83d3d38dd96cad","7343","2022-10-07T05:00:00.000","RIVERSIDE DR / BURTON DR","WESTBOUND","LEFT TURN","false","1","11.0","0.0","0.1","0.0","10","7","2022","5","0","5","900"
"faa4759d69437e5d4a268dcf7ec338eb","7343","2022-10-07T05:00:00.000","RIVERSIDE DR / BURTON DR","WESTBOUND","LEFT TURN","true","2","8.0","11.314","1.25","1.768","10","7","2022","5","0","5","900"
"0817f05b64182e0ebc34faa5e9f88141","7343","2022-10-07T05:00:00.000","RIVERSIDE DR / BURTON DR","WESTBOUND","THRU","false","27","19.074","20.584","9.874","11.742","10","7","2022","5","0","5","900"
"64f652037612a351b440f9b3446bc423","7343","2022-10-07T05:00:00.000","RIVERSIDE DR / BURTON DR","WESTBOUND","THRU","true","27","8.741","12.559","10.067","9.498","10","7","2022","5","0","5","900"
"e9c103f12e5726a6c3e9cfea29b9446d","7343","2022-10-07T05:15:00.000","RIVERSIDE DR / BURTON DR","EASTBOUND","LEFT TURN","false","1","15.0","0.0","2.5","0.0","10","7","2022","5","15","5","900"
"739b19645255829890d08d220992bedc","7343","2022-10-07T05:15:00.000","RIVERSIDE DR / BURTON DR","EASTBOUND","LEFT TURN","true","1","15.0","0.0","2.7","0.0","10","7","2022","5","15","5","900"
"5855c7eec588c4a1ea6c909f4681e683","7343","2022-10-07T05:15:00.000","RIVERSIDE DR / BURTON DR","EASTBOUND","RIGHT TURN","true","3","16.333","8.505","2.2","0.9","10","7","2022","5","15","5","900"
"9827ca1e950c28b5a9b2e3a380075c6f","7343","2022-10-07T05:15:00.000","RIVERSIDE DR / BURTON DR","EASTBOUND","THRU","false","3","16.0","27.713","2.3","2.96","10","7","2022","5","15","5","900"
"7dadf100cda28b4af3e2556e7a3ee462","7343","2022-10-07T05:15:00.000","RIVERSIDE DR / BURTON DR","EASTBOUND","THRU","true","15","20.333","16.167","4.847","6.332","10","7","2022","5","15","5","900"
"7ee08f06851abe72a1cffd07fab5728f","7343","2022-10-07T05:15:00.000","RIVERSIDE DR / BURTON DR","EASTBOUND","U-TURN","false","1","6.0","0.0","89.7","0.0","10","7","2022","5","15","5","900"
"4b15d9694da1374c6210c027a2525a2f","7343","2022-10-07T05:15:00.000","RIVERSIDE DR / BURTON DR","NORTHBOUND","LEFT TURN","false","3","15.333","20.033","14.167","13.979","10","7","2022","5","15","5","900"
"b33d0f762bb7ffd605fd82f36a0bfca4","7343","2022-10-07T05:15:00.000","RIVERSIDE DR / BURTON DR","NORTHBOUND","LEFT TURN","true","3","12.333","18.824","12.567","19.206","10","7","2022","5","15","5","900"
"c743621148436bb1b04c0156d9749910","7343","2022-10-07T05:15:00.000","RIVERSIDE DR / BURTON DR","NORTHBOUND","RIGHT TURN","true","1","24.0","0.0","1.1","0.0","10","7","2022","5","15","5","900"
"7ca8a017c583f29202e69ae3c39392ff","7343","2022-10-07T05:15:00.000","RIVERSIDE DR / BURTON DR","NORTHBOUND","THRU","false","2","10.0","14.142","20.15","17.183","10","7","2022","5","15","5","900"
"84b6afe465fa8631e22294a581b3be8d","7343","2022-10-07T05:15:00.000","RIVERSIDE DR / BURTON DR","NORTHBOUND","THRU","true","2","10.5","9.192","1.9","2.546","10","7","2022","5","15","5","900"
"a836b031493d1e211807782206fe2abf","7343","2022-10-07T05:15:00.000","RIVERSIDE DR / BURTON DR","SOUTHBOUND","RIGHT TURN","false","2","10.0","4.243","3.85","1.626","10","7","2022","5","15","5","900"
"651b2c435c8eb52dbfd68280a4d23475","7343","2022-10-07T05:15:00.000","RIVERSIDE DR / BURTON DR","SOUTHBOUND","RIGHT TURN","true","3","8.667","1.155","3.333","0.808","10","7","2022","5","15","5","900"
"0e2e7aab41bdae69d4d4446addf4aa15","7343","2022-10-07T05:15:00.000","RIVERSIDE DR / BURTON DR","WESTBOUND","LEFT TURN","false","1","13.0","0.0","5.2","0.0","10","7","2022","5","15","5","900"
"884ef4135ea060bbd29b324633c42106","7343","2022-10-07T05:15:00.000","RIVERSIDE DR / BURTON DR","WESTBOUND","LEFT TURN","true","1","13.0","0.0","1.0","0.0","10","7","2022","5","15","5","900"
"84667ba44caba5293a36099e88e168e0","7343","2022-10-07T05:15:00.000","RIVERSIDE DR / BURTON DR","WESTBOUND","RIGHT TURN","false","2","0.0","0.0","6.15","0.495","10","7","2022","5","15","5","900"
"d5471a003e866798a371cbcbca4a0fd3","7343","2022-10-07T05:15:00.000","RIVERSIDE DR / BURTON DR","WESTBOUND","THRU","false","52","19.5","17.642","8.075","9.54","10","7","2022","5","15","5","900"
"fd2938ad95e7ad58dff57c7c7869736b","7343","2022-10-07T05:15:00.000","RIVERSIDE DR / BURTON DR","WESTBOUND","THRU","true","36","16.833","17.983","12.836","14.427","10","7","2022","5","15","5","900"
"cdaa965d1ffd273411f95945079ee3aa","7343","2022-10-07T05:30:00.000","RIVERSIDE DR / BURTON DR","EASTBOUND","LEFT TURN","true","1","11.0","0.0","45.5","0.0","10","7","2022","5","30","5","900"
"6f12df0a71f0e32aeaeec553f35f17e2","7343","2022-10-07T05:30:00.000","RIVERSIDE DR / BURTON DR","EASTBOUND","RIGHT TURN","true","1","0.0","0.0","0.1","0.0","10","7","2022","5","30","5","900"
"a4271e737ffdf8ab40cc0b1f5641b4dd","7343","2022-10-07T05:30:00.000","RIVERSIDE DR / BURTON DR","EASTBOUND","THRU","true","18","29.667","12.136","6.35","17.917","10","7","2022","5","30","5","900"
"f6ba6ad1c27cbaf59d26cc886a0f0467","7343","2022-10-07T05:30:00.000","RIVERSIDE DR / BURTON DR","NORTHBOUND","LEFT TURN","false","7","22.857","14.439","25.957","26.161","10","7","2022","5","30","5","900"
"a4cdec871803f55da6102947ed859475","7343","2022-10-07T05:30:00.000","RIVERSIDE DR / BURTON DR","NORTHBOUND","LEFT TURN","true","5","20.4","17.558","22.66","23.006","10","7","2022","5","30","5","900"
"2b923bc1ad3f02743a1011826f6f5d0d","7343","2022-10-07T05:30:00.000","RIVERSIDE DR / BURTON DR","NORTHBOUND","RIGHT TURN","true","1","17.0","0.0","0.6","0.0","10","7","2022","5","30","5","900"
"6b30ec7df170ce2566b09431469ab9ad","7343","2022-10-07T05:30:00.000","RIVERSIDE DR / BURTON DR","NORTHBOUND","THRU","false","3","36.667","26.764","22.6","36.912","10","7","2022","5","30","5","900"
"028401de89b34a933b71d71b29559708","7343","2022-10-07T05:30:00.000","RIVERSIDE DR / BURTON DR","NORTHBOUND","THRU","true","1","48.0","0.0","2.0","0.0","10","7","2022","5","30","5","900"
"fd6a349aeeb8f8f4a360ad62b4badd87","7343","2022-10-07T05:30:00.000","RIVERSIDE DR / BURTON DR","SOUTHBOUND","LEFT TURN","true","1","18.0","0.0","2.9","0.0","10","7","2022","5","30","5","900"
"1e3b04595f0df3002f5141b7cb156346","7343","2022-10-07T05:30:00.000","RIVERSIDE DR / BURTON DR","SOUTHBOUND","RIGHT TURN","false","3","9.333","2.082","5.5","3.727","10","7","2022","5","30","5","900"
"a87d98d413c774f5ebd9496f9a4a2cfe","7343","2022-10-07T05:30:00.000","RIVERSIDE DR / BURTON DR","SOUTHBOUND","RIGHT TURN","true","4","10.75","1.708","5.4","2.094","10","7","2022","5","30","5","900"
"15830e1bb9f35e36a7ef2b3ac2066496","7343","2022-10-07T05:30:00.000","RIVERSIDE DR / BURTON DR","SOUTHBOUND","THRU","true","1","33.0","0.0","1.7","0.0","10","7","2022","5","30","5","900"
"9732eaeb3d90ef28b452270077a70e52","7343","2022-10-07T05:30:00.000","RIVERSIDE DR / BURTON DR","WESTBOUND","LEFT TURN","false","1","15.0","0.0","4.2","0.0","10","7","2022","5","30","5","900"
"0e37eed34abd097d9fea0cc84afc42f5","7343","2022-10-07T05:30:00.000","RIVERSIDE DR / BURTON DR","WESTBOUND","LEFT TURN","true","4","12.25","4.193","5.95","8.322","10","7","2022","5","30","5","900"
"8ebabcb55ddfd9d7bde1e8a0dba6e209","7343","2022-10-07T05:30:00.000","RIVERSIDE DR / BURTON DR","WESTBOUND","RIGHT TURN","false","1","0.0","0.0","5.1","0.0","10","7","2022","5","30","5","900"
"d4440a239b3638f693e68cef8ed239fe","7343","2022-10-07T05:30:00.000","RIVERSIDE DR / BURTON DR","WESTBOUND","THRU","false","76","19.553","15.145","6.738","8.792","10","7","2022","5","30","5","900"
"fb5809216512bfd181be165c260c206f","7343","2022-10-07T05:30:00.000","RIVERSIDE DR / BURTON DR","WESTBOUND","THRU","true","42","20.429","17.626","10.99","14.352","10","7","2022","5","30","5","900"
"dc3d93507ec729ae62230ff5113ea917","7343","2022-10-07T05:45:00.000","RIVERSIDE DR / BURTON DR","EASTBOUND","LEFT TURN","true","1","13.0","0.0","31.5","0.0","10","7","2022","5","45","5","900"
"dcd1bc1716981ee3601e50c67e002d3a","7343","2022-10-07T05:45:00.000","RIVERSIDE DR / BURTON DR","EASTBOUND","THRU","false","3","15.333","13.868","0.433","0.351","10","7","2022","5","45","5","900"
"c7607bbbab819ff3e1f1fa84ffa5da74","7343","2022-10-07T05:45:00.000","RIVERSIDE DR / BURTON DR","EASTBOUND","THRU","true","22","29.045","15.308","3.486","7.193","10","7","2022","5","45","5","900"
"023f0aecd1c081030f1a75b98ffb4674","7343","2022-10-07T05:45:00.000","RIVERSIDE DR / BURTON DR","NORTHBOUND","LEFT TURN","false","7","15.143","19.377","15.971","16.89","10","7","2022","5","45","5","900"
"07db1e82c8325f315e8193261ba431f5","7343","2022-10-07T05:45:00.000","RIVERSIDE DR / BURTON DR","NORTHBOUND","LEFT TURN","true","1","17.0","0.0","0.7","0.0","10","7","2022","5","45","5","900"
"0ecbc03320d3350167c75c32a5435dc4","7343","2022-10-07T05:45:00.000","RIVERSIDE DR / BURTON DR","NORTHBOUND","RIGHT TURN","true","3","19.667","4.041","3.033","3.272","10","7","2022","5","45","5","900"
"32fe148ebab3a00ccf9cec7af2ddee59","7343","2022-10-07T05:45:00.000","RIVERSIDE DR / BURTON DR","NORTHBOUND","THRU","false","4","26.0","32.894","27.775","32.476","10","7","2022","5","45","5","900"
"a9ad764aee9fa7dd6a4653f11a6a6af6","7343","2022-10-07T05:45:00.000","RIVERSIDE DR / BURTON DR","NORTHBOUND","THRU","true","5","9.8","13.535","12.92","18.525","10","7","2022","5","45","5","900"
"942fdce7962e3483ac70fcd99354747f","7343","2022-10-07T05:45:00.000","RIVERSIDE DR / BURTON DR","SOUTHBOUND","LEFT TURN","true","3","17.667","6.658","21.2","31.611","10","7","2022","5","45","5","900"
"9062dc9f619b1eadd3b67d1c00097c11","7343","2022-10-07T05:45:00.000","RIVERSIDE DR / BURTON DR","SOUTHBOUND","RIGHT TURN","false","5","7.6","1.342","9.04","6.187","10","7","2022","5","45","5","900"
"cc044f063beb7e20a38ad099c4f5409e","7343","2022-10-07T05:45:00.000","RIVERSIDE DR / BURTON DR","SOUTHBOUND","RIGHT TURN","true","5","7.8","3.114","8.38","11.306","10","7","2022","5","45","5","900"
"272ee6b741653719bc76978a3bd7c6c4","7343","2022-10-07T05:45:00.000","RIVERSIDE DR / BURTON DR","SOUTHBOUND","THRU","false","2","17.5","4.95","31.85","27.506","10","7","2022","5","45","5","900"
"b456ff4813c50d1db8ce55c4c9c39ee7","7343","2022-10-07T05:45:00.000","RIVERSIDE DR / BURTON DR","SOUTHBOUND","THRU","true","2","19.0","4.243","15.7","18.102","10","7","2022","5","45","5","900"
"19c2c2c53c1ba61d7ece19749715da7b","7343","2022-10-07T05:45:00.000","RIVERSIDE DR / BURTON DR","WESTBOUND","LEFT TURN","false","1","21.0","0.0","2.0","0.0","10","7","2022","5","45","5","900"
"dc32ba8986d4737437739ff055599b1c","7343","2022-10-07T05:45:00.000","RIVERSIDE DR / BURTON DR","WESTBOUND","LEFT TURN","true","2","17.5","2.121","2.7","0.566","10","7","2022","5","45","5","900"
"5dc4724f6358dcaf4039c858fc9bb16f","7343","2022-10-07T05:45:00.000","RIVERSIDE DR / BURTON DR","WESTBOUND","RIGHT TURN","false","1","10.0","0.0","4.1","0.0","10","7","2022","5","45","5","900"
"16eb5cb49ab8dce9d7ba71fb0c7a5719","7343","2022-10-07T05:45:00.000","RIVERSIDE DR / BURTON DR","WESTBOUND","THRU","false","89","19.067","14.781","6.873","10.76","10","7","2022","5","45","5","900"
"37659e598cea0d60a3bed3ce2ec09004","7343","2022-10-07T05:45:00.000","RIVERSIDE DR / BURTON DR","WESTBOUND","THRU","true","47","22.191","18.364","7.115","10.026","10","7","2022","5","45","5","900"
"7bd66aadb28c68ac043a60ee707f5193","7343","2022-10-07T06:00:00.000","RIVERSIDE DR / BURTON DR","EASTBOUND","LEFT TURN","false","1","7.0","0.0","33.5","0.0","10","7","2022","6","0","5","900"
"a19e1d3f4f6b1b0732f9c78275b11939","7343","2022-10-07T06:00:00.000","RIVERSIDE DR / BURTON DR","EASTBOUND","THRU","false","4","24.75","17.231","2.075","1.836","10","7","2022","6","0","5","900"
"a7b43e4dd9c3a57d0269a9deb8fa6c87","7343","2022-10-07T06:00:00.000","RIVERSIDE DR / BURTON DR","EASTBOUND","THRU","true","20","17.45","11.816","4.67","7.472","10","7","2022","6","0","5","900"
"827f60e6047a92fef113a24655aadbcc","7343","2022-10-07T06:00:00.000","RIVERSIDE DR / BURTON DR","NORTHBOUND","LEFT TURN","false","7","16.0","15.308","25.9","27.521","10","7","2022","6","0","5","900"
"ae433463851d213e6bcfadb94d204f23","7343","2022-10-07T06:00:00.000","RIVERSIDE DR / BURTON DR","NORTHBOUND","LEFT TURN","true","8","21.375","13.638","20.65","29.896","10","7","2022","6","0","5","900"
"c485e343f1202b28913675b67888251d","7343","2022-10-07T06:00:00.000","RIVERSIDE DR / BURTON DR","NORTHBOUND","RIGHT TURN","true","3","13.0","11.269","3.733","0.252","10","7","2022","6","0","5","900"
"2b6fc455cd448d96ac49fd1bb2231c8f","7343","2022-10-07T06:00:00.000","RIVERSIDE DR / BURTON DR","NORTHBOUND","THRU","false","2","27.5","34.648","14.0","16.971","10","7","2022","6","0","5","900"
"f5ed16d8f15de0fbacda167525f2fa0f","7343","2022-10-07T06:00:00.000","RIVERSIDE DR / BURTON DR","NORTHBOUND","THRU","true","1","23.0","0.0","1.3","0.0","10","7","2022","6","0","5","900"
"7116823d87aaacd7c8e5cb6262fb5d06","7343","2022-10-07T06:00:00.000","RIVERSIDE DR / BURTON DR","SOUTHBOUND","LEFT TURN","true","1","0.0","0.0","7.3","0.0","10","7","2022","6","0","5","900"
"5270b0921357bd0eb93e5efe0caef4b2","7343","2022-10-07T06:00:00.000","RIVERSIDE DR / BURTON DR","SOUTHBOUND","RIGHT TURN","false","2","10.0","1.414","14.45","15.344","10","7","2022","6","0","5","900"
"90e8f7cbffd510e9820dd240916b7e62","7343","2022-10-07T06:00:00.000","RIVERSIDE DR / BURTON DR","SOUTHBOUND","RIGHT TURN","true","4","9.5","1.915","11.3","14.65","10","7","2022","6","0","5","900"
"9327bc3aa3bc45cfe2a5c5ab45a457a4","7343","2022-10-07T06:00:00.000","RIVERSIDE DR / BURTON DR","SOUTHBOUND","THRU","false","1","38.0","0.0","1.7","0.0","10","7","2022","6","0","5","900"
"0aa44b5221a514fbf15331670903691a","7343","2022-10-07T06:00:00.000","RIVERSIDE DR / BURTON DR","SOUTHBOUND","THRU","true","2","16.5","2.121","1.6","1.98","10","7","2022","6","0","5","900"
"8fb91415308e5f6c18993f93bf1e75f2","7343","2022-10-07T06:00:00.000","RIVERSIDE DR / BURTON DR","WESTBOUND","LEFT TURN","false","1","17.0","0.0","4.3","0.0","10","7","2022","6","0","5","900"
"c96265fc836863dab92b1ab915a32a54","7343","2022-10-07T06:00:00.000","RIVERSIDE DR / BURTON DR","WESTBOUND","LEFT TURN","true","1","17.0","0.0","3.3","0.0","10","7","2022","6","0","5","900"
"5e5b61ecfd9b5657686fe6f0b452a88a","7343","2022-10-07T06:00:00.000","RIVERSIDE DR / BURTON DR","WESTBOUND","RIGHT TURN","false","1","25.0","0.0","2.0","0.0","10","7","2022","6","0","5","900"
"12492c5bf7e2f8ebdd42fa31501b53ff","7343","2022-10-07T06:00:00.000","RIVERSIDE DR / BURTON DR","WESTBOUND","RIGHT TURN","true","2","0.0","0.0","5.7","0.707","10","7","2022","6","0","5","900"
"0d0b27aee93e7fcfa62a49fc2d6544f7","7343","2022-10-07T06:00:00.000","RIVERSIDE DR / BURTON DR","WESTBOUND","THRU","false","88","26.955","15.448","5.323","9.147","10","7","2022","6","0","5","900"
"a2eba7316f6b3cbd1a4dadd2b3811872","7343","2022-10-07T06:00:00.000","RIVERSIDE DR / BURTON DR","WESTBOUND","THRU","true","52","25.135","16.586","7.717","11.383","10","7","2022","6","0","5","900"
"6c46fc23191c069a44447c9a2f45a5a0","7343","2022-10-07T06:15:00.000","RIVERSIDE DR / BURTON DR","EASTBOUND","LEFT TURN","false","5","12.4","3.05","30.24","30.636","10","7","2022","6","15","5","900"
"aafbe3f014134a3b77fbcbd908379ba9","7343","2022-10-07T06:15:00.000","RIVERSIDE DR / BURTON DR","EASTBOUND","RIGHT TURN","true","2","11.0","2.828","3.9","5.515","10","7","2022","6","15","5","900"
"337f5e24d31c1af4beabc3b4faaa4097","7343","2022-10-07T06:15:00.000","RIVERSIDE DR / BURTON DR","EASTBOUND","THRU","false","3","32.667","8.737","3.133","3.177","10","7","2022","6","15","5","900"
"6fd84cacff65a04a9cbd3c66f61a4f0a","7343","2022-10-07T06:15:00.000","RIVERSIDE DR / BURTON DR","EASTBOUND","THRU","true","16","25.062","15.55","9.6","12.415","10","7","2022","6","15","5","900"
"6dae6d514307356459167a36bd80da62","7343","2022-10-07T06:15:00.000","RIVERSIDE DR / BURTON DR","NORTHBOUND","LEFT TURN","false","13","12.692","16.337","22.1","23.27","10","7","2022","6","15","5","900"
"4e1b34630e617b2cd1ed41e415610b1f","7343","2022-10-07T06:15:00.000","RIVERSIDE DR / BURTON DR","NORTHBOUND","LEFT TURN","true","11","12.0","14.906","25.327","23.342","10","7","2022","6","15","5","900"
"fc88774f37b1ae6e341ccee632ad5dba","7343","2022-10-07T06:15:00.000","RIVERSIDE DR / BURTON DR","NORTHBOUND","RIGHT TURN","true","4","22.5","27.234","0.0","0.0","10","7","2022","6","15","5","900"
"cb7d947caada756ab92537920bd52d54","7343","2022-10-07T06:15:00.000","RIVERSIDE DR / BURTON DR","NORTHBOUND","THRU","false","4","41.0","28.46","11.55","19.7","10","7","2022","6","15","5","900"
"98da221699de768d0d439fda7732ca1b","7343","2022-10-07T06:15:00.000","RIVERSIDE DR / BURTON DR","NORTHBOUND","THRU","true","7","18.571","7.934","2.9","2.325","10","7","2022","6","15","5","900"
"a14b17b8a444c0de2cf316a50aa1341f","7343","2022-10-07T06:15:00.000","RIVERSIDE DR / BURTON DR","SOUTHBOUND","RIGHT TURN","false","7","10.571","2.225","10.1","16.784","10","7","2022","6","15","5","900"
"04dfa17b4423ef55d84effe8a8b04273","7343","2022-10-07T06:15:00.000","RIVERSIDE DR / BURTON DR","SOUTHBOUND","RIGHT TURN","true","3","8.0","4.0","7.533","6.03","10","7","2022","6","15","5","900"
"4e14b2fe0b040c04e41f10666c8fbf05","7343","2022-10-07T06:15:00.000","RIVERSIDE DR / BURTON DR","SOUTHBOUND","THRU","true","1","21.0","0.0","0.3","0.0","10","7","2022","6","15","5","900"
"4f038da83eacf7e287c0ea712351172b","7343","2022-10-07T06:15:00.000","RIVERSIDE DR / BURTON DR","WESTBOUND","LEFT TURN","false","4","16.5","3.317","4.9","4.546","10","7","2022","6","15","5","900"
"3692149fddd8ff143a5f377f21bde38a","7343","2022-10-07T06:15:00.000","RIVERSIDE DR / BURTON DR","WESTBOUND","LEFT TURN","true","2","15.0","0.0","2.7","0.0","10","7","2022","6","15","5","900"
"af8af02bfeaaf3fd8975c325dbbeab63","7343","2022-10-07T06:15:00.000","RIVERSIDE DR / BURTON DR","WESTBOUND","RIGHT TURN","false","1","0.0","0.0","4.5","0.0","10","7","2022","6","15","5","900"
"34298134c12d2ab533566d3604f0db62","7343","2022-10-07T06:15:00.000","RIVERSIDE DR / BURTON DR","WESTBOUND","RIGHT TURN","true","1","5.0","0.0","4.4","0.0","10","7","2022","6","15","5","900"
"264aed59f29413c04caffc67b395a0eb","7343","2022-10-07T06:15:00.000","RIVERSIDE DR / BURTON DR","WESTBOUND","THRU","false","104","26.202","15.077","5.224","7.807","10","7","2022","6","15","5","900"
"c174f0320fef73a17b70379ee47e0149","7343","2022-10-07T06:15:00.000","RIVERSIDE DR / BURTON DR","WESTBOUND","THRU","true","79","26.709","14.762","4.884","7.585","10","7","2022","6","15","5","900"
"2589edbf94945447e12066be49e25297","7343","2022-10-07T06:30:00.000","RIVERSIDE DR / BURTON DR","EASTBOUND","LEFT TURN","false","1","12.0","0.0","98.8","0.0","10","7","2022","6","30","5","900"
"0c245bbce71e94c10328da6d07a8b22e","7343","2022-10-07T06:30:00.000","RIVERSIDE DR / BURTON DR","EASTBOUND","LEFT TURN","true","2","4.5","6.364","8.95","9.546","10","7","2022","6","30","5","900"
"d53ee1267ac5da4c12338050db0eec45","7343","2022-10-07T06:30:00.000","RIVERSIDE DR / BURTON DR","EASTBOUND","RIGHT TURN","true","1","15.0","0.0","6.8","0.0","10","7","2022","6","30","5","900"
"81556d241bde7c8586b4150407b47fe8","7343","2022-10-07T06:30:00.000","RIVERSIDE DR / BURTON DR","EASTBOUND","THRU","false","6","9.833","10.998","12.067","18.125","10","7","2022","6","30","5","900"
"4bc34eb33d8c1fc919107fb7b8a00925","7343","2022-10-07T06:30:00.000","RIVERSIDE DR / BURTON DR","EASTBOUND","THRU","true","14","25.429","14.026","4.421","9.339","10","7","2022","6","30","5","900"
"45e71627319421c164c2045c3deb1aa3","7343","2022-10-07T06:30:00.000","RIVERSIDE DR / BURTON DR","NORTHBOUND","LEFT TURN","false","15","20.333","12.338","24.633","30.417","10","7","2022","6","30","5","900"
"5ce1a281f4b92cee3106f6550f5cb125","7343","2022-10-07T06:30:00.000","RIVERSIDE DR / BURTON DR","NORTHBOUND","LEFT TURN","true","8","17.625","15.324","13.788","14.801","10","7","2022","6","30","5","900"
"f3d7f995712c0b78fb1bbc30247fd918","7343","2022-10-07T06:30:00.000","RIVERSIDE DR / BURTON DR","NORTHBOUND","RIGHT TURN","true","1","0.0","0.0","0.0","0.0","10","7","2022","6","30","5","900"
"125be2a194162e9303064c0f086d11bb","7343","2022-10-07T06:30:00.000","RIVERSIDE DR / BURTON DR","NORTHBOUND","THRU","false","10","32.7","15.093","2.15","2.339","10","7","2022","6","30","5","900"
"3b806cc9bd060aa960784dc2a075f653","7343","2022-10-07T06:30:00.000","RIVERSIDE DR / BURTON DR","NORTHBOUND","THRU","true","8","20.125","19.431","9.8","21.167","10","7","2022","6","30","5","900"
"b793bfe7c291667ca4aa64126b7b7b4d","7343","2022-10-07T06:30:00.000","RIVERSIDE DR / BURTON DR","SOUTHBOUND","LEFT TURN","true","3","10.333","9.292","28.6","34.723","10","7","2022","6","30","5","900"
"77f2a3a1da729aefa2dd237ccd0f7ebb","7343","2022-10-07T06:30:00.000","RIVERSIDE DR / BURTON DR","SOUTHBOUND","RIGHT TURN","false","7","9.857","2.34","31.543","25.973","10","7","2022","6","30","5","900"
"2744b0376235d05bdc0ae03fb8399055","7343","2022-10-07T06:30:00.000","RIVERSIDE DR / BURTON DR","SOUTHBOUND","RIGHT TURN","true","7","8.857","3.579","16.814","22.685","10","7","2022","6","30","5","900"
"0dd3a1e503020e05e04038f333a7954d","7343","2022-10-07T06:30:00.000","RIVERSIDE DR / BURTON DR","SOUTHBOUND","THRU","true","4","16.0","4.899","7.525","12.993","10","7","2022","6","30","5","900"
"8e81de9383f7292527c05d044fd118a2","7343","2022-10-07T06:30:00.000","RIVERSIDE DR / BURTON DR","WESTBOUND","LEFT TURN","true","4","15.0","2.828","4.05","2.446","10","7","2022","6","30","5","900"
"e770c5c6ed855c044194b1199dab2449","7343","2022-10-07T06:30:00.000","RIVERSIDE DR / BURTON DR","WESTBOUND","RIGHT TURN","false","3","0.0","0.0","7.133","2.987","10","7","2022","6","30","5","900"
"a101b3e7eba07c44af93f88f88ca3221","7343","2022-10-07T06:30:00.000","RIVERSIDE DR / BURTON DR","WESTBOUND","THRU","false","120","27.058","16.064","7.927","15.505","10","7","2022","6","30","5","900"
"c3c219008edbfdff04328ef7c38fc8d8","7343","2022-10-07T06:30:00.000","RIVERSIDE DR / BURTON DR","WESTBOUND","THRU","true","88","26.42","16.35","5.048","9.201","10","7","2022","6","30","5","900"
"a585d71f67a9ab35277477286d9584a1","7343","2022-10-07T06:45:00.000","RIVERSIDE DR / BURTON DR","EASTBOUND","LEFT TURN","false","7","10.286","4.821","40.071","40.651","10","7","2022","6","45","5","900"
"7b522c450d46b7cc786e01e96108c2ec","7343","2022-10-07T06:45:00.000","RIVERSIDE DR / BURTON DR","EASTBOUND","LEFT TURN","true","6","11.5","1.049","38.683","59.443","10","7","2022","6","45","5","900"
"80b9e323cbf46d3e6963c7056e55049e","7343","2022-10-07T06:45:00.000","RIVERSIDE DR / BURTON DR","EASTBOUND","RIGHT TURN","true","1","0.0","0.0","0.0","0.0","10","7","2022","6","45","5","900"
"2b0930db93173d8c0d260b83a49d8b94","7343","2022-10-07T06:45:00.000","RIVERSIDE DR / BURTON DR","EASTBOUND","THRU","false","4","16.5","17.407","2.25","3.155","10","7","2022","6","45","5","900"
"ea07b7a0c2594967691efa3b85bd91a4","7343","2022-10-07T06:45:00.000","RIVERSIDE DR / BURTON DR","EASTBOUND","THRU","true","29","30.103","16.116","7.545","18.296","10","7","2022","6","45","5","900"
"7f7303ef660fcc7b2b3619abba1d9d9f","7343","2022-10-07T06:45:00.000","RIVERSIDE DR / BURTON DR","NORTHBOUND","LEFT TURN","false","13","17.538","15.026","26.185","33.726","10","7","2022","6","45","5","900"
"9aab29e83e0aad34814d1c97d009bb9c","7343","2022-10-07T06:45:00.000","RIVERSIDE DR / BURTON DR","NORTHBOUND","LEFT TURN","true","9","21.556","13.125","14.656","22.096","10","7","2022","6","45","5","900"
"048f8880da9ce72dd4e0a6632bc91fcb","7343","2022-10-07T06:45:00.000","RIVERSIDE DR / BURTON DR","NORTHBOUND","RIGHT TURN","false","2","14.0","8.485","3.2","3.111","10","7","2022","6","45","5","900"
"ae341c416a777b7731c6250a2c83f269","7343","2022-10-07T06:45:00.000","RIVERSIDE DR / BURTON DR","NORTHBOUND","RIGHT TURN","true","5","5.0","7.874","10.5","13.353","10","7","2022","6","45","5","900"
"97fddd8ad731e2e53477c621aa429254","7343","2022-10-07T06:45:00.000","RIVERSIDE DR / BURTON DR","NORTHBOUND","THRU","false","7","29.571","10.952","11.857","26.024","10","7","2022","6","45","5","900"
"6657c76d917f31fa91abdd5038c8c0a3","7343","2022-10-07T06:45:00.000","RIVERSIDE DR / BURTON DR","NORTHBOUND","THRU","true","5","16.6","15.241","13.18","21.635","10","7","2022","6","45","5","900"
"78b9497559c2a9e19e60ce3ce32c74b8","7343","2022-10-07T06:45:00.000","RIVERSIDE DR / BURTON DR","SOUTHBOUND","LEFT TURN","true","1","16.0","0.0","82.4","0.0","10","7","2022","6","45","5","900"
"9d04ed1fad79574de3f1e4242bd9a7c5","7343","2022-10-07T06:45:00.000","RIVERSIDE DR / BURTON DR","SOUTHBOUND","RIGHT TURN","false","9","8.222","1.716","19.0","24.019","10","7","2022","6","45","5","900"
"479728e16c788671e5794c1b7a3d3885","7343","2022-10-07T06:45:00.000","RIVERSIDE DR / BURTON DR","SOUTHBOUND","RIGHT TURN","true","7","9.714","3.352","8.086","5.746","10","7","2022","6","45","5","900"
"de256b4722adc3fcc7121d69c6b1e891","7343","2022-10-07T06:45:00.000","RIVERSIDE DR / BURTON DR","SOUTHBOUND","THRU","false","1","14.0","0.0","43.2","0.0","10","7","2022","6","45","5","900"
"69f8cbd4d9d7c2141e85ff8a5f61ab59","7343","2022-10-07T06:45:00.000","RIVERSIDE DR / BURTON DR","SOUTHBOUND","THRU","true","3","23.667","10.017","1.8","1.808","10","7","2022","6","45","5","900"
"67aec767ec0e4dae3edda8f501abf396","7343","2022-10-07T06:45:00.000","RIVERSIDE DR / BURTON DR","WESTBOUND","LEFT TURN","true","3","14.333","3.512","20.8","29.035","10","7","2022","6","45","5","900"
"deacffae3dc3b6c3af072a6a1b798493","7343","2022-10-07T06:45:00.000","RIVERSIDE DR / BURTON DR","WESTBOUND","RIGHT TURN","false","1","4.0","0.0","2.4","0.0","10","7","2022","6","45","5","900"
"574ca261e86ff9b92148a7a9d959c6c9","7343","2022-10-07T06:45:00.000","RIVERSIDE DR / BURTON DR","WESTBOUND","RIGHT TURN","true","2","0.0","0.0","12.05","11.243","10","7","2022","6","45","5","900"
"03c3f075a04398d6ade95f88b27b4e44","7343","2022-10-07T06:45:00.000","RIVERSIDE DR / BURTON DR","WESTBOUND","THRU","false","154","26.286","15.679","8.023","16.856","10","7","2022","6","45","5","900"
"f76c9a8c2e3201bbfe16c3296a8f059e","7343","2022-10-07T06:45:00.000","RIVERSIDE DR / BURTON DR","WESTBOUND","THRU","true","101","28.515","14.759","7.842","17.0","10","7","2022","6","45","5","900"
"7ec7c45e2c61a3dc142c4084aeed84ae","7343","2022-10-07T06:45:00.000","RIVERSIDE DR / BURTON DR","WESTBOUND","U-TURN","false","1","0.0","0.0","7.1","0.0","10","7","2022","6","45","5","900"
"7af07d3e09ebe1af22bc8337aac1c4bd","7343","2022-10-07T07:00:00.000","RIVERSIDE DR / BURTON DR","EASTBOUND","LEFT TURN","false","5","12.2","2.049","20.88","24.992","10","7","2022","7","0","5","900"
"33162ecb9dca858a0123fb039b9f2e75","7343","2022-10-07T07:00:00.000","RIVERSIDE DR / BURTON DR","EASTBOUND","LEFT TURN","true","2","6.0","8.485","1.75","2.192","10","7","2022","7","0","5","900"
"6b6baf192930ec89f834c6b8f1520046","7343","2022-10-07T07:00:00.000","RIVERSIDE DR / BURTON DR","EASTBOUND","THRU","false","5","5.8","8.136","12.48","15.269","10","7","2022","7","0","5","900"
"628d5a34091b2380711e02f556803f8c","7343","2022-10-07T07:00:00.000","RIVERSIDE DR / BURTON DR","EASTBOUND","THRU","true","32","26.875","14.201","12.356","27.166","10","7","2022","7","0","5","900"
"08ea61a45e7640bbbba42c8f63222e6e","7343","2022-10-07T07:00:00.000","RIVERSIDE DR / BURTON DR","NORTHBOUND","LEFT TURN","false","14","17.357","15.036","20.407","27.881","10","7","2022","7","0","5","900"
"d339781b6d5faa3140299307f476bf40","7343","2022-10-07T07:00:00.000","RIVERSIDE DR / BURTON DR","NORTHBOUND","LEFT TURN","true","8","17.125","19.982","7.713","15.809","10","7","2022","7","0","5","900"
"87fda24de57979f056758fbf1a3490ca","7343","2022-10-07T07:00:00.000","RIVERSIDE DR / BURTON DR","NORTHBOUND","RIGHT TURN","false","2","6.0","8.485","7.4","9.899","10","7","2022","7","0","5","900"
"1f10469e7d0cf90c372908c9147e775d","7343","2022-10-07T07:00:00.000","RIVERSIDE DR / BURTON DR","NORTHBOUND","RIGHT TURN","true","3","0.0","0.0","0.0","0.0","10","7","2022","7","0","5","900"
"eff943c9391f4ef732afab69524cc6bf","7343","2022-10-07T07:00:00.000","RIVERSIDE DR / BURTON DR","NORTHBOUND","THRU","false","4","27.0","30.277","17.5","32.736","10","7","2022","7","0","5","900"
"28985c22130485861be5ffc3774576e5","7343","2022-10-07T07:00:00.000","RIVERSIDE DR / BURTON DR","NORTHBOUND","THRU","true","6","7.0","10.863","4.05","3.811","10","7","2022","7","0","5","900"
"c23d842525acbf9b0f76d3ece34aed71","7343","2022-10-07T07:00:00.000","RIVERSIDE DR / BURTON DR","SOUTHBOUND","LEFT TURN","true","3","21.333","7.572","3.9","2.787","10","7","2022","7","0","5","900"
"5469c9e8802368dd9bf214b796486c8d","7343","2022-10-07T07:00:00.000","RIVERSIDE DR / BURTON DR","SOUTHBOUND","RIGHT TURN","false","14","9.929","2.129","22.821","31.563","10","7","2022","7","0","5","900"
"d9ed3fefb4e6c404f6d3a6868c7c3f38","7343","2022-10-07T07:00:00.000","RIVERSIDE DR / BURTON DR","SOUTHBOUND","RIGHT TURN","true","1","9.0","0.0","0.1","0.0","10","7","2022","7","0","5","900"
"348268874016db9b373c53c4d9fa7ce9","7343","2022-10-07T07:00:00.000","RIVERSIDE DR / BURTON DR","SOUTHBOUND","THRU","true","7","21.429","7.934","26.714","38.676","10","7","2022","7","0","5","900"
"b3ee516df258ba34ab477d1fc3492d90","7343","2022-10-07T07:00:00.000","RIVERSIDE DR / BURTON DR","WESTBOUND","LEFT TURN","false","1","13.0","0.0","1.2","0.0","10","7","2022","7","0","5","900"
"8500a719edb7d1294dc456ed0993c8ca","7343","2022-10-07T07:00:00.000","RIVERSIDE DR / BURTON DR","WESTBOUND","LEFT TURN","true","6","7.833","4.997","14.883","18.649","10","7","2022","7","0","5","900"
"a20d42e1bea846ef1b05b67a1fdeac73","7343","2022-10-07T07:00:00.000","RIVERSIDE DR / BURTON DR","WESTBOUND","RIGHT TURN","false","4","0.0","0.0","5.525","3.895","10","7","2022","7","0","5","900"
"a28ffa0be75f1ae85fa0cd3d297b6662","7343","2022-10-07T07:00:00.000","RIVERSIDE DR / BURTON DR","WESTBOUND","THRU","false","147","26.544","14.331","5.287","10.782","10","7","2022","7","0","5","900"
"95518005061483c5122b643b128966ad","7343","2022-10-07T07:00:00.000","RIVERSIDE DR / BURTON DR","WESTBOUND","THRU","true","74","27.703","17.241","5.607","13.466","10","7","2022","7","0","5","900"
"066eecf8332bf329dccb6e4a8cf5b329","7343","2022-10-07T07:15:00.000","RIVERSIDE DR / BURTON DR","EASTBOUND","LEFT TURN","false","6","11.667","1.633","41.983","62.386","10","7","2022","7","15","5","900"
"92e4575ae30cd9cbb963f596308c556a","7343","2022-10-07T07:15:00.000","RIVERSIDE DR / BURTON DR","EASTBOUND","LEFT TURN","true","2","20.0","24.042","47.7","66.468","10","7","2022","7","15","5","900"
"edf37daf68aac0b7c53b70c3c1185e35","7343","2022-10-07T07:15:00.000","RIVERSIDE DR / BURTON DR","EASTBOUND","RIGHT TURN","false","1","12.0","0.0","0.5","0.0","10","7","2022","7","15","5","900"
"ba74b7bc68e03d18505d412d9e138e2a","7343","2022-10-07T07:15:00.000","RIVERSIDE DR / BURTON DR","EASTBOUND","THRU","false","1","70.0","0.0","0.4","0.0","10","7","2022","7","15","5","900"
"2bbeaf9853778401d878d5c8c6b1d89e","7343","2022-10-07T07:15:00.000","RIVERSIDE DR / BURTON DR","EASTBOUND","THRU","true","107","32.617","14.125","6.543","14.863","10","7","2022","7","15","5","900"
"1d251b7dcd2432b284217009ec99eb8e","7343","2022-10-07T07:15:00.000","RIVERSIDE DR / BURTON DR","EASTBOUND","U-TURN","false","1","6.0","0.0","4.2","0.0","10","7","2022","7","15","5","900"
"50a81cee13944cb31799fccf9dfb1784","7343","2022-10-07T07:15:00.000","RIVERSIDE DR / BURTON DR","EASTBOUND","U-TURN","true","1","8.0","0.0","35.0","0.0","10","7","2022","7","15","5","900"
"0a8bf621cf325a33810bedf5d4b31434","7343","2022-10-07T07:15:00.000","RIVERSIDE DR / BURTON DR","NORTHBOUND","LEFT TURN","false","26","21.346","20.732","15.873","28.553","10","7","2022","7","15","5","900"
"bd91ad0f6b7568b7096d5be970bc5568","7343","2022-10-07T07:15:00.000","RIVERSIDE DR / BURTON DR","NORTHBOUND","LEFT TURN","true","3","11.667","16.862","9.433","14.261","10","7","2022","7","15","5","900"
"0ebe0bd7415a31f0c30a0519a0540c9c","7343","2022-10-07T07:15:00.000","RIVERSIDE DR / BURTON DR","NORTHBOUND","RIGHT TURN","false","2","46.0","45.255","3.1","3.677","10","7","2022","7","15","5","900"
"61e5a22f6d3e75a2dc5bcfc65bae6196","7343","2022-10-07T07:15:00.000","RIVERSIDE DR / BURTON DR","NORTHBOUND","RIGHT TURN","true","3","26.333","8.021","1.633","1.57","10","7","2022","7","15","5","900"
"9081ce1739aad3f51a4b3962db1ac550","7343","2022-10-07T07:15:00.000","RIVERSIDE DR / BURTON DR","NORTHBOUND","THRU","false","9","47.556","27.947","0.8","1.271","10","7","2022","7","15","5","900"
"ccea6f12aaeda95ca54855da6026997d","7343","2022-10-07T07:15:00.000","RIVERSIDE DR / BURTON DR","NORTHBOUND","THRU","true","13","31.615","15.468","5.831","15.884","10","7","2022","7","15","5","900"
"bb2a91fd170e13873e5e97ecc6b2875f","7343","2022-10-07T07:15:00.000","RIVERSIDE DR / BURTON DR","SOUTHBOUND","LEFT TURN","true","4","15.75","3.862","33.225","29.634","10","7","2022","7","15","5","900"
"b80b54998f9c74641d9848d87f5dd351","7343","2022-10-07T07:15:00.000","RIVERSIDE DR / BURTON DR","SOUTHBOUND","RIGHT TURN","false","20","9.5","2.259","14.29","27.219","10","7","2022","7","15","5","900"
"eb04ddfa794a3555f229b62402ce38da","7343","2022-10-07T07:15:00.000","RIVERSIDE DR / BURTON DR","SOUTHBOUND","RIGHT TURN","true","2","11.0","2.828","3.2","1.131","10","7","2022","7","15","5","900"
"aba4bba618f19aa4a81ee8a14901a9cc","7343","2022-10-07T07:15:00.000","RIVERSIDE DR / BURTON DR","SOUTHBOUND","THRU","false","4","21.5","13.723","10.775","11.704","10","7","2022","7","15","5","900"
"ac65717d4b5051a26cbbd4c517f3cc51","7343","2022-10-07T07:15:00.000","RIVERSIDE DR / BURTON DR","SOUTHBOUND","THRU","true","5","20.4","9.94","38.52","52.292","10","7","2022","7","15","5","900"
"b7ee6453e88c14bdb99d7723bd5caec4","7343","2022-10-07T07:15:00.000","RIVERSIDE DR / BURTON DR","WESTBOUND","LEFT TURN","false","6","18.667","21.002","5.583","9.255","10","7","2022","7","15","5","900"
"24dbd4488e1566361ca919d15795d1fc","7343","2022-10-07T07:15:00.000","RIVERSIDE DR / BURTON DR","WESTBOUND","LEFT TURN","true","5","16.4","14.17","1.22","1.244","10","7","2022","7","15","5","900"
"edbb423528ed836ca0828adf5e0732fa","7343","2022-10-07T07:15:00.000","RIVERSIDE DR / BURTON DR","WESTBOUND","RIGHT TURN","true","3","8.333","12.741","3.9","6.324","10","7","2022","7","15","5","900"
"74b2457d79ea69a5c4ed5190151dcb9a","7343","2022-10-07T07:15:00.000","RIVERSIDE DR / BURTON DR","WESTBOUND","THRU","false","233","33.605","23.219","5.658","14.09","10","7","2022","7","15","5","900"
"8e0c7d8563cd117c4d30a56a8b2c301b","7343","2022-10-07T07:15:00.000","RIVERSIDE DR / BURTON DR","WESTBOUND","THRU","true","68","29.985","23.102","4.804","11.184","10","7","2022","7","15","5","900"
"ed7811dedf146ecc1a97822e8bf2cc17","7343","2022-10-07T07:30:00.000","RIVERSIDE DR / BURTON DR","EASTBOUND","LEFT TURN","false","6","11.5","2.258","61.383","52.457","10","7","2022","7","30","5","900"
"2413e1bb60f1ea80edbf81575a4d6361","7343","2022-10-07T07:30:00.000","RIVERSIDE DR / BURTON DR","EASTBOUND","LEFT TURN","true","3","13.0","6.083","31.067","46.795","10","7","2022","7","30","5","900"
"0eb7ee0988e34eb5ebe6e1487efbaac6","7343","2022-10-07T07:30:00.000","RIVERSIDE DR / BURTON DR","EASTBOUND","THRU","false","7","28.0","17.944","1.114","1.071","10","7","2022","7","30","5","900"
"499cef6679c8f17bfae8131b937d2ccc","7343","2022-10-07T07:30:00.000","RIVERSIDE DR / BURTON DR","EASTBOUND","THRU","true","97","34.66","13.346","4.626","12.524","10","7","2022","7","30","5","900"
"cd050c79e73533ad09feec26dbb0f8bf","7343","2022-10-07T07:30:00.000","RIVERSIDE DR / BURTON DR","NORTHBOUND","LEFT TURN","false","27","19.519","13.749","16.693","29.845","10","7","2022","7","30","5","900"
"3b74723f73ad9099efbd1556e2f0067d","7343","2022-10-07T07:30:00.000","RIVERSIDE DR / BURTON DR","NORTHBOUND","LEFT TURN","true","3","28.0","6.0","2.0","1.136","10","7","2022","7","30","5","900"
"e0b37d0dd52738ec7c9e5ed7588a3fad","7343","2022-10-07T07:30:00.000","RIVERSIDE DR / BURTON DR","NORTHBOUND","RIGHT TURN","false","1","0.0","0.0","101.2","0.0","10","7","2022","7","30","5","900"
"9b55d486539203c6a4ac70d97ebe0e6e","7343","2022-10-07T07:30:00.000","RIVERSIDE DR / BURTON DR","NORTHBOUND","RIGHT TURN","true","7","17.714","12.257","3.657","4.404","10","7","2022","7","30","5","900"
"999f4b1e29c3e28dda94fd1e31291874","7343","2022-10-07T07:30:00.000","RIVERSIDE DR / BURTON DR","NORTHBOUND","THRU","false","13","22.308","24.574","19.015","33.119","10","7","2022","7","30","5","900"
"cd60874c13ae580f60d926dc5f67fe28","7343","2022-10-07T07:30:00.000","RIVERSIDE DR / BURTON DR","NORTHBOUND","THRU","true","17","20.176","8.56","8.0","15.424","10","7","2022","7","30","5","900"
"e918205b03c9d208cceb027d0b8f321c","7343","2022-10-07T07:30:00.000","RIVERSIDE DR / BURTON DR","NORTHBOUND","U-TURN","false","1","0.0","0.0","0.7","0.0","10","7","2022","7","30","5","900"
"13bb8aa6ca586d8458d0e0afc3546d0e","7343","2022-10-07T07:30:00.000","RIVERSIDE DR / BURTON DR","SOUTHBOUND","LEFT TURN","false","1","14.0","0.0","41.0","0.0","10","7","2022","7","30","5","900"
"8afaed8648bd51cb920cfd4790f7c196","7343","2022-10-07T07:30:00.000","RIVERSIDE DR / BURTON DR","SOUTHBOUND","LEFT TURN","true","6","15.5","1.871","53.267","42.314","10","7","2022","7","30","5","900"
"e22be1ae51c1db525182298e4626e643","7343","2022-10-07T07:30:00.000","RIVERSIDE DR / BURTON DR","SOUTHBOUND","RIGHT TURN","false","25","9.44","2.103","15.188","21.901","10","7","2022","7","30","5","900"
"75a8f314efc7144c39685628d7b5b1a5","7343","2022-10-07T07:30:00.000","RIVERSIDE DR / BURTON DR","SOUTHBOUND","RIGHT TURN","true","1","12.0","0.0","3.0","0.0","10","7","2022","7","30","5","900"
"053d6d8f8da6f44c0746c0d461e7d1d8","7343","2022-10-07T07:30:00.000","RIVERSIDE DR / BURTON DR","SOUTHBOUND","THRU","false","5","12.8","3.033","22.94","23.343","10","7","2022","7","30","5","900"
"fc148adcbedfd712016f87d15b49881b","7343","2022-10-07T07:30:00.000","RIVERSIDE DR / BURTON DR","SOUTHBOUND","THRU","true","7","12.714","5.823","43.9","39.33","10","7","2022","7","30","5","900"
"1ee66e52bbb1fe2b1d5a591e203e509c","7343","2022-10-07T07:30:00.000","RIVERSIDE DR / BURTON DR","WESTBOUND","LEFT TURN","false","4","12.75","2.872","0.175","0.236","10","7","2022","7","30","5","900"
"7b2b4fd5b67716129c19f2a17ca22adb","7343","2022-10-07T07:30:00.000","RIVERSIDE DR / BURTON DR","WESTBOUND","LEFT TURN","true","7","15.571","3.599","25.9","25.649","10","7","2022","7","30","5","900"
"d0e36c3901bd98889ececd55eac8b7d1","7343","2022-10-07T07:30:00.000","RIVERSIDE DR / BURTON DR","WESTBOUND","RIGHT TURN","false","8","1.375","1.996","8.1","13.165","10","7","2022","7","30","5","900"
"7da3a2ebf467d234cc06003f84a45b8f","7343","2022-10-07T07:30:00.000","RIVERSIDE DR / BURTON DR","WESTBOUND","RIGHT TURN","true","1","0.0","0.0","5.3","0.0","10","7","2022","7","30","5","900"
"7d69de098bbdcaf5858439e4fad61e7d","7343","2022-10-07T07:30:00.000","RIVERSIDE DR / BURTON DR","WESTBOUND","THRU","false","272","23.794","18.232","5.61","13.812","10","7","2022","7","30","5","900"
"3288f615fcbe1af9c30351a25ae57d16","7343","2022-10-07T07:30:00.000","RIVERSIDE DR / BURTON DR","WESTBOUND","THRU","true","65","30.138","24.414","3.76","10.909","10","7","2022","7","30","5","900"
"44818ab402d112d584d41ad4c3ee1a77","7343","2022-10-07T07:45:00.000","RIVERSIDE DR / BURTON DR","EASTBOUND","LEFT TURN","false","7","11.571","2.225","57.586","37.286","10","7","2022","7","45","5","900"
"489f19baa3b96aa632d8b58b4730f3ee","7343","2022-10-07T07:45:00.000","RIVERSIDE DR / BURTON DR","EASTBOUND","LEFT TURN","true","5","12.4","7.232","53.18","47.865","10","7","2022","7","45","5","900"
"ef97e7fb30ef640db12f4985b773e72e","7343","2022-10-07T07:45:00.000","RIVERSIDE DR / BURTON DR","EASTBOUND","THRU","false","3","39.0","7.55","1.233","0.513","10","7","2022","7","45","5","900"
"7a92e2a9e57859c1696279578df7e3bf","7343","2022-10-07T07:45:00.000","RIVERSIDE DR / BURTON DR","EASTBOUND","THRU","true","132","32.167","13.351","5.558","14.056","10","7","2022","7","45","5","900"
"3e01703b1b6ed0cd7afef2743c5036fb","7343","2022-10-07T07:45:00.000","RIVERSIDE DR / BURTON DR","EASTBOUND","U-TURN","false","2","7.5","0.707","82.05","15.061","10","7","2022","7","45","5","900"
"a1a565d9e728ddebd279f53cb373edf2","7343","2022-10-07T07:45:00.000","RIVERSIDE DR / BURTON DR","NORTHBOUND","LEFT TURN","false","17","20.647","25.107","24.282","39.269","10","7","2022","7","45","5","900"
"17b59f8df4bc06b6e82b033d350f1321","7343","2022-10-07T07:45:00.000","RIVERSIDE DR / BURTON DR","NORTHBOUND","LEFT TURN","true","2","10.5","9.192","38.95","32.88","10","7","2022","7","45","5","900"
"21e95658620d200c41782c1faaa8267b","7343","2022-10-07T07:45:00.000","RIVERSIDE DR / BURTON DR","NORTHBOUND","RIGHT TURN","false","1","7.0","0.0","0.1","0.0","10","7","2022","7","45","5","900"
"0c1ced4111023b93e745f7b305db1618","7343","2022-10-07T07:45:00.000","RIVERSIDE DR / BURTON DR","NORTHBOUND","RIGHT TURN","true","1","37.0","0.0","1.7","0.0","10","7","2022","7","45","5","900"
"f181a45c7f04fe4c007af1916374a372","7343","2022-10-07T07:45:00.000","RIVERSIDE DR / BURTON DR","NORTHBOUND","THRU","false","14","38.857","21.136","7.971","21.251","10","7","2022","7","45","5","900"
"de0834b959c733e3043e901571ff82ad","7343","2022-10-07T07:45:00.000","RIVERSIDE DR / BURTON DR","NORTHBOUND","THRU","true","10","20.2","14.062","12.68","29.677","10","7","2022","7","45","5","900"
"2af278ddc980c19c06e2457911ad1566","7343","2022-10-07T07:45:00.000","RIVERSIDE DR / BURTON DR","SOUTHBOUND","LEFT TURN","false","2","9.5","4.95","55.1","19.375","10","7","2022","7","45","5","900"
"3d0aae767b0a67aed480e9664643c435","7343","2022-10-07T07:45:00.000","RIVERSIDE DR / BURTON DR","SOUTHBOUND","LEFT TURN","true","10","18.3","4.62","22.79","26.909","10","7","2022","7","45","5","900"
"2c095133e63caef56fd66c280d236fba","7343","2022-10-07T07:45:00.000","RIVERSIDE DR / BURTON DR","SOUTHBOUND","RIGHT TURN","false","13","10.308","1.974","9.469","16.728","10","7","2022","7","45","5","900"
"7d30a47fd1dd8aba4c0d8da7e40d2196","7343","2022-10-07T07:45:00.000","RIVERSIDE DR / BURTON DR","SOUTHBOUND","RIGHT TURN","true","2","10.5","0.707","3.55","0.919","10","7","2022","7","45","5","900"
"1d5a33f4ef69c5fd72a0a8348e54090f","7343","2022-10-07T07:45:00.000","RIVERSIDE DR / BURTON DR","SOUTHBOUND","THRU","false","1","16.0","0.0","100.4","0.0","10","7","2022","7","45","5","900"
"ebba32d6b9c09cf257221b372e92a136","7343","2022-10-07T07:45:00.000","RIVERSIDE DR / BURTON DR","SOUTHBOUND","THRU","true","3","14.667","2.309","28.433","41.255","10","7","2022","7","45","5","900"
"276558e11d062ed371971d65cd8aac28","7343","2022-10-07T07:45:00.000","RIVERSIDE DR / BURTON DR","WESTBOUND","LEFT TURN","false","8","21.125","20.287","6.35","9.059","10","7","2022","7","45","5","900"
"0f972ff96a774e3ddd4cfd6fb6feb7e2","7343","2022-10-07T07:45:00.000","RIVERSIDE DR / BURTON DR","WESTBOUND","LEFT TURN","true","5","13.4","5.177","25.8","32.686","10","7","2022","7","45","5","900"
"0a5dadece44340933e7c9fa17c1a99e8","7343","2022-10-07T07:45:00.000","RIVERSIDE DR / BURTON DR","WESTBOUND","RIGHT TURN","false","5","2.0","4.472","3.96","2.131","10","7","2022","7","45","5","900"
"c17334efff095b517b7d4331245b45b4","7343","2022-10-07T07:45:00.000","RIVERSIDE DR / BURTON DR","WESTBOUND","RIGHT TURN","true","1","0.0","0.0","1.3","0.0","10","7","2022","7","45","5","900"
"34ebe06fcb2cab97b395de190b05f4e2","7343","2022-10-07T07:45:00.000","RIVERSIDE DR / BURTON DR","WESTBOUND","THRU","false","264","23.761","21.186","6.49","16.364","10","7","2022","7","45","5","900"
"5dc0bf5ce4c6c6480e6d694e2acc5976","7343","2022-10-07T07:45:00.000","RIVERSIDE DR / BURTON DR","WESTBOUND","THRU","true","61","26.361","25.718","7.325","17.109","10","7","2022","7","45","5","900"
"73b99ca15a76b903072c98bb5de40a9f","7343","2022-10-07T08:00:00.000","RIVERSIDE DR / BURTON DR","EASTBOUND","LEFT TURN","false","10","10.4","2.591","72.35","55.125","10","7","2022","8","0","5","900"
"7cbbfaf3d8982f1256f50062732931c7","7343","2022-10-07T08:00:00.000","RIVERSIDE DR / BURTON DR","EASTBOUND","LEFT TURN","true","4","16.75","15.692","1.275","0.359","10","7","2022","8","0","5","900"
"d7b7da4355d5045103e18e05a9c6c880","7343","2022-10-07T08:00:00.000","RIVERSIDE DR / BURTON DR","EASTBOUND","THRU","false","6","25.167","6.306","7.267","14.143","10","7","2022","8","0","5","900"
"59b649b26d96701c480fb3df9b28876c","7343","2022-10-07T08:00:00.000","RIVERSIDE DR / BURTON DR","EASTBOUND","THRU","true","90","30.744","13.663","9.13","19.673","10","7","2022","8","0","5","900"
"416fb17182f4511f84b31b7ab8fc2e1e","7343","2022-10-07T08:00:00.000","RIVERSIDE DR / BURTON DR","EASTBOUND","U-TURN","false","1","10.0","0.0","4.1","0.0","10","7","2022","8","0","5","900"
"4c4f39bfac14568c52321d5295da1a6c","7343","2022-10-07T08:00:00.000","RIVERSIDE DR / BURTON DR","NORTHBOUND","LEFT TURN","false","16","14.312","13.113","33.45","42.275","10","7","2022","8","0","5","900"
"024fd0cca68bd8174308cca151baa804","7343","2022-10-07T08:00:00.000","RIVERSIDE DR / BURTON DR","NORTHBOUND","LEFT TURN","true","2","0.0","0.0","3.95","0.495","10","7","2022","8","0","5","900"
"0b7607fc31ab8cebe895b176cbd6a0f6","7343","2022-10-07T08:00:00.000","RIVERSIDE DR / BURTON DR","NORTHBOUND","RIGHT TURN","false","2","12.5","14.849","0.95","0.778","10","7","2022","8","0","5","900"
"5888c8ffb03029b4597e1e0fc1678530","7343","2022-10-07T08:00:00.000","RIVERSIDE DR / BURTON DR","NORTHBOUND","RIGHT TURN","true","2","16.5","6.364","19.25","9.97","10","7","2022","8","0","5","900"
"5ca6dc30a718133eaf828188b51bc7fb","7343","2022-10-07T08:00:00.000","RIVERSIDE DR / BURTON DR","NORTHBOUND","THRU","false","10","24.7","20.923","13.33","22.047","10","7","2022","8","0","5","900"
"ccdd498081b9a00fb05891dad9262cd5","7343","2022-10-07T08:00:00.000","RIVERSIDE DR / BURTON DR","NORTHBOUND","THRU","true","12","9.667","11.252","18.833","40.579","10","7","2022","8","0","5","900"
"a24245736167ac90aac88f69c2ce016d","7343","2022-10-07T08:00:00.000","RIVERSIDE DR / BURTON DR","SOUTHBOUND","LEFT TURN","true","7","17.0","5.508","18.086","20.853","10","7","2022","8","0","5","900"
"ed6ff90a31a4246a2297d2078ac5aba7","7343","2022-10-07T08:00:00.000","RIVERSIDE DR / BURTON DR","SOUTHBOUND","RIGHT TURN","false","21","10.571","2.249","9.924","17.149","10","7","2022","8","0","5","900"
"1a831b53d0b0e52d5fb920434483e5be","7343","2022-10-07T08:00:00.000","RIVERSIDE DR / BURTON DR","SOUTHBOUND","RIGHT TURN","true","2","12.0","0.0","4.5","1.556","10","7","2022","8","0","5","900"
"a60674d36064bb99bdecf96db752487b","7343","2022-10-07T08:00:00.000","RIVERSIDE DR / BURTON DR","SOUTHBOUND","THRU","false","6","11.667","5.854","43.3","36.293","10","7","2022","8","0","5","900"
"849c1d26a72938a38d6b7ab5810991a1","7343","2022-10-07T08:00:00.000","RIVERSIDE DR / BURTON DR","SOUTHBOUND","THRU","true","3","20.0","7.0","23.9","38.541","10","7","2022","8","0","5","900"
"6b4a958ff07a362ddbf3bc52d969546e","7343","2022-10-07T08:00:00.000","RIVERSIDE DR / BURTON DR","WESTBOUND","LEFT TURN","false","2","9.5","10.607","29.4","37.052","10","7","2022","8","0","5","900"
"5370f0465f438f679d3cc2350c58f944","7343","2022-10-07T08:00:00.000","RIVERSIDE DR / BURTON DR","WESTBOUND","LEFT TURN","true","5","18.6","11.929","2.1","2.494","10","7","2022","8","0","5","900"
"690d8edd5b1911eb7b052c10f04bc542","7343","2022-10-07T08:00:00.000","RIVERSIDE DR / BURTON DR","WESTBOUND","RIGHT TURN","false","5","8.2","14.738","10.58","16.101","10","7","2022","8","0","5","900"
"9735ee7122173af920bcf7f429657138","7343","2022-10-07T08:00:00.000","RIVERSIDE DR / BURTON DR","WESTBOUND","THRU","false","241","37.983","23.409","5.545","14.874","10","7","2022","8","0","5","900"
"a46100fa5399e36551761dd76daef25a","7343","2022-10-07T08:00:00.000","RIVERSIDE DR / BURTON DR","WESTBOUND","THRU","true","47","30.787","23.636","10.094","22.101","10","7","2022","8","0","5","900"
"7aceb717464e9f5d35e7013bf0ddfc3d","7343","2022-10-07T08:15:00.000","RIVERSIDE DR / BURTON DR","EASTBOUND","LEFT TURN","false","9","10.333","1.225","48.789","45.427","10","7","2022","8","15","5","900"
"719077f59ba39b078a2ca6f3be68da28","7343","2022-10-07T08:15:00.000","RIVERSIDE DR / BURTON DR","EASTBOUND","LEFT TURN","true","4","11.0","1.414","42.6","45.093","10","7","2022","8","15","5","900"
"c6b3b7765c4ac4b84e454faa64395c94","7343","2022-10-07T08:15:00.000","RIVERSIDE DR / BURTON DR","EASTBOUND","THRU","false","2","21.0","1.414","3.25","0.636","10","7","2022","8","15","5","900"
"aadc4edbd586a26f7ce860ef6356968f","7343","2022-10-07T08:15:00.000","RIVERSIDE DR / BURTON DR","EASTBOUND","THRU","true","103","30.524","13.369","5.79","13.379","10","7","2022","8","15","5","900"
"7b42adb133f112f1ecb0ab622458f393","7343","2022-10-07T08:15:00.000","RIVERSIDE DR / BURTON DR","EASTBOUND","U-TURN","false","2","8.0","1.414","3.95","1.061","10","7","2022","8","15","5","900"
"4421a5d892b96d16542fb76774004406","7343","2022-10-07T08:15:00.000","RIVERSIDE DR / BURTON DR","NORTHBOUND","LEFT TURN","false","20","16.25","13.114","20.36","32.743","10","7","2022","8","15","5","900"
"0fe16ce3fff68a68e4da227350a483b4","7343","2022-10-07T08:15:00.000","RIVERSIDE DR / BURTON DR","NORTHBOUND","LEFT TURN","true","2","22.0","0.0","27.4","38.749","10","7","2022","8","15","5","900"
"2153fddc3abe05b7eebc0ce3b7023af5","7343","2022-10-07T08:15:00.000","RIVERSIDE DR / BURTON DR","NORTHBOUND","RIGHT TURN","false","2","48.0","67.882","1.3","1.273","10","7","2022","8","15","5","900"
"52e6f08c9c3eddd851dc4b138753a547","7343","2022-10-07T08:15:00.000","RIVERSIDE DR / BURTON DR","NORTHBOUND","RIGHT TURN","true","3","19.667","7.572","8.9","3.812","10","7","2022","8","15","5","900"
"f9be90292bffcc170e9271cb869b9624","7343","2022-10-07T08:15:00.000","RIVERSIDE DR / BURTON DR","NORTHBOUND","THRU","false","8","39.125","44.793","17.75","38.639","10","7","2022","8","15","5","900"
"52088296756e62b8cfb95eecb0e3c8d7","7343","2022-10-07T08:15:00.000","RIVERSIDE DR / BURTON DR","NORTHBOUND","THRU","true","8","11.5","10.461","4.337","6.337","10","7","2022","8","15","5","900"
"1527d019844116402ee31f138a103ec4","7343","2022-10-07T08:15:00.000","RIVERSIDE DR / BURTON DR","SOUTHBOUND","LEFT TURN","true","2","12.5","2.121","57.8","24.183","10","7","2022","8","15","5","900"
"644100a8ef71f1a32b3c5c2388e2d151","7343","2022-10-07T08:15:00.000","RIVERSIDE DR / BURTON DR","SOUTHBOUND","RIGHT TURN","false","23","10.348","2.656","12.804","19.362","10","7","2022","8","15","5","900"
"ec5e59aef493494f39759c923bbd10d1","7343","2022-10-07T08:15:00.000","RIVERSIDE DR / BURTON DR","SOUTHBOUND","RIGHT TURN","true","3","9.667","2.517","5.2","7.108","10","7","2022","8","15","5","900"
"bd8dada7f849a9b586c070abc0cd4788","7343","2022-10-07T08:15:00.000","RIVERSIDE DR / BURTON DR","SOUTHBOUND","THRU","false","2","11.5","9.192","19.9","18.95","10","7","2022","8","15","5","900"
"f8c9a5c3dba1a68e2c4370d48ccc9f17","7343","2022-10-07T08:15:00.000","RIVERSIDE DR / BURTON DR","SOUTHBOUND","THRU","true","8","22.0","8.912","14.313","28.996","10","7","2022","8","15","5","900"
"ca36c9c796d6e302c3105470fcbf6b93","7343","2022-10-07T08:15:00.000","RIVERSIDE DR / BURTON DR","WESTBOUND","LEFT TURN","false","3","22.0","12.166","0.4","0.265","10","7","2022","8","15","5","900"
"166da7ccbedba90fa753ef88bc6bc54a","7343","2022-10-07T08:15:00.000","RIVERSIDE DR / BURTON DR","WESTBOUND","LEFT TURN","true","3","11.333","4.509","6.7","11.0","10","7","2022","8","15","5","900"
"f0d7bdc9b546bfeaccbc4519811402ae","7343","2022-10-07T08:15:00.000","RIVERSIDE DR / BURTON DR","WESTBOUND","RIGHT TURN","false","5","7.4","14.926","3.02","2.122","10","7","2022","8","15","5","900"
"e7e9a0e40de28bb95e640269b162d662","7343","2022-10-07T08:15:00.000","RIVERSIDE DR / BURTON DR","WESTBOUND","THRU","false","235","31.234","19.287","6.884","17.145","10","7","2022","8","15","5","900"
"cb8a21dadd074846d222294ccb21b80e","7343","2022-10-07T08:15:00.000","RIVERSIDE DR / BURTON DR","WESTBOUND","THRU","true","56","34.589","23.546","7.975","18.898","10","7","2022","8","15","5","900"
"5a61f98242a7546ba8ecb7ababb4a447","7343","2022-10-07T08:30:00.000","RIVERSIDE DR / BURTON DR","EASTBOUND","LEFT TURN","false","7","10.286","2.498","65.9","42.308","10","7","2022","8","30","5","900"
"748e8a9b6a44a5eeb5bdd57071406b7d","7343","2022-10-07T08:30:00.000","RIVERSIDE DR / BURTON DR","EASTBOUND","LEFT TURN","true","4","10.5","3.416","2.15","1.642","10","7","2022","8","30","5","900"
"0358d0657ec401cb21bd4e3b08f4cb9c","7343","2022-10-07T08:30:00.000","RIVERSIDE DR / BURTON DR","EASTBOUND","THRU","false","2","49.0","9.899","1.25","0.212","10","7","2022","8","30","5","900"
"5ec2b7e75f88ad1ea9421490574a4254","7343","2022-10-07T08:30:00.000","RIVERSIDE DR / BURTON DR","EASTBOUND","THRU","true","93","35.011","13.74","5.904","13.188","10","7","2022","8","30","5","900"
"e47f8c65ebd09f3cf7f12b40371e18a4","7343","2022-10-07T08:30:00.000","RIVERSIDE DR / BURTON DR","NORTHBOUND","LEFT TURN","false","17","22.235","12.311","6.294","15.819","10","7","2022","8","30","5","900"
"783c72ba2160687471b16ba3bf4ac15f","7343","2022-10-07T08:30:00.000","RIVERSIDE DR / BURTON DR","NORTHBOUND","LEFT TURN","true","2","25.0","4.243","41.85","51.124","10","7","2022","8","30","5","900"
"583b907cc83799618ad899c09e5af616","7343","2022-10-07T08:30:00.000","RIVERSIDE DR / BURTON DR","NORTHBOUND","RIGHT TURN","false","1","16.0","0.0","6.4","0.0","10","7","2022","8","30","5","900"
"bf666cfaefb76c45e1e3041682e91b8c","7343","2022-10-07T08:30:00.000","RIVERSIDE DR / BURTON DR","NORTHBOUND","RIGHT TURN","true","1","25.0","0.0","8.3","0.0","10","7","2022","8","30","5","900"
"998f77b1af83b193026a5f04644bc953","7343","2022-10-07T08:30:00.000","RIVERSIDE DR / BURTON DR","NORTHBOUND","THRU","false","6","25.0","35.688","0.95","1.359","10","7","2022","8","30","5","900"
"422f31f255d2a3e64efe2a39aed2addf","7343","2022-10-07T08:30:00.000","RIVERSIDE DR / BURTON DR","NORTHBOUND","THRU","true","5","17.2","13.027","1.46","1.155","10","7","2022","8","30","5","900"
"ac73cd933c66c3f96ca08205e3bce8e2","7343","2022-10-07T08:30:00.000","RIVERSIDE DR / BURTON DR","SOUTHBOUND","LEFT TURN","true","9","16.889","4.372","27.8","34.154","10","7","2022","8","30","5","900"
"edd2128ef7c14cc7e2bc0530bf1113da","7343","2022-10-07T08:30:00.000","RIVERSIDE DR / BURTON DR","SOUTHBOUND","RIGHT TURN","false","15","10.533","2.949","19.247","32.66","10","7","2022","8","30","5","900"
"062175c900c0739a46299ebc8117df9c","7343","2022-10-07T08:30:00.000","RIVERSIDE DR / BURTON DR","SOUTHBOUND","RIGHT TURN","true","2","9.0","1.414","39.9","51.336","10","7","2022","8","30","5","900"
"cd6f67cd6eae7256b1ca2cc03da5bad4","7343","2022-10-07T08:30:00.000","RIVERSIDE DR / BURTON DR","SOUTHBOUND","THRU","false","6","15.5","11.023","16.533","12.949","10","7","2022","8","30","5","900"
"dbbce6f7f3030bc5f98fe83ee695ef28","7343","2022-10-07T08:30:00.000","RIVERSIDE DR / BURTON DR","SOUTHBOUND","THRU","true","6","15.333","3.266","41.483","42.33","10","7","2022","8","30","5","900"
"7d6c70be2e892442568597b74e314613","7343","2022-10-07T08:30:00.000","RIVERSIDE DR / BURTON DR","WESTBOUND","LEFT TURN","false","1","15.0","0.0","2.8","0.0","10","7","2022","8","30","5","900"
"359639eb11be5e044c55039161318a9a","7343","2022-10-07T08:30:00.000","RIVERSIDE DR / BURTON DR","WESTBOUND","LEFT TURN","true","4","28.75","27.717","6.725","7.433","10","7","2022","8","30","5","900"
"75bd81c2f14b68c05125d31bd20ebf5a","7343","2022-10-07T08:30:00.000","RIVERSIDE DR / BURTON DR","WESTBOUND","RIGHT TURN","false","4","3.0","6.0","5.05","2.611","10","7","2022","8","30","5","900"
"83df3443e6b28127b07b6854900cc503","7343","2022-10-07T08:30:00.000","RIVERSIDE DR / BURTON DR","WESTBOUND","RIGHT TURN","true","2","0.0","0.0","4.2","2.121","10","7","2022","8","30","5","900"
"7b45a187d9294a814005dd5bda73fd7c","7343","2022-10-07T08:30:00.000","RIVERSIDE DR / BURTON DR","WESTBOUND","THRU","false","218","34.555","21.558","6.32","14.915","10","7","2022","8","30","5","900"
"a510893f6c0c5a1ec761177ca2cf1cdd","7343","2022-10-07T08:30:00.000","RIVERSIDE DR / BURTON DR","WESTBOUND","THRU","true","52","37.173","24.43","3.44","8.847","10","7","2022","8","30","5","900"
"62ae51423a46d450270655d2ba10bbe5","7343","2022-10-07T08:45:00.000","RIVERSIDE DR / BURTON DR","EASTBOUND","LEFT TURN","false","11","11.636","2.656","47.127","54.723","10","7","2022","8","45","5","900"
"8d5e42f1669bb98478d6696ec3bc0d43","7343","2022-10-07T08:45:00.000","RIVERSIDE DR / BURTON DR","EASTBOUND","LEFT TURN","true","10","13.8","6.426","24.11","45.881","10","7","2022","8","45","5","900"
"a4898140b82ab3207cbbf500134acc93","7343","2022-10-07T08:45:00.000","RIVERSIDE DR / BURTON DR","EASTBOUND","THRU","false","5","32.2","14.061","2.04","1.045","10","7","2022","8","45","5","900"
"1b8d80c36d58ec1646e0bb284312254c","7343","2022-10-07T08:45:00.000","RIVERSIDE DR / BURTON DR","EASTBOUND","THRU","true","98","31.847","13.991","6.677","16.247","10","7","2022","8","45","5","900"
"972f3e70bcebfce4c7ef62fc8beae815","7343","2022-10-07T08:45:00.000","RIVERSIDE DR / BURTON DR","NORTHBOUND","LEFT TURN","false","11","20.182","16.394","13.764","28.7","10","7","2022","8","45","5","900"
"a17ec9e7c370ebac56281e7d33861070","7343","2022-10-07T08:45:00.000","RIVERSIDE DR / BURTON DR","NORTHBOUND","LEFT TURN","true","1","11.0","0.0","23.4","0.0","10","7","2022","8","45","5","900"
"6d8aa43373efe799fa5fe739de654167","7343","2022-10-07T08:45:00.000","RIVERSIDE DR / BURTON DR","NORTHBOUND","THRU","false","13","30.462","28.248","16.231","31.638","10","7","2022","8","45","5","900"
"5940262c08000d471c51b618e9121b78","7343","2022-10-07T08:45:00.000","RIVERSIDE DR / BURTON DR","NORTHBOUND","THRU","true","5","33.8","23.774","10.82","20.292","10","7","2022","8","45","5","900"
"999515db96ac210de0f6765930e79b1e","7343","2022-10-07T08:45:00.000","RIVERSIDE DR / BURTON DR","SOUTHBOUND","LEFT TURN","true","6","16.167","3.43","42.15","26.223","10","7","2022","8","45","5","900"
"05f44e8c9b7e172d2b730acdf19ec4b0","7343","2022-10-07T08:45:00.000","RIVERSIDE DR / BURTON DR","SOUTHBOUND","RIGHT TURN","false","19","10.053","1.353","7.721","10.557","10","7","2022","8","45","5","900"
"bb39251751189d928e3cbf9aff0147b1","7343","2022-10-07T08:45:00.000","RIVERSIDE DR / BURTON DR","SOUTHBOUND","RIGHT TURN","true","3","8.667","0.577","40.733","31.134","10","7","2022","8","45","5","900"
"6a65d008af2bcb49c5ce4f5745cb0e07","7343","2022-10-07T08:45:00.000","RIVERSIDE DR / BURTON DR","SOUTHBOUND","THRU","false","7","12.857","7.105","14.329","16.609","10","7","2022","8","45","5","900"
"fa7fc8782fffa81df80daead17e2b67c","7343","2022-10-07T08:45:00.000","RIVERSIDE DR / BURTON DR","SOUTHBOUND","THRU","true","4","15.25","5.188","43.275","38.897","10","7","2022","8","45","5","900"
"8fce72147880a0f509d60d4c9d7047dc","7343","2022-10-07T08:45:00.000","RIVERSIDE DR / BURTON DR","WESTBOUND","LEFT TURN","false","3","12.333","10.017","18.3","17.631","10","7","2022","8","45","5","900"
"bfe3f25baf7c3b1c5f7b66dda898d063","7343","2022-10-07T08:45:00.000","RIVERSIDE DR / BURTON DR","WESTBOUND","LEFT TURN","true","5","9.8","9.524","2.5","5.038","10","7","2022","8","45","5","900"
"1605efb244f433752e6c9d0538ba8fe4","7343","2022-10-07T08:45:00.000","RIVERSIDE DR / BURTON DR","WESTBOUND","RIGHT TURN","false","8","1.125","2.1","3.037","1.296","10","7","2022","8","45","5","900"
"001d3c89da8248f57a21e2b57f857791","7343","2022-10-07T08:45:00.000","RIVERSIDE DR / BURTON DR","WESTBOUND","RIGHT TURN","true","2","0.0","0.0","4.85","0.212","10","7","2022","8","45","5","900"
"38bb27313411a01c87419045e3eaf643","7343","2022-10-07T08:45:00.000","RIVERSIDE DR / BURTON DR","WESTBOUND","THRU","false","188","30.904","20.757","7.632","17.505","10","7","2022","8","45","5","900"
"7ab61d08ba343c7bfd345138d0169a60","7343","2022-10-07T08:45:00.000","RIVERSIDE DR / BURTON DR","WESTBOUND","THRU","true","60","36.45","17.942","4.217","11.182","10","7","2022","8","45","5","900"
"4799ce409761312eb998957b9e2f89b3","7343","2022-10-07T09:00:00.000","RIVERSIDE DR / BURTON DR","EASTBOUND","LEFT TURN","false","12","11.5","1.784","37.308","46.067","10","7","2022","9","0","5","900"
"6d89854bc8b36802995ba57974dc037a","7343","2022-10-07T09:00:00.000","RIVERSIDE DR / BURTON DR","EASTBOUND","LEFT TURN","true","3","22.0","19.925","2.967","2.458","10","7","2022","9","0","5","900"
"b5b06706c9b2fb24fa8e2d4b309c3246","7343","2022-10-07T09:00:00.000","RIVERSIDE DR / BURTON DR","EASTBOUND","RIGHT TURN","false","1","17.0","0.0","2.0","0.0","10","7","2022","9","0","5","900"
"d65b0e6b97767902c7d3732f58d6768d","7343","2022-10-07T09:00:00.000","RIVERSIDE DR / BURTON DR","EASTBOUND","THRU","false","3","30.667","16.743","2.233","1.38","10","7","2022","9","0","5","900"
"f6255810b37d5959229fddbb4d2e6c63","7343","2022-10-07T09:00:00.000","RIVERSIDE DR / BURTON DR","EASTBOUND","THRU","true","126","32.349","13.466","4.177","11.381","10","7","2022","9","0","5","900"
"769045a80e005f4be37f21cc3fe8f7b9","7343","2022-10-07T09:00:00.000","RIVERSIDE DR / BURTON DR","NORTHBOUND","LEFT TURN","false","18","22.778","15.012","48.189","38.485","10","7","2022","9","0","5","900"
"69530048c7076f5597ef8ea338a96648","7343","2022-10-07T09:00:00.000","RIVERSIDE DR / BURTON DR","NORTHBOUND","LEFT TURN","true","3","10.0","11.79","27.233","37.069","10","7","2022","9","0","5","900"
"9286ab6d62b438b53188172c0dac67d1","7343","2022-10-07T09:00:00.000","RIVERSIDE DR / BURTON DR","NORTHBOUND","RIGHT TURN","false","1","9.0","0.0","8.8","0.0","10","7","2022","9","0","5","900"
"7bc72207ed586ae799107474c8471538","7343","2022-10-07T09:00:00.000","RIVERSIDE DR / BURTON DR","NORTHBOUND","THRU","false","16","23.688","25.891","6.244","11.815","10","7","2022","9","0","5","900"
"9f0fca520abbf085dd0eebe724594cc2","7343","2022-10-07T09:00:00.000","RIVERSIDE DR / BURTON DR","NORTHBOUND","THRU","true","5","35.8","38.35","1.96","2.506","10","7","2022","9","0","5","900"
"c33ec73fd029ca134d880e8a41497faa","7343","2022-10-07T09:00:00.000","RIVERSIDE DR / BURTON DR","SOUTHBOUND","LEFT TURN","true","7","17.429","4.577","38.3","34.813","10","7","2022","9","0","5","900"
"f646d7b6874b0b2352e83412f8e3548a","7343","2022-10-07T09:00:00.000","RIVERSIDE DR / BURTON DR","SOUTHBOUND","RIGHT TURN","false","27","9.815","1.665","11.089","21.331","10","7","2022","9","0","5","900"
"1d0b4a8eb12067c18555b50b8ad8c389","7343","2022-10-07T09:00:00.000","RIVERSIDE DR / BURTON DR","SOUTHBOUND","RIGHT TURN","true","4","9.5","1.291","3.2","1.679","10","7","2022","9","0","5","900"
"fd2c6fcb96c69ec7b39f9ebfd0b24178","7343","2022-10-07T09:00:00.000","RIVERSIDE DR / BURTON DR","SOUTHBOUND","THRU","false","1","12.0","0.0","87.3","0.0","10","7","2022","9","0","5","900"
"d26858c45e71c10a1a434bf259916c13","7343","2022-10-07T09:00:00.000","RIVERSIDE DR / BURTON DR","SOUTHBOUND","THRU","true","5","16.4","5.941","30.2","36.421","10","7","2022","9","0","5","900"
"48e774482587c7acf6e772e2ac832a09","7343","2022-10-07T09:00:00.000","RIVERSIDE DR / BURTON DR","WESTBOUND","LEFT TURN","false","4","16.5","4.796","3.625","4.994","10","7","2022","9","0","5","900"
"480d608da2356befdf18c6168370806a","7343","2022-10-07T09:00:00.000","RIVERSIDE DR / BURTON DR","WESTBOUND","LEFT TURN","true","10","15.8","15.576","14.09","24.82","10","7","2022","9","0","5","900"
"377c94fa843ec2906303f8ff01577d53","7343","2022-10-07T09:00:00.000","RIVERSIDE DR / BURTON DR","WESTBOUND","RIGHT TURN","false","3","0.0","0.0","4.8","0.819","10","7","2022","9","0","5","900"
"0cd0d1275ad33e4dac436d71083d7dd2","7343","2022-10-07T09:00:00.000","RIVERSIDE DR / BURTON DR","WESTBOUND","RIGHT TURN","true","1","0.0","0.0","8.7","0.0","10","7","2022","9","0","5","900"
"5fef36b5dcf03fb04d326ccc73ab1dfd","7343","2022-10-07T09:00:00.000","RIVERSIDE DR / BURTON DR","WESTBOUND","THRU","false","159","30.723","21.942","6.556","14.963","10","7","2022","9","0","5","900"
"e52ae51cb6286f4d31f749f5498f57b3","7343","2022-10-07T09:00:00.000","RIVERSIDE DR / BURTON DR","WESTBOUND","THRU","true","48","25.417","18.572","5.737","12.915","10","7","2022","9","0","5","900"
"fedaddceb39b71ee1a1ff7fd125cb7b7","7343","2022-10-07T09:15:00.000","RIVERSIDE DR / BURTON DR","EASTBOUND","LEFT TURN","false","9","11.556","1.74","66.5","62.866","10","7","2022","9","15","5","900"
"899e7e0cb3aa148a30cacbf3bf2c044f","7343","2022-10-07T09:15:00.000","RIVERSIDE DR / BURTON DR","EASTBOUND","LEFT TURN","true","3","9.0","1.732","2.767","2.25","10","7","2022","9","15","5","900"
"69f5d520abeb64350df587d7a0965ec7","7343","2022-10-07T09:15:00.000","RIVERSIDE DR / BURTON DR","EASTBOUND","THRU","false","6","30.833","17.938","6.617","11.463","10","7","2022","9","15","5","900"
"c6191dad39dc4815adc4e0006fe32e93","7343","2022-10-07T09:15:00.000","RIVERSIDE DR / BURTON DR","EASTBOUND","THRU","true","99","34.293","12.689","6.825","17.076","10","7","2022","9","15","5","900"
"ec55bfa5e8500340012e874a4f2a6f7d","7343","2022-10-07T09:15:00.000","RIVERSIDE DR / BURTON DR","EASTBOUND","U-TURN","false","3","7.0","1.0","14.933","20.821","10","7","2022","9","15","5","900"
"f971a5a886f49e57a1516a3d780555ae","7343","2022-10-07T09:15:00.000","RIVERSIDE DR / BURTON DR","EASTBOUND","U-TURN","true","3","5.333","4.509","2.833","2.401","10","7","2022","9","15","5","900"
"f5af31da56b7673fd95d18d90ea5e487","7343","2022-10-07T09:15:00.000","RIVERSIDE DR / BURTON DR","NORTHBOUND","LEFT TURN","false","15","28.667","18.5","17.913","25.901","10","7","2022","9","15","5","900"
"4f6fdae3b4b31489f2ecc5aa6a0e8186","7343","2022-10-07T09:15:00.000","RIVERSIDE DR / BURTON DR","NORTHBOUND","LEFT TURN","true","3","21.333","22.03","2.133","1.358","10","7","2022","9","15","5","900"
"f8c579b2e6545687e75e6e17eac9c484","7343","2022-10-07T09:15:00.000","RIVERSIDE DR / BURTON DR","NORTHBOUND","RIGHT TURN","false","4","18.75","4.349","1.575","1.431","10","7","2022","9","15","5","900"
"0a72affc1817e206f739644f43da13b2","7343","2022-10-07T09:15:00.000","RIVERSIDE DR / BURTON DR","NORTHBOUND","RIGHT TURN","true","3","15.667","6.807","1.7","1.473","10","7","2022","9","15","5","900"
"5d7190b8846eaad649bda99d02d6723f","7343","2022-10-07T09:15:00.000","RIVERSIDE DR / BURTON DR","NORTHBOUND","THRU","false","18","17.389","13.946","8.544","20.402","10","7","2022","9","15","5","900"
"5eca0c43211393e87d950ca1aad14dbe","7343","2022-10-07T09:15:00.000","RIVERSIDE DR / BURTON DR","NORTHBOUND","THRU","true","11","17.455","19.557","25.391","35.863","10","7","2022","9","15","5","900"
"d4a183ba2e538317f18a75a0baa467a5","7343","2022-10-07T09:15:00.000","RIVERSIDE DR / BURTON DR","SOUTHBOUND","LEFT TURN","false","1","21.0","0.0","12.2","0.0","10","7","2022","9","15","5","900"
"62166d57b719e2e56931b8e8636e5b63","7343","2022-10-07T09:15:00.000","RIVERSIDE DR / BURTON DR","SOUTHBOUND","LEFT TURN","true","8","16.25","3.196","14.475","16.357","10","7","2022","9","15","5","900"
"0c65c31aad4f88973dfe482fa72dc2af","7343","2022-10-07T09:15:00.000","RIVERSIDE DR / BURTON DR","SOUTHBOUND","RIGHT TURN","false","21","9.619","1.499","13.348","20.777","10","7","2022","9","15","5","900"
"50f1a2b07c1d0c0ed0ab2c5b7fc81cce","7343","2022-10-07T09:15:00.000","RIVERSIDE DR / BURTON DR","SOUTHBOUND","RIGHT TURN","true","1","11.0","0.0","31.1","0.0","10","7","2022","9","15","5","900"
"1e369073db4ffd18d26cbe35aa1c6220","7343","2022-10-07T09:15:00.000","RIVERSIDE DR / BURTON DR","SOUTHBOUND","THRU","false","3","11.667","2.082","86.133","22.052","10","7","2022","9","15","5","900"
"9aba006f78595661cae7e455130bc039","7343","2022-10-07T09:15:00.000","RIVERSIDE DR / BURTON DR","SOUTHBOUND","THRU","true","6","16.5","3.271","42.95","48.039","10","7","2022","9","15","5","900"
"9d29b9e3831ccd507c96f63e47431014","7343","2022-10-07T09:15:00.000","RIVERSIDE DR / BURTON DR","WESTBOUND","LEFT TURN","false","5","4.8","5.215","9.64","16.765","10","7","2022","9","15","5","900"
"366fe0022ad8fb6e2d968da82b7e155e","7343","2022-10-07T09:15:00.000","RIVERSIDE DR / BURTON DR","WESTBOUND","LEFT TURN","true","6","12.333","5.086","14.383","24.579","10","7","2022","9","15","5","900"
"9ffd57465b77cfede8f81ef8d5442e10","7343","2022-10-07T09:15:00.000","RIVERSIDE DR / BURTON DR","WESTBOUND","RIGHT TURN","false","6","3.167","6.401","5.5","4.511","10","7","2022","9","15","5","900"
"6e970904893e49e69e937fc1adef2e2f","7343","2022-10-07T09:15:00.000","RIVERSIDE DR / BURTON DR","WESTBOUND","RIGHT TURN","true","1","0.0","0.0","3.8","0.0","10","7","2022","9","15","5","900"
"52fb82268971beb7f3dba6d4ed433789","7343","2022-10-07T09:15:00.000","RIVERSIDE DR / BURTON DR","WESTBOUND","THRU","false","161","33.398","20.986","7.128","17.542","10","7","2022","9","15","5","900"
"2f86803f336dc8171b2bed9f5350054b","7343","2022-10-07T09:15:00.000","RIVERSIDE DR / BURTON DR","WESTBOUND","THRU","true","43","33.581","20.737","4.456","11.357","10","7","2022","9","15","5","900"
"a4081bdd9ba400323eae85f3dd1ced6f","7343","2022-10-07T09:30:00.000","RIVERSIDE DR / BURTON DR","EASTBOUND","LEFT TURN","false","19","11.316","2.945","29.0","43.835","10","7","2022","9","30","5","900"
"3e3045842955f905383125259abde6e8","7343","2022-10-07T09:30:00.000","RIVERSIDE DR / BURTON DR","EASTBOUND","LEFT TURN","true","3","8.0","1.0","3.2","2.821","10","7","2022","9","30","5","900"
"2733023417f5b8c0fff3d9e85f46bb9b","7343","2022-10-07T09:30:00.000","RIVERSIDE DR / BURTON DR","EASTBOUND","THRU","false","7","22.429","7.635","2.486","1.436","10","7","2022","9","30","5","900"
"424f2f0896e445a7ba4e2b1f87adffab","7343","2022-10-07T09:30:00.000","RIVERSIDE DR / BURTON DR","EASTBOUND","THRU","true","111","30.315","13.75","4.171","9.971","10","7","2022","9","30","5","900"
"9613ab432acf9b203df8929a4fd9699e","7343","2022-10-07T09:30:00.000","RIVERSIDE DR / BURTON DR","EASTBOUND","U-TURN","false","5","8.4","2.074","46.76","59.22","10","7","2022","9","30","5","900"
"25c711d4ba6eb052c9948090c88bb977","7343","2022-10-07T09:30:00.000","RIVERSIDE DR / BURTON DR","NORTHBOUND","LEFT TURN","false","22","18.636","15.098","14.723","22.496","10","7","2022","9","30","5","900"
"2ae80f0e1982f7415e741a29671e5a56","7343","2022-10-07T09:30:00.000","RIVERSIDE DR / BURTON DR","NORTHBOUND","LEFT TURN","true","3","40.0","42.154","0.3","0.2","10","7","2022","9","30","5","900"
"632a3cd01aacd71adae4c40b26626db0","7343","2022-10-07T09:30:00.000","RIVERSIDE DR / BURTON DR","NORTHBOUND","RIGHT TURN","true","1","13.0","0.0","0.0","0.0","10","7","2022","9","30","5","900"
"6f4f5246f9218800aa2ac090925dc904","7343","2022-10-07T09:30:00.000","RIVERSIDE DR / BURTON DR","NORTHBOUND","THRU","false","5","15.6","13.446","12.9","15.358","10","7","2022","9","30","5","900"
"755ad4bb9669cdf632738c2d154fe6c7","7343","2022-10-07T09:30:00.000","RIVERSIDE DR / BURTON DR","NORTHBOUND","THRU","true","6","15.667","9.771","1.867","2.003","10","7","2022","9","30","5","900"
"eeaa4a7e187eed9b6705efb89525d87f","7343","2022-10-07T09:30:00.000","RIVERSIDE DR / BURTON DR","SOUTHBOUND","LEFT TURN","true","10","17.3","3.86","22.52","25.591","10","7","2022","9","30","5","900"
"007650cc715638579b09d9188fa6eb2f","7343","2022-10-07T09:30:00.000","RIVERSIDE DR / BURTON DR","SOUTHBOUND","RIGHT TURN","false","14","11.0","1.468","21.064","25.606","10","7","2022","9","30","5","900"
"c7b72dbe2a47556387a44116ac830154","7343","2022-10-07T09:30:00.000","RIVERSIDE DR / BURTON DR","SOUTHBOUND","RIGHT TURN","true","2","8.5","4.95","5.25","1.485","10","7","2022","9","30","5","900"
"ea037340d17e7acfed110a9924abe02b","7343","2022-10-07T09:30:00.000","RIVERSIDE DR / BURTON DR","SOUTHBOUND","THRU","false","6","10.5","3.886","26.733","27.248","10","7","2022","9","30","5","900"
"43eb80bec5d65fc743185d8274be9885","7343","2022-10-07T09:30:00.000","RIVERSIDE DR / BURTON DR","SOUTHBOUND","THRU","true","8","16.875","5.083","19.638","28.548","10","7","2022","9","30","5","900"
"77690f5b7471437609934424e82143e0","7343","2022-10-07T09:30:00.000","RIVERSIDE DR / BURTON DR","WESTBOUND","LEFT TURN","false","4","15.75","4.646","21.15","37.362","10","7","2022","9","30","5","900"
"ed7d3fb8bd80a746dbf584969be6834b","7343","2022-10-07T09:30:00.000","RIVERSIDE DR / BURTON DR","WESTBOUND","LEFT TURN","true","4","16.75","4.787","19.625","34.993","10","7","2022","9","30","5","900"
"1d56fc7e64ddaff64d821b6fbcef1833","7343","2022-10-07T09:30:00.000","RIVERSIDE DR / BURTON DR","WESTBOUND","RIGHT TURN","false","4","0.25","0.5","14.35","23.439","10","7","2022","9","30","5","900"
"a4e2c397161f5c7ca1ec8f1db79c77ce","7343","2022-10-07T09:30:00.000","RIVERSIDE DR / BURTON DR","WESTBOUND","THRU","false","194","29.603","21.111","6.394","15.325","10","7","2022","9","30","5","900"
"5693ccb850cf5edccc970870cada5705","7343","2022-10-07T09:30:00.000","RIVERSIDE DR / BURTON DR","WESTBOUND","THRU","true","43","27.744","18.277","6.149","16.623","10","7","2022","9","30","5","900"
"48a2c4b36f8e411edcd5f6a512a4feba","7343","2022-10-07T09:45:00.000","RIVERSIDE DR / BURTON DR","EASTBOUND","LEFT TURN","false","5","11.8","2.387","49.02","46.239","10","7","2022","9","45","5","900"
"1e91014527ae47560bf819168f5860ab","7343","2022-10-07T09:45:00.000","RIVERSIDE DR / BURTON DR","EASTBOUND","LEFT TURN","true","6","13.167","2.041","22.117","45.509","10","7","2022","9","45","5","900"
"8050295150cda1bca8d761ecbf9cb6ea","7343","2022-10-07T09:45:00.000","RIVERSIDE DR / BURTON DR","EASTBOUND","THRU","false","5","30.8","6.87","1.58","0.733","10","7","2022","9","45","5","900"
"6110c030417b881ef61d577eda6e374a","7343","2022-10-07T09:45:00.000","RIVERSIDE DR / BURTON DR","EASTBOUND","THRU","true","108","29.954","12.052","7.044","14.257","10","7","2022","9","45","5","900"
"ddbcc29b73928cbe17618ef3d71535b4","7343","2022-10-07T09:45:00.000","RIVERSIDE DR / BURTON DR","EASTBOUND","U-TURN","false","5","8.4","1.14","33.3","45.881","10","7","2022","9","45","5","900"
"6e65a888c4f59049680008edbb79b338","7343","2022-10-07T09:45:00.000","RIVERSIDE DR / BURTON DR","EASTBOUND","U-TURN","true","1","8.0","0.0","95.7","0.0","10","7","2022","9","45","5","900"
"894d2b13d0682d4699efe9d25d9ab139","7343","2022-10-07T09:45:00.000","RIVERSIDE DR / BURTON DR","NORTHBOUND","LEFT TURN","false","10","29.4","14.308","1.21","1.094","10","7","2022","9","45","5","900"
"45761e89cf0fcf324b451d3e7e2cbb4c","7343","2022-10-07T09:45:00.000","RIVERSIDE DR / BURTON DR","NORTHBOUND","RIGHT TURN","false","1","9.0","0.0","0.1","0.0","10","7","2022","9","45","5","900"
"3ea91a295a03e64cf1273ddc9113257b","7343","2022-10-07T09:45:00.000","RIVERSIDE DR / BURTON DR","NORTHBOUND","RIGHT TURN","true","1","23.0","0.0","3.1","0.0","10","7","2022","9","45","5","900"
"d239255099f23ea5ceabba2f6bf8be91","7343","2022-10-07T09:45:00.000","RIVERSIDE DR / BURTON DR","NORTHBOUND","THRU","false","16","11.312","16.115","15.906","27.017","10","7","2022","9","45","5","900"
"540b864b996f50acb18db47e9cf98567","7343","2022-10-07T09:45:00.000","RIVERSIDE DR / BURTON DR","NORTHBOUND","THRU","true","9","16.444","15.899","21.289","28.189","10","7","2022","9","45","5","900"
"cb82151887b73a8c6485a5997990191c","7343","2022-10-07T09:45:00.000","RIVERSIDE DR / BURTON DR","SOUTHBOUND","LEFT TURN","true","8","16.875","3.871","36.638","39.857","10","7","2022","9","45","5","900"
"b5a9624fe2154e2cb783c6df381ded12","7343","2022-10-07T09:45:00.000","RIVERSIDE DR / BURTON DR","SOUTHBOUND","RIGHT TURN","false","15","9.133","2.295","14.793","21.86","10","7","2022","9","45","5","900"
"a2394aa23ccc2d4fcb643789f26e2638","7343","2022-10-07T09:45:00.000","RIVERSIDE DR / BURTON DR","SOUTHBOUND","RIGHT TURN","true","3","9.0","1.0","6.167","1.332","10","7","2022","9","45","5","900"
"ea4ec05d884014fc6a70c831789c60e9","7343","2022-10-07T09:45:00.000","RIVERSIDE DR / BURTON DR","SOUTHBOUND","THRU","false","5","18.2","12.853","18.5","21.254","10","7","2022","9","45","5","900"
"a9b3ffde8692c447406eb99ee271c49a","7343","2022-10-07T09:45:00.000","RIVERSIDE DR / BURTON DR","SOUTHBOUND","THRU","true","4","12.25","1.258","33.925","24.028","10","7","2022","9","45","5","900"
"d9dab66f6082cb304ad43a77d7d0d8ba","7343","2022-10-07T09:45:00.000","RIVERSIDE DR / BURTON DR","WESTBOUND","LEFT TURN","false","4","8.5","2.517","2.375","2.243","10","7","2022","9","45","5","900"
"c3cf5381dcf9a37ddd61ec17ec7c2c8a","7343","2022-10-07T09:45:00.000","RIVERSIDE DR / BURTON DR","WESTBOUND","LEFT TURN","true","3","12.667","3.512","14.3","17.754","10","7","2022","9","45","5","900"
"5386b8cff84c6867142fa03720cc1401","7343","2022-10-07T09:45:00.000","RIVERSIDE DR / BURTON DR","WESTBOUND","RIGHT TURN","false","9","1.111","2.421","8.578","7.723","10","7","2022","9","45","5","900"
"1f5461a7d8f1cb92509fbab30af7cf5c","7343","2022-10-07T09:45:00.000","RIVERSIDE DR / BURTON DR","WESTBOUND","RIGHT TURN","true","2","1.5","2.121","43.35","52.538","10","7","2022","9","45","5","900"
"60ee848e3c9dce95f8c6228bf3806b5d","7343","2022-10-07T09:45:00.000","RIVERSIDE DR / BURTON DR","WESTBOUND","THRU","false","185","24.341","17.652","7.698","17.581","10","7","2022","9","45","5","900"
"1aa1c7c75f19ad26bdc7432fc34fb0be","7343","2022-10-07T09:45:00.000","RIVERSIDE DR / BURTON DR","WESTBOUND","THRU","true","50","27.26","18.429","7.368","17.476","10","7","2022","9","45","5","900"
"c62c93fa7d24a009ac5719d05c8d6355","7343","2022-10-07T10:00:00.000","RIVERSIDE DR / BURTON DR","EASTBOUND","LEFT TURN","false","6","12.0","1.414","20.017","38.567","10","7","2022","10","0","5","900"
"f294fa31d5f84fccc05e59f2c475b783","7343","2022-10-07T10:00:00.000","RIVERSIDE DR / BURTON DR","EASTBOUND","LEFT TURN","true","4","11.25","1.893","10.2","15.138","10","7","2022","10","0","5","900"
"5858db9c34fea1fc8953e3ca40c55089","7343","2022-10-07T10:00:00.000","RIVERSIDE DR / BURTON DR","EASTBOUND","THRU","false","3","40.333","27.429","1.767","1.528","10","7","2022","10","0","5","900"
"dd6eef3676ff98ccd91bb74a9c51c6fb","7343","2022-10-07T10:00:00.000","RIVERSIDE DR / BURTON DR","EASTBOUND","THRU","true","105","29.819","13.619","4.062","8.214","10","7","2022","10","0","5","900"
"e9c88ec4ec0554157914518a174d75e4","7343","2022-10-07T10:00:00.000","RIVERSIDE DR / BURTON DR","EASTBOUND","U-TURN","false","7","6.857","1.069","27.257","32.095","10","7","2022","10","0","5","900"
"60b13204d15a8b626c67ea41cef17871","7343","2022-10-07T10:00:00.000","RIVERSIDE DR / BURTON DR","EASTBOUND","U-TURN","true","2","6.5","2.121","26.0","27.011","10","7","2022","10","0","5","900"
"5075825eca60b6a65d994d86f4d4291c","7343","2022-10-07T10:00:00.000","RIVERSIDE DR / BURTON DR","NORTHBOUND","LEFT TURN","false","17","16.588","11.959","7.253","12.168","10","7","2022","10","0","5","900"
"d6a55d9926156e4ba1b87d30ce0fc65d","7343","2022-10-07T10:00:00.000","RIVERSIDE DR / BURTON DR","NORTHBOUND","LEFT TURN","true","2","11.5","16.263","3.3","0.424","10","7","2022","10","0","5","900"
"d576211df8b548801e7bf1b28fc82db6","7343","2022-10-07T10:00:00.000","RIVERSIDE DR / BURTON DR","NORTHBOUND","RIGHT TURN","false","2","10.5","14.849","0.9","1.131","10","7","2022","10","0","5","900"
"375817a7ddf007253110eedf49f3896c","7343","2022-10-07T10:00:00.000","RIVERSIDE DR / BURTON DR","NORTHBOUND","THRU","false","13","33.692","27.675","7.869","22.357","10","7","2022","10","0","5","900"
"8ab30a78ded46c3ffd43465d32d7656f","7343","2022-10-07T10:00:00.000","RIVERSIDE DR / BURTON DR","NORTHBOUND","THRU","true","9","25.0","14.534","4.889","9.059","10","7","2022","10","0","5","900"
"aa3274551fdfa65d0887a5309abea122","7343","2022-10-07T10:00:00.000","RIVERSIDE DR / BURTON DR","SOUTHBOUND","LEFT TURN","false","1","11.0","0.0","65.3","0.0","10","7","2022","10","0","5","900"
"7f238d61a5e91b1dd1c4dc2ac421c2c4","7343","2022-10-07T10:00:00.000","RIVERSIDE DR / BURTON DR","SOUTHBOUND","LEFT TURN","true","3","20.0","7.55","20.033","31.157","10","7","2022","10","0","5","900"
"cfbd76ef153a7f66fa54639d78938a7d","7343","2022-10-07T10:00:00.000","RIVERSIDE DR / BURTON DR","SOUTHBOUND","RIGHT TURN","false","17","9.824","1.704","5.212","5.72","10","7","2022","10","0","5","900"
"598105acb7e071140aa0bc590f179627","7343","2022-10-07T10:00:00.000","RIVERSIDE DR / BURTON DR","SOUTHBOUND","RIGHT TURN","true","3","8.333","2.309","8.567","6.104","10","7","2022","10","0","5","900"
"cc3f61821def1607f782457c1329831c","7343","2022-10-07T10:00:00.000","RIVERSIDE DR / BURTON DR","SOUTHBOUND","THRU","true","7","17.286","8.731","24.829","35.927","10","7","2022","10","0","5","900"
"5fb2d6ea4c9a262b81348937fa13cee3","7343","2022-10-07T10:00:00.000","RIVERSIDE DR / BURTON DR","WESTBOUND","LEFT TURN","false","6","16.5","5.468","28.983","33.901","10","7","2022","10","0","5","900"
"d6ecb285120284aa15829374330b5701","7343","2022-10-07T10:00:00.000","RIVERSIDE DR / BURTON DR","WESTBOUND","LEFT TURN","true","4","14.0","7.439","14.325","27.129","10","7","2022","10","0","5","900"
"6790cd0419aa6a2e9c1284ca1512c5f9","7343","2022-10-07T10:00:00.000","RIVERSIDE DR / BURTON DR","WESTBOUND","RIGHT TURN","false","6","16.333","38.557","11.883","20.076","10","7","2022","10","0","5","900"
"8ff5d865abaf1bfa62b2caf06b6ccfae","7343","2022-10-07T10:00:00.000","RIVERSIDE DR / BURTON DR","WESTBOUND","RIGHT TURN","true","1","0.0","0.0","48.0","0.0","10","7","2022","10","0","5","900"
"1f3af99c3391e958a33a951d5e8684f1","7343","2022-10-07T10:00:00.000","RIVERSIDE DR / BURTON DR","WESTBOUND","THRU","false","180","29.678","21.321","7.016","16.747","10","7","2022","10","0","5","900"
"6d71ad5e2076489e3d411e0632064c78","7343","2022-10-07T10:00:00.000","RIVERSIDE DR / BURTON DR","WESTBOUND","THRU","true","32","27.156","17.056","5.912","15.888","10","7","2022","10","0","5","900"
"a70843ff8c91dea2eee8bd78df13bd9e","7343","2022-10-07T10:15:00.000","RIVERSIDE DR / BURTON DR","EASTBOUND","LEFT TURN","false","13","11.462","2.025","43.469","43.534","10","7","2022","10","15","5","900"
"26f2a45573903a50cdf48e91adaf5291","7343","2022-10-07T10:15:00.000","RIVERSIDE DR / BURTON DR","EASTBOUND","LEFT TURN","true","2","10.5","0.707","3.9","0.566","10","7","2022","10","15","5","900"
"2d6257a9559fff4e5df4bba4ce4bfd05","7343","2022-10-07T10:15:00.000","RIVERSIDE DR / BURTON DR","EASTBOUND","THRU","false","2","21.0","1.414","0.4","0.141","10","7","2022","10","15","5","900"
"0c760354e8a84b4922377d0f2f53ed67","7343","2022-10-07T10:15:00.000","RIVERSIDE DR / BURTON DR","EASTBOUND","THRU","true","150","27.247","11.83","6.707","13.693","10","7","2022","10","15","5","900"
"d762202f2f166721aa7a16d8c9e8a0f1","7343","2022-10-07T10:15:00.000","RIVERSIDE DR / BURTON DR","EASTBOUND","U-TURN","false","1","10.0","0.0","91.5","0.0","10","7","2022","10","15","5","900"
"479a6e5cb6c5d285618ad964328c9a58","7343","2022-10-07T10:15:00.000","RIVERSIDE DR / BURTON DR","EASTBOUND","U-TURN","true","2","12.0","2.828","3.2","0.283","10","7","2022","10","15","5","900"
"a321722a84396174bef7f9d4da0e7929","7343","2022-10-07T10:15:00.000","RIVERSIDE DR / BURTON DR","NORTHBOUND","LEFT TURN","false","10","16.0","14.591","13.16","19.002","10","7","2022","10","15","5","900"
"202645cdf45f11f304f861d9f9f8879f","7343","2022-10-07T10:15:00.000","RIVERSIDE DR / BURTON DR","NORTHBOUND","LEFT TURN","true","2","28.0","1.414","11.8","16.122","10","7","2022","10","15","5","900"
"0056ff1c815e3f6503ffe0def311ef2a","7343","2022-10-07T10:15:00.000","RIVERSIDE DR / BURTON DR","NORTHBOUND","RIGHT TURN","true","2","22.0","8.485","0.1","0.141","10","7","2022","10","15","5","900"
"c960dc1e440f2bf889b7e95d90b05702","7343","2022-10-07T10:15:00.000","RIVERSIDE DR / BURTON DR","NORTHBOUND","THRU","false","15","27.867","24.225","12.967","26.584","10","7","2022","10","15","5","900"
"2ab33948b4751395f21fa7b9a0922e4f","7343","2022-10-07T10:15:00.000","RIVERSIDE DR / BURTON DR","NORTHBOUND","THRU","true","14","22.0","26.773","6.75","19.444","10","7","2022","10","15","5","900"
"38a0e73536f478099400ecb6231fd6b9","7343","2022-10-07T10:15:00.000","RIVERSIDE DR / BURTON DR","SOUTHBOUND","LEFT TURN","true","9","16.111","3.621","20.8","31.366","10","7","2022","10","15","5","900"
"3aaf39bae3df3f69b4a73b2a5d37966d","7343","2022-10-07T10:15:00.000","RIVERSIDE DR / BURTON DR","SOUTHBOUND","RIGHT TURN","false","15","9.533","1.302","17.467","22.597","10","7","2022","10","15","5","900"
"5c160f91dd453fcfd8c9ca92a72e1ef1","7343","2022-10-07T10:15:00.000","RIVERSIDE DR / BURTON DR","SOUTHBOUND","RIGHT TURN","true","2","10.0","1.414","10.75","9.687","10","7","2022","10","15","5","900"
"b2802ebdf05165978b0854718b654965","7343","2022-10-07T10:15:00.000","RIVERSIDE DR / BURTON DR","SOUTHBOUND","THRU","false","7","15.571","8.58","12.914","23.118","10","7","2022","10","15","5","900"
"b9a1a5fa3870bf85f707eb7c4c7060ef","7343","2022-10-07T10:15:00.000","RIVERSIDE DR / BURTON DR","SOUTHBOUND","THRU","true","9","17.667","5.05","23.878","27.371","10","7","2022","10","15","5","900"
"e884ceaaede35ac73ce1326bdfa56d0d","7343","2022-10-07T10:15:00.000","RIVERSIDE DR / BURTON DR","WESTBOUND","LEFT TURN","false","5","19.4","11.76","15.3","29.416","10","7","2022","10","15","5","900"
"f574716fe36785dfc2d4a74169d71cc8","7343","2022-10-07T10:15:00.000","RIVERSIDE DR / BURTON DR","WESTBOUND","LEFT TURN","true","6","14.333","5.922","18.433","31.999","10","7","2022","10","15","5","900"
"131c1f1a06c79a827ed12d199802fd61","7343","2022-10-07T10:15:00.000","RIVERSIDE DR / BURTON DR","WESTBOUND","RIGHT TURN","false","2","2.0","2.828","2.6","0.283","10","7","2022","10","15","5","900"
"d36e2a1f4b9ee1f8c3a44fbebfe7fe8e","7343","2022-10-07T10:15:00.000","RIVERSIDE DR / BURTON DR","WESTBOUND","RIGHT TURN","true","1","18.0","0.0","60.2","0.0","10","7","2022","10","15","5","900"
"541f111df23e715970c409c3f8d3d70a","7343","2022-10-07T10:15:00.000","RIVERSIDE DR / BURTON DR","WESTBOUND","THRU","false","167","21.18","16.476","8.725","19.247","10","7","2022","10","15","5","900"
"116708a8ea4cf240b999188f0658e25d","7343","2022-10-07T10:15:00.000","RIVERSIDE DR / BURTON DR","WESTBOUND","THRU","true","40","25.6","15.681","3.387","7.009","10","7","2022","10","15","5","900"
"6fd7f3aed5f995d8f9cdcc36c9eb736c","7343","2022-10-07T10:30:00.000","RIVERSIDE DR / BURTON DR","EASTBOUND","LEFT TURN","false","14","12.214","2.778","24.879","38.388","10","7","2022","10","30","5","900"
"163330b4c9d5d5ba88736be6156d1b77","7343","2022-10-07T10:30:00.000","RIVERSIDE DR / BURTON DR","EASTBOUND","LEFT TURN","true","3","11.0","1.732","44.467","61.798","10","7","2022","10","30","5","900"
"ddd932c93c7f032d00eeb6f20af7b250","7343","2022-10-07T10:30:00.000","RIVERSIDE DR / BURTON DR","EASTBOUND","THRU","false","1","28.0","0.0","1.8","0.0","10","7","2022","10","30","5","900"
"7e7436c2a1916e1c2e2911374c7ab7da","7343","2022-10-07T10:30:00.000","RIVERSIDE DR / BURTON DR","EASTBOUND","THRU","true","110","27.991","11.386","5.408","9.796","10","7","2022","10","30","5","900"
"ebd5fc7d9de5861ec65508d5a2038511","7343","2022-10-07T10:30:00.000","RIVERSIDE DR / BURTON DR","EASTBOUND","U-TURN","false","1","8.0","0.0","72.9","0.0","10","7","2022","10","30","5","900"
"885e20c18323951182138bbd1ee1f5a5","7343","2022-10-07T10:30:00.000","RIVERSIDE DR / BURTON DR","EASTBOUND","U-TURN","true","2","11.5","3.536","56.3","31.82","10","7","2022","10","30","5","900"
"4c0061b1d287e6cd4226f489f85e80ac","7343","2022-10-07T10:30:00.000","RIVERSIDE DR / BURTON DR","NORTHBOUND","LEFT TURN","false","12","19.083","14.817","37.95","31.872","10","7","2022","10","30","5","900"
"41eb911102b54d47869040122590cb8b","7343","2022-10-07T10:30:00.000","RIVERSIDE DR / BURTON DR","NORTHBOUND","LEFT TURN","true","4","15.0","17.321","1.45","1.297","10","7","2022","10","30","5","900"
"e4dc4a95eabcbc198f1cb590318df220","7343","2022-10-07T10:30:00.000","RIVERSIDE DR / BURTON DR","NORTHBOUND","RIGHT TURN","true","3","16.667","17.01","1.2","1.735","10","7","2022","10","30","5","900"
"0851a5bcbf77ee7a1d807c1f8eefc18a","7343","2022-10-07T10:30:00.000","RIVERSIDE DR / BURTON DR","NORTHBOUND","THRU","false","11","28.909","24.341","7.218","12.967","10","7","2022","10","30","5","900"
"73a398bed62ae209fd5573cbc7fa35e6","7343","2022-10-07T10:30:00.000","RIVERSIDE DR / BURTON DR","NORTHBOUND","THRU","true","6","14.667","12.925","19.0","21.981","10","7","2022","10","30","5","900"
"d5b5128569e89e6db55c120a61cc5aca","7343","2022-10-07T10:30:00.000","RIVERSIDE DR / BURTON DR","SOUTHBOUND","LEFT TURN","true","9","15.889","3.018","37.856","34.978","10","7","2022","10","30","5","900"
"7cea67f974d765556846c30dc69b7f13","7343","2022-10-07T10:30:00.000","RIVERSIDE DR / BURTON DR","SOUTHBOUND","RIGHT TURN","false","20","9.25","2.468","15.545","23.134","10","7","2022","10","30","5","900"
"1c35c8fb0000a3ba4a9d29ad49b9a999","7343","2022-10-07T10:30:00.000","RIVERSIDE DR / BURTON DR","SOUTHBOUND","RIGHT TURN","true","1","9.0","0.0","13.5","0.0","10","7","2022","10","30","5","900"
"e066f14f5fc143e5cf1da8fe0fec9c96","7343","2022-10-07T10:30:00.000","RIVERSIDE DR / BURTON DR","SOUTHBOUND","THRU","false","5","11.2","4.712","18.24","20.333","10","7","2022","10","30","5","900"
"e05ada5cf866aefea2d775082cc6a358","7343","2022-10-07T10:30:00.000","RIVERSIDE DR / BURTON DR","SOUTHBOUND","THRU","true","6","17.0","4.195","27.617","34.775","10","7","2022","10","30","5","900"
"7f317a4fe81b336bd1d5c257bae8fb9a","7343","2022-10-07T10:30:00.000","RIVERSIDE DR / BURTON DR","WESTBOUND","LEFT TURN","false","1","10.0","0.0","2.0","0.0","10","7","2022","10","30","5","900"
"ee4794e5fcef71300379ba80753cf8c7","7343","2022-10-07T10:30:00.000","RIVERSIDE DR / BURTON DR","WESTBOUND","LEFT TURN","true","8","10.5","11.759","1.788","1.633","10","7","2022","10","30","5","900"
"0ed441e212bbfe2886934357d18865b1","7343","2022-10-07T10:30:00.000","RIVERSIDE DR / BURTON DR","WESTBOUND","RIGHT TURN","false","8","6.25","9.239","4.65","2.26","10","7","2022","10","30","5","900"
"7aa0fee8fea1493e7b228cfb8d2c8434","7343","2022-10-07T10:30:00.000","RIVERSIDE DR / BURTON DR","WESTBOUND","RIGHT TURN","true","1","0.0","0.0","5.9","0.0","10","7","2022","10","30","5","900"
"75b09933af83c5438018c43400771602","7343","2022-10-07T10:30:00.000","RIVERSIDE DR / BURTON DR","WESTBOUND","THRU","false","182","24.967","19.698","8.19","18.34","10","7","2022","10","30","5","900"
"83df6821b31083e78258d7f6f694ab53","7343","2022-10-07T10:30:00.000","RIVERSIDE DR / BURTON DR","WESTBOUND","THRU","true","49","23.388","11.387","4.388","12.35","10","7","2022","10","30","5","900"
"b6491c53ed354ccb1791a8e8c10bbd95","7343","2022-10-07T10:45:00.000","RIVERSIDE DR / BURTON DR","EASTBOUND","LEFT TURN","false","16","12.688","2.414","31.638","45.108","10","7","2022","10","45","5","900"
"de9b6d2c374f7b517f724aa8c4d7fd35","7343","2022-10-07T10:45:00.000","RIVERSIDE DR / BURTON DR","EASTBOUND","LEFT TURN","true","2","12.0","0.0","4.25","0.354","10","7","2022","10","45","5","900"
"d3ec4754e789d68aa375e17a65254eb1","7343","2022-10-07T10:45:00.000","RIVERSIDE DR / BURTON DR","EASTBOUND","THRU","false","5","26.0","12.884","10.6","14.043","10","7","2022","10","45","5","900"
"cfc19b3fadd47a53a5327ca7984bbe3e","7343","2022-10-07T10:45:00.000","RIVERSIDE DR / BURTON DR","EASTBOUND","THRU","true","137","29.234","10.875","4.958","11.026","10","7","2022","10","45","5","900"
"c6e65e29711c7fb7df11eae644052397","7343","2022-10-07T10:45:00.000","RIVERSIDE DR / BURTON DR","EASTBOUND","U-TURN","false","2","8.0","1.414","68.3","63.64","10","7","2022","10","45","5","900"
"c2d20bcf344d6e2af0376e61a518cfc8","7343","2022-10-07T10:45:00.000","RIVERSIDE DR / BURTON DR","EASTBOUND","U-TURN","true","1","11.0","0.0","115.4","0.0","10","7","2022","10","45","5","900"
"1e0ee40da195d7e087ff1729f836d110","7343","2022-10-07T10:45:00.000","RIVERSIDE DR / BURTON DR","NORTHBOUND","LEFT TURN","false","18","22.944","20.27","17.578","29.576","10","7","2022","10","45","5","900"
"985b8e2dc67b3de8ebc9a7850f021f50","7343","2022-10-07T10:45:00.000","RIVERSIDE DR / BURTON DR","NORTHBOUND","LEFT TURN","true","4","14.5","9.0","6.525","11.138","10","7","2022","10","45","5","900"
"ff7df660bc12d047e21081126f9f859e","7343","2022-10-07T10:45:00.000","RIVERSIDE DR / BURTON DR","NORTHBOUND","RIGHT TURN","false","2","19.0","1.414","15.45","15.061","10","7","2022","10","45","5","900"
"337535bd6c8c0ad0eca82ec121f84ea2","7343","2022-10-07T10:45:00.000","RIVERSIDE DR / BURTON DR","NORTHBOUND","RIGHT TURN","true","3","24.333","10.693","1.4","0.954","10","7","2022","10","45","5","900"
"f7277d63aa69441437a8177bfe45b1fa","7343","2022-10-07T10:45:00.000","RIVERSIDE DR / BURTON DR","NORTHBOUND","THRU","false","10","13.8","15.873","7.7","19.152","10","7","2022","10","45","5","900"
"97ae60a25b1df356b3ec93aed41d8348","7343","2022-10-07T10:45:00.000","RIVERSIDE DR / BURTON DR","NORTHBOUND","THRU","true","8","36.625","33.979","1.388","0.967","10","7","2022","10","45","5","900"
"bf0928126f7f07ea4236c55cac9b4c59","7343","2022-10-07T10:45:00.000","RIVERSIDE DR / BURTON DR","SOUTHBOUND","LEFT TURN","false","1","16.0","0.0","44.4","0.0","10","7","2022","10","45","5","900"
"de7e7aac2e8bc1e6cd8900eb8d40eff5","7343","2022-10-07T10:45:00.000","RIVERSIDE DR / BURTON DR","SOUTHBOUND","LEFT TURN","true","10","14.2","3.645","38.83","32.766","10","7","2022","10","45","5","900"
"5d058e39c4b1d1c62b7e79586b8ab361","7343","2022-10-07T10:45:00.000","RIVERSIDE DR / BURTON DR","SOUTHBOUND","RIGHT TURN","false","14","9.571","2.652","6.657","6.229","10","7","2022","10","45","5","900"
"318626b48535b083206b25ec5cd36e4c","7343","2022-10-07T10:45:00.000","RIVERSIDE DR / BURTON DR","SOUTHBOUND","RIGHT TURN","true","1","11.0","0.0","6.1","0.0","10","7","2022","10","45","5","900"
"6cad14e2b70892293a314aead5c21aa9","7343","2022-10-07T10:45:00.000","RIVERSIDE DR / BURTON DR","SOUTHBOUND","THRU","true","9","19.778","7.886","17.533","19.936","10","7","2022","10","45","5","900"
"4e880ad04c55534592ff3f497998af7d","7343","2022-10-07T10:45:00.000","RIVERSIDE DR / BURTON DR","WESTBOUND","LEFT TURN","false","9","18.111","10.937","10.333","26.014","10","7","2022","10","45","5","900"
"dd99be772907005f20d2ab713ed2a668","7343","2022-10-07T10:45:00.000","RIVERSIDE DR / BURTON DR","WESTBOUND","LEFT TURN","true","6","16.833","11.652","27.433","39.396","10","7","2022","10","45","5","900"
"74971fa4c4475819e4250aa1423491ee","7343","2022-10-07T10:45:00.000","RIVERSIDE DR / BURTON DR","WESTBOUND","RIGHT TURN","false","9","7.667","10.223","21.656","28.621","10","7","2022","10","45","5","900"
"c392463f2e06d7853f1bc4c3f218612d","7343","2022-10-07T10:45:00.000","RIVERSIDE DR / BURTON DR","WESTBOUND","THRU","false","137","24.993","16.522","6.015","13.765","10","7","2022","10","45","5","900"
"0b59ef44aa7ef53d3c6783fe0b6e35e4","7343","2022-10-07T10:45:00.000","RIVERSIDE DR / BURTON DR","WESTBOUND","THRU","true","40","24.875","15.228","4.84","13.092","10","7","2022","10","45","5","900"
"6fa73717542372822637bf0ac5461f37","7343","2022-10-07T11:00:00.000","RIVERSIDE DR / BURTON DR","EASTBOUND","LEFT TURN","false","16","11.938","2.839","40.45","50.174","10","7","2022","11","0","5","900"
"639327c04fcc2aaceaf9f1e5f02dee6a","7343","2022-10-07T11:00:00.000","RIVERSIDE DR / BURTON DR","EASTBOUND","LEFT TURN","true","2","7.5","2.121","3.2","2.404","10","7","2022","11","0","5","900"
"0c40195f3a0ea1ecf3607157ab053e08","7343","2022-10-07T11:00:00.000","RIVERSIDE DR / BURTON DR","EASTBOUND","THRU","false","1","22.0","0.0","2.6","0.0","10","7","2022","11","0","5","900"
"f6637c92d607b98036475841d1305e9b","7343","2022-10-07T11:00:00.000","RIVERSIDE DR / BURTON DR","EASTBOUND","THRU","true","150","27.233","10.034","8.035","20.332","10","7","2022","11","0","5","900"
"7a70898a05c07608a6c5ccb0f2413ed2","7343","2022-10-07T11:00:00.000","RIVERSIDE DR / BURTON DR","EASTBOUND","U-TURN","false","3","10.333","4.163","38.667","61.431","10","7","2022","11","0","5","900"
"972a1d428d7bc8ae366469689bdc5faa","7343","2022-10-07T11:00:00.000","RIVERSIDE DR / BURTON DR","EASTBOUND","U-TURN","true","1","9.0","0.0","3.7","0.0","10","7","2022","11","0","5","900"
"46e2478dee5c196faeded9a32f93f874","7343","2022-10-07T11:00:00.000","RIVERSIDE DR / BURTON DR","NORTHBOUND","LEFT TURN","false","12","21.917","11.782","9.967","14.285","10","7","2022","11","0","5","900"
"c265f200800982e8642d51c597e9886f","7343","2022-10-07T11:00:00.000","RIVERSIDE DR / BURTON DR","NORTHBOUND","LEFT TURN","true","5","12.2","13.971","8.86","14.73","10","7","2022","11","0","5","900"
"d3e24d487bd3631847bd7429e18c0ed8","7343","2022-10-07T11:00:00.000","RIVERSIDE DR / BURTON DR","NORTHBOUND","RIGHT TURN","false","2","8.5","12.021","1.25","0.778","10","7","2022","11","0","5","900"
"618d4f01cf6c24d7c33cea07a3f97178","7343","2022-10-07T11:00:00.000","RIVERSIDE DR / BURTON DR","NORTHBOUND","RIGHT TURN","true","2","10.5","14.849","2.5","3.394","10","7","2022","11","0","5","900"
"1d4b7bb72328e0fb17cd9842cf679833","7343","2022-10-07T11:00:00.000","RIVERSIDE DR / BURTON DR","NORTHBOUND","THRU","false","16","25.688","20.356","13.025","24.864","10","7","2022","11","0","5","900"
"ce04875dc541095cf077921911714600","7343","2022-10-07T11:00:00.000","RIVERSIDE DR / BURTON DR","NORTHBOUND","THRU","true","15","23.733","16.351","6.333","13.506","10","7","2022","11","0","5","900"
"b678814573efde588f2066f69a94095c","7343","2022-10-07T11:00:00.000","RIVERSIDE DR / BURTON DR","SOUTHBOUND","LEFT TURN","true","6","18.5","5.468","16.617","32.307","10","7","2022","11","0","5","900"
"303244399f0d881706db344bfa2f224b","7343","2022-10-07T11:00:00.000","RIVERSIDE DR / BURTON DR","SOUTHBOUND","RIGHT TURN","false","16","9.938","2.144","5.369","7.362","10","7","2022","11","0","5","900"
"370bbe653009f4e7a8760a11bd22aba0","7343","2022-10-07T11:00:00.000","RIVERSIDE DR / BURTON DR","SOUTHBOUND","RIGHT TURN","true","3","8.667","1.528","2.6","2.787","10","7","2022","11","0","5","900"
"6057437ae8f16b701d133396263a75e7","7343","2022-10-07T11:00:00.000","RIVERSIDE DR / BURTON DR","SOUTHBOUND","THRU","false","6","19.167","10.028","23.983","28.703","10","7","2022","11","0","5","900"
"e1132389b8779359aab65028831d61c6","7343","2022-10-07T11:00:00.000","RIVERSIDE DR / BURTON DR","SOUTHBOUND","THRU","true","13","17.385","7.066","18.1","22.575","10","7","2022","11","0","5","900"
"6610ec435915bf214af4d02644320e36","7343","2022-10-07T11:00:00.000","RIVERSIDE DR / BURTON DR","WESTBOUND","LEFT TURN","false","10","15.7","5.813","2.48","2.788","10","7","2022","11","0","5","900"
"29ff11803c455f965f8b9d94270b938b","7343","2022-10-07T11:00:00.000","RIVERSIDE DR / BURTON DR","WESTBOUND","LEFT TURN","true","3","7.333","5.686","37.867","31.36","10","7","2022","11","0","5","900"
"83bedb593f3330b9076f455a7e7ff423","7343","2022-10-07T11:00:00.000","RIVERSIDE DR / BURTON DR","WESTBOUND","RIGHT TURN","false","4","7.5","2.887","14.275","10.975","10","7","2022","11","0","5","900"
"c4269cb72a3a334da0fa85538e30a5d3","7343","2022-10-07T11:00:00.000","RIVERSIDE DR / BURTON DR","WESTBOUND","RIGHT TURN","true","3","0.0","0.0","3.133","2.003","10","7","2022","11","0","5","900"
"481f94a86d581fc646b07ea5200fbc73","7343","2022-10-07T11:00:00.000","RIVERSIDE DR / BURTON DR","WESTBOUND","THRU","false","154","25.006","18.355","8.732","18.965","10","7","2022","11","0","5","900"
"edd1cbc25673df245cd06e87a048858d","7343","2022-10-07T11:00:00.000","RIVERSIDE DR / BURTON DR","WESTBOUND","THRU","true","37","29.054","24.415","4.576","13.62","10","7","2022","11","0","5","900"
"999e6f0010019738e67db2f72d14d95e","7343","2022-10-07T11:15:00.000","RIVERSIDE DR / BURTON DR","EASTBOUND","LEFT TURN","false","20","13.3","3.23","28.94","40.856","10","7","2022","11","15","5","900"
"76244d7cc72ad48fa08424cd7abed545","7343","2022-10-07T11:15:00.000","RIVERSIDE DR / BURTON DR","EASTBOUND","LEFT TURN","true","3","11.667","1.528","39.933","63.316","10","7","2022","11","15","5","900"
"25bf44b8940864df0821fe45518441dc","7343","2022-10-07T11:15:00.000","RIVERSIDE DR / BURTON DR","EASTBOUND","THRU","false","4","19.75","8.995","35.2","37.699","10","7","2022","11","15","5","900"
"14b3147faf42854a4a10ad128ee25505","7343","2022-10-07T11:15:00.000","RIVERSIDE DR / BURTON DR","EASTBOUND","THRU","true","154","27.779","9.908","5.57","14.547","10","7","2022","11","15","5","900"
"dc818df35806494050c64461183c6cab","7343","2022-10-07T11:15:00.000","RIVERSIDE DR / BURTON DR","EASTBOUND","U-TURN","false","2","9.5","0.707","4.1","0.0","10","7","2022","11","15","5","900"
"4e73cf2e362aa7041a0e45dd5495688d","7343","2022-10-07T11:15:00.000","RIVERSIDE DR / BURTON DR","NORTHBOUND","LEFT TURN","false","19","17.737","14.988","15.237","24.264","10","7","2022","11","15","5","900"
"6004d7cfe2f81d77d7ad66ba2d6c059d","7343","2022-10-07T11:15:00.000","RIVERSIDE DR / BURTON DR","NORTHBOUND","LEFT TURN","true","6","20.0","20.465","15.317","19.325","10","7","2022","11","15","5","900"
"21947678b86655aa8d18629ff6c03ef2","7343","2022-10-07T11:15:00.000","RIVERSIDE DR / BURTON DR","NORTHBOUND","RIGHT TURN","false","3","18.0","9.165","1.167","1.079","10","7","2022","11","15","5","900"
"0f676a1dd9bd8967655cf11135d7157d","7343","2022-10-07T11:15:00.000","RIVERSIDE DR / BURTON DR","NORTHBOUND","RIGHT TURN","true","4","10.25","9.743","7.1","7.104","10","7","2022","11","15","5","900"
"ad895a8dc4849790bfba719fba2e80ee","7343","2022-10-07T11:15:00.000","RIVERSIDE DR / BURTON DR","NORTHBOUND","THRU","false","15","24.867","22.418","13.847","27.268","10","7","2022","11","15","5","900"
"22d74a95ae0a0dbeb83c43d2a6c37be4","7343","2022-10-07T11:15:00.000","RIVERSIDE DR / BURTON DR","NORTHBOUND","THRU","true","7","37.857","28.375","0.386","0.334","10","7","2022","11","15","5","900"
"ecc6aa512ae30f23a861027cb211c430","7343","2022-10-07T11:15:00.000","RIVERSIDE DR / BURTON DR","SOUTHBOUND","LEFT TURN","false","1","21.0","0.0","62.6","0.0","10","7","2022","11","15","5","900"
"024cd091148e5bb51a883c5271d373fe","7343","2022-10-07T11:15:00.000","RIVERSIDE DR / BURTON DR","SOUTHBOUND","LEFT TURN","true","11","17.909","5.89","31.345","31.042","10","7","2022","11","15","5","900"
"3afcea927dbf136b32c463ab7aeb939e","7343","2022-10-07T11:15:00.000","RIVERSIDE DR / BURTON DR","SOUTHBOUND","RIGHT TURN","false","18","10.333","1.879","8.394","12.071","10","7","2022","11","15","5","900"
"8b8c07817dbc00118bd194a362bb0399","7343","2022-10-07T11:15:00.000","RIVERSIDE DR / BURTON DR","SOUTHBOUND","RIGHT TURN","true","1","5.0","0.0","5.9","0.0","10","7","2022","11","15","5","900"
"46f80b00bbe6d157046765522c51e268","7343","2022-10-07T11:15:00.000","RIVERSIDE DR / BURTON DR","SOUTHBOUND","THRU","false","1","15.0","0.0","0.0","0.0","10","7","2022","11","15","5","900"
"1330dbb70c8a3d5fc99355898cb1341d","7343","2022-10-07T11:15:00.000","RIVERSIDE DR / BURTON DR","SOUTHBOUND","THRU","true","17","20.118","7.541","14.835","22.774","10","7","2022","11","15","5","900"
"11135eb53c3fd403e94e95da4f3e1741","7343","2022-10-07T11:15:00.000","RIVERSIDE DR / BURTON DR","WESTBOUND","LEFT TURN","false","13","12.923","4.071","19.4","33.813","10","7","2022","11","15","5","900"
"3913fd36d6a54e3fee47e36f182f0146","7343","2022-10-07T11:15:00.000","RIVERSIDE DR / BURTON DR","WESTBOUND","LEFT TURN","true","7","19.143","11.364","28.686","37.442","10","7","2022","11","15","5","900"
"9551ca571f1a1d8a6e03f1374bc530cb","7343","2022-10-07T11:15:00.000","RIVERSIDE DR / BURTON DR","WESTBOUND","RIGHT TURN","false","2","4.0","5.657","3.7","2.263","10","7","2022","11","15","5","900"
"ee989070a3bb1e1717684a67df4664ca","7343","2022-10-07T11:15:00.000","RIVERSIDE DR / BURTON DR","WESTBOUND","THRU","false","173","24.919","19.027","8.905","18.718","10","7","2022","11","15","5","900"
"b3f9750a261edd27e4bedaa30fa135c7","7343","2022-10-07T11:15:00.000","RIVERSIDE DR / BURTON DR","WESTBOUND","THRU","true","45","22.111","23.71","6.736","16.903","10","7","2022","11","15","5","900"
"0ffa8920adc2560a31c41527711537e4","7343","2022-10-07T11:30:00.000","RIVERSIDE DR / BURTON DR","EASTBOUND","LEFT TURN","false","17","12.706","2.392","20.253","33.809","10","7","2022","11","30","5","900"
"d4771fe2363976abe709fe54c473d9b7","7343","2022-10-07T11:30:00.000","RIVERSIDE DR / BURTON DR","EASTBOUND","LEFT TURN","true","2","10.0","1.414","11.6","11.031","10","7","2022","11","30","5","900"
"279df8ecf7dfe5eb7b84264840edba8a","7343","2022-10-07T11:30:00.000","RIVERSIDE DR / BURTON DR","EASTBOUND","THRU","false","4","15.25","2.872","14.55","23.268","10","7","2022","11","30","5","900"
"95ab245a8bef4c561f2b2977b62f24ea","7343","2022-10-07T11:30:00.000","RIVERSIDE DR / BURTON DR","EASTBOUND","THRU","true","172","30.302","11.303","6.328","15.086","10","7","2022","11","30","5","900"
"e1672cd7da323239d5a434ed5f528c2a","7343","2022-10-07T11:30:00.000","RIVERSIDE DR / BURTON DR","EASTBOUND","U-TURN","false","4","8.25","2.062","69.4","47.526","10","7","2022","11","30","5","900"
"1c0cec40593f9bbe36e366fc94c8b0c4","7343","2022-10-07T11:30:00.000","RIVERSIDE DR / BURTON DR","NORTHBOUND","LEFT TURN","false","17","18.118","14.343","13.382","25.207","10","7","2022","11","30","5","900"
"72613e478972fa5b39f79875429981f0","7343","2022-10-07T11:30:00.000","RIVERSIDE DR / BURTON DR","NORTHBOUND","LEFT TURN","true","1","25.0","0.0","3.6","0.0","10","7","2022","11","30","5","900"
"5008428cd81f6da64cb4b4c58ae9e95f","7343","2022-10-07T11:30:00.000","RIVERSIDE DR / BURTON DR","NORTHBOUND","RIGHT TURN","false","1","18.0","0.0","4.0","0.0","10","7","2022","11","30","5","900"
"989dd1f5d9d15b87e5375e9af8a1a01f","7343","2022-10-07T11:30:00.000","RIVERSIDE DR / BURTON DR","NORTHBOUND","RIGHT TURN","true","8","13.25","8.155","10.2","15.984","10","7","2022","11","30","5","900"
"748438175a8cf55c52ce4b04190184d6","7343","2022-10-07T11:30:00.000","RIVERSIDE DR / BURTON DR","NORTHBOUND","THRU","false","22","27.273","22.503","6.618","16.578","10","7","2022","11","30","5","900"
"0784f6f1621832be4c57af334f5743dd","7343","2022-10-07T11:30:00.000","RIVERSIDE DR / BURTON DR","NORTHBOUND","THRU","true","12","26.667","19.009","6.95","21.042","10","7","2022","11","30","5","900"
"0b75a3d204b4c20955d9f31d94336c61","7343","2022-10-07T11:30:00.000","RIVERSIDE DR / BURTON DR","NORTHBOUND","U-TURN","true","1","4.0","0.0","1.2","0.0","10","7","2022","11","30","5","900"
"52c8ffbee24de106140c98060dfe31cc","7343","2022-10-07T11:30:00.000","RIVERSIDE DR / BURTON DR","SOUTHBOUND","LEFT TURN","true","9","18.778","6.906","24.222","33.52","10","7","2022","11","30","5","900"
"c8dd393a5121a670f6998f24119c7c18","7343","2022-10-07T11:30:00.000","RIVERSIDE DR / BURTON DR","SOUTHBOUND","RIGHT TURN","false","12","10.5","1.931","15.242","25.879","10","7","2022","11","30","5","900"
"6103214e1c4229f8b13ea5d37bbaddf2","7343","2022-10-07T11:30:00.000","RIVERSIDE DR / BURTON DR","SOUTHBOUND","RIGHT TURN","true","5","9.8","1.304","3.08","1.516","10","7","2022","11","30","5","900"
"e6ccb0c09c59ece875c12be96a1c76ae","7343","2022-10-07T11:30:00.000","RIVERSIDE DR / BURTON DR","SOUTHBOUND","THRU","false","9","13.111","4.859","13.378","20.217","10","7","2022","11","30","5","900"
"9298eab5bf9645605ee202d135a2838f","7343","2022-10-07T11:30:00.000","RIVERSIDE DR / BURTON DR","SOUTHBOUND","THRU","true","11","16.727","8.235","27.118","28.603","10","7","2022","11","30","5","900"
"830ac314e01c9a8db5b489b2540e2e56","7343","2022-10-07T11:30:00.000","RIVERSIDE DR / BURTON DR","WESTBOUND","LEFT TURN","false","8","16.375","8.749","36.812","46.088","10","7","2022","11","30","5","900"
"978dfccd3087374a97c26f09ebd833a3","7343","2022-10-07T11:30:00.000","RIVERSIDE DR / BURTON DR","WESTBOUND","LEFT TURN","true","10","13.2","10.433","22.2","36.146","10","7","2022","11","30","5","900"
"8f6b8476914833d008ba507c9c9b492b","7343","2022-10-07T11:30:00.000","RIVERSIDE DR / BURTON DR","WESTBOUND","RIGHT TURN","false","11","9.182","13.87","2.982","1.893","10","7","2022","11","30","5","900"
"0b1e6c5d7c7f16cf56222e9e980fa230","7343","2022-10-07T11:30:00.000","RIVERSIDE DR / BURTON DR","WESTBOUND","RIGHT TURN","true","2","38.5","50.205","4.8","5.233","10","7","2022","11","30","5","900"
"458807fffde83801538186a336ec4dfc","7343","2022-10-07T11:30:00.000","RIVERSIDE DR / BURTON DR","WESTBOUND","THRU","false","201","21.766","16.714","7.814","17.47","10","7","2022","11","30","5","900"
"d754ba841a9898bbcc03915ab576a572","7343","2022-10-07T11:30:00.000","RIVERSIDE DR / BURTON DR","WESTBOUND","THRU","true","49","18.306","13.583","8.918","19.419","10","7","2022","11","30","5","900"
"51ca9c91ea68979dc02318d5c8d5f4f0","7343","2022-10-07T11:45:00.000","RIVERSIDE DR / BURTON DR","EASTBOUND","LEFT TURN","false","14","10.214","3.215","35.2","44.376","10","7","2022","11","45","5","900"
"03448debccb68879674c7653cfadabed","7343","2022-10-07T11:45:00.000","RIVERSIDE DR / BURTON DR","EASTBOUND","LEFT TURN","true","1","9.0","0.0","106.2","0.0","10","7","2022","11","45","5","900"
"52856998094ea4fd9cd17305aac1234a","7343","2022-10-07T11:45:00.000","RIVERSIDE DR / BURTON DR","EASTBOUND","THRU","false","2","46.5","3.536","1.0","0.283","10","7","2022","11","45","5","900"
"b17deade41192e9160d4e53e0b4f5abd","7343","2022-10-07T11:45:00.000","RIVERSIDE DR / BURTON DR","EASTBOUND","THRU","true","161","27.708","9.496","5.562","12.693","10","7","2022","11","45","5","900"
"987e81bc2c5e1f0662943d590e62c3a9","7343","2022-10-07T11:45:00.000","RIVERSIDE DR / BURTON DR","EASTBOUND","U-TURN","false","2","8.0","1.414","3.25","2.899","10","7","2022","11","45","5","900"
"294fe3dfc5e592b8fd52d46bb4890dc8","7343","2022-10-07T11:45:00.000","RIVERSIDE DR / BURTON DR","NORTHBOUND","LEFT TURN","false","17","16.059","13.85","14.871","24.97","10","7","2022","11","45","5","900"
"570d1d9bf441902a59de191d09ecf23e","7343","2022-10-07T11:45:00.000","RIVERSIDE DR / BURTON DR","NORTHBOUND","LEFT TURN","true","1","0.0","0.0","3.4","0.0","10","7","2022","11","45","5","900"
"a651e78aad9d2be666d2f162db9c25bc","7343","2022-10-07T11:45:00.000","RIVERSIDE DR / BURTON DR","NORTHBOUND","RIGHT TURN","false","3","15.667","7.767","1.767","1.305","10","7","2022","11","45","5","900"
"192caa1d4595f6b8925408bf1fc2bf08","7343","2022-10-07T11:45:00.000","RIVERSIDE DR / BURTON DR","NORTHBOUND","RIGHT TURN","true","6","17.0","9.529","2.5","4.823","10","7","2022","11","45","5","900"
"ac5077e54409e9b6090f00f0643e147e","7343","2022-10-07T11:45:00.000","RIVERSIDE DR / BURTON DR","NORTHBOUND","THRU","false","21","22.619","22.995","12.348","31.512","10","7","2022","11","45","5","900"
"9085d1de25e5b2e3772580d9a4dc0e2b","7343","2022-10-07T11:45:00.000","RIVERSIDE DR / BURTON DR","NORTHBOUND","THRU","true","12","26.917","27.56","4.125","12.113","10","7","2022","11","45","5","900"
"3deb0bf9630e686a18f6767abdcce0af","7343","2022-10-07T11:45:00.000","RIVERSIDE DR / BURTON DR","SOUTHBOUND","LEFT TURN","false","1","16.0","0.0","3.6","0.0","10","7","2022","11","45","5","900"
"8d104b9530fe273123f65a1f049d6960","7343","2022-10-07T11:45:00.000","RIVERSIDE DR / BURTON DR","SOUTHBOUND","LEFT TURN","true","13","16.692","3.903","21.515","23.364","10","7","2022","11","45","5","900"
"df975c9d3d229c7374fead88ab4f8cca","7343","2022-10-07T11:45:00.000","RIVERSIDE DR / BURTON DR","SOUTHBOUND","RIGHT TURN","false","19","10.895","1.997","5.705","7.654","10","7","2022","11","45","5","900"
"fd455cbc47b58336f5e4738b2d8e526a","7343","2022-10-07T11:45:00.000","RIVERSIDE DR / BURTON DR","SOUTHBOUND","RIGHT TURN","true","3","9.667","2.082","20.067","31.684","10","7","2022","11","45","5","900"
"5b4fb3700c37027ff4038cce27da2ef2","7343","2022-10-07T11:45:00.000","RIVERSIDE DR / BURTON DR","SOUTHBOUND","THRU","false","9","15.333","4.95","14.078","29.723","10","7","2022","11","45","5","900"
"03ebcef9e8df9a6462ba618b03a10970","7343","2022-10-07T11:45:00.000","RIVERSIDE DR / BURTON DR","SOUTHBOUND","THRU","true","18","16.222","5.631","19.339","27.401","10","7","2022","11","45","5","900"
"3200767bc54507b1711a1e7764cf4bf7","7343","2022-10-07T11:45:00.000","RIVERSIDE DR / BURTON DR","WESTBOUND","LEFT TURN","false","9","16.222","11.692","17.144","31.916","10","7","2022","11","45","5","900"
"78c66a75064c41197a6b993d0ddb071b","7343","2022-10-07T11:45:00.000","RIVERSIDE DR / BURTON DR","WESTBOUND","LEFT TURN","true","8","14.875","6.854","1.925","2.708","10","7","2022","11","45","5","900"
"d2924143ba037afe54f9178771e300ed","7343","2022-10-07T11:45:00.000","RIVERSIDE DR / BURTON DR","WESTBOUND","RIGHT TURN","false","6","6.5","12.422","7.15","7.359","10","7","2022","11","45","5","900"
"46b9f121ae64430c8126ddebc2fe2c99","7343","2022-10-07T11:45:00.000","RIVERSIDE DR / BURTON DR","WESTBOUND","RIGHT TURN","true","2","9.0","12.728","1.0","0.141","10","7","2022","11","45","5","900"
"08d0cc689fc38d0f09d0e7779d64341d","7343","2022-10-07T11:45:00.000","RIVERSIDE DR / BURTON DR","WESTBOUND","THRU","false","187","25.07","20.422","7.825","17.395","10","7","2022","11","45","5","900"
"1dd99aaaed80b515699dea215a088f08","7343","2022-10-07T11:45:00.000","RIVERSIDE DR / BURTON DR","WESTBOUND","THRU","true","47","24.83","18.414","5.853","15.756","10","7","2022","11","45","5","900"
"e56cac35bec8512dc885a812ec683096","7343","2022-10-07T12:00:00.000","RIVERSIDE DR / BURTON DR","EASTBOUND","LEFT TURN","false","23","11.435","3.501","32.513","50.498","10","7","2022","12","0","5","900"
"65ef5fcb4347d1c468cfe826b6ad4ab2","7343","2022-10-07T12:00:00.000","RIVERSIDE DR / BURTON DR","EASTBOUND","LEFT TURN","true","6","11.5","1.871","3.317","0.611","10","7","2022","12","0","5","900"
"bb4a14c10a595a23949d3c7d61e90552","7343","2022-10-07T12:00:00.000","RIVERSIDE DR / BURTON DR","EASTBOUND","THRU","false","2","37.0","4.243","0.3","0.283","10","7","2022","12","0","5","900"
"a057abffadaa31bc52332c4692937d72","7343","2022-10-07T12:00:00.000","RIVERSIDE DR / BURTON DR","EASTBOUND","THRU","true","173","29.653","10.018","4.634","12.692","10","7","2022","12","0","5","900"
"d0128337640fa1144cabe36b29c42ddb","7343","2022-10-07T12:00:00.000","RIVERSIDE DR / BURTON DR","EASTBOUND","U-TURN","false","8","8.625","1.302","31.4","52.039","10","7","2022","12","0","5","900"
"997d53507ba938f1d9387fd8165a27f8","7343","2022-10-07T12:00:00.000","RIVERSIDE DR / BURTON DR","EASTBOUND","U-TURN","true","2","10.5","3.536","45.75","64.559","10","7","2022","12","0","5","900"
"7fe7505f7a9b8b78bb1b698860a1516e","7343","2022-10-07T12:00:00.000","RIVERSIDE DR / BURTON DR","NORTHBOUND","LEFT TURN","false","25","21.4","20.392","19.136","28.754","10","7","2022","12","0","5","900"
"a3a514a1077239024b542ba922bc68d1","7343","2022-10-07T12:00:00.000","RIVERSIDE DR / BURTON DR","NORTHBOUND","LEFT TURN","true","7","30.714","30.734","2.314","2.118","10","7","2022","12","0","5","900"
"a8dea2f73c1bc93c2c6183cb205ea1b2","7343","2022-10-07T12:00:00.000","RIVERSIDE DR / BURTON DR","NORTHBOUND","RIGHT TURN","false","5","20.4","7.47","1.98","1.854","10","7","2022","12","0","5","900"
"3190660a7f242eee9be1461e78f6c495","7343","2022-10-07T12:00:00.000","RIVERSIDE DR / BURTON DR","NORTHBOUND","RIGHT TURN","true","4","17.75","3.5","16.5","15.415","10","7","2022","12","0","5","900"
"fc29fdf01027738fda8d31e1724ceb71","7343","2022-10-07T12:00:00.000","RIVERSIDE DR / BURTON DR","NORTHBOUND","THRU","false","23","23.478","23.545","10.117","27.448","10","7","2022","12","0","5","900"
"1e3e806d27108f9f82d7a10386cc676e","7343","2022-10-07T12:00:00.000","RIVERSIDE DR / BURTON DR","NORTHBOUND","THRU","true","19","26.842","21.958","13.653","29.177","10","7","2022","12","0","5","900"
"ec3195fc231d9a444e060d6e45a25e61","7343","2022-10-07T12:00:00.000","RIVERSIDE DR / BURTON DR","SOUTHBOUND","LEFT TURN","true","12","20.333","5.176","26.708","33.526","10","7","2022","12","0","5","900"
"b379551a28fc454a9e16a5982c2aa115","7343","2022-10-07T12:00:00.000","RIVERSIDE DR / BURTON DR","SOUTHBOUND","RIGHT TURN","false","23","9.304","2.12","8.957","14.398","10","7","2022","12","0","5","900"
"eef1f012a515ff6e67b41d0cd5bcc810","7343","2022-10-07T12:00:00.000","RIVERSIDE DR / BURTON DR","SOUTHBOUND","RIGHT TURN","true","3","7.333","3.055","15.467","20.308","10","7","2022","12","0","5","900"
"a2558847e914435cf7220198fc13985f","7343","2022-10-07T12:00:00.000","RIVERSIDE DR / BURTON DR","SOUTHBOUND","THRU","false","6","17.833","9.218","17.867","30.015","10","7","2022","12","0","5","900"
"7c8e694f1954ab4687eb59033a07368a","7343","2022-10-07T12:00:00.000","RIVERSIDE DR / BURTON DR","SOUTHBOUND","THRU","true","17","17.176","6.034","14.582","20.632","10","7","2022","12","0","5","900"
"a1236bec237f1c6ad17949138282103b","7343","2022-10-07T12:00:00.000","RIVERSIDE DR / BURTON DR","WESTBOUND","LEFT TURN","false","15","18.2","26.124","15.673","33.728","10","7","2022","12","0","5","900"
"36e2d0ab0c142826d01f7aba09296e99","7343","2022-10-07T12:00:00.000","RIVERSIDE DR / BURTON DR","WESTBOUND","LEFT TURN","true","8","13.375","7.855","14.212","26.868","10","7","2022","12","0","5","900"
"0ac457054651fa6b43782eeddc8784a0","7343","2022-10-07T12:00:00.000","RIVERSIDE DR / BURTON DR","WESTBOUND","RIGHT TURN","false","10","4.6","12.176","18.44","31.25","10","7","2022","12","0","5","900"
"32d4aafc12da9b5a001568325ab94a68","7343","2022-10-07T12:00:00.000","RIVERSIDE DR / BURTON DR","WESTBOUND","RIGHT TURN","true","1","4.0","0.0","5.7","0.0","10","7","2022","12","0","5","900"
"bb00edd40e6a902b37fbcde3138fe4d6","7343","2022-10-07T12:00:00.000","RIVERSIDE DR / BURTON DR","WESTBOUND","THRU","false","215","21.386","18.636","7.786","17.443","10","7","2022","12","0","5","900"
"02751dd5197f4032cee29d019b9c9c38","7343","2022-10-07T12:00:00.000","RIVERSIDE DR / BURTON DR","WESTBOUND","THRU","true","43","22.628","19.512","6.544","17.092","10","7","2022","12","0","5","900"
"a509766f48d50e00b95fd27d339d132d","7343","2022-10-07T12:15:00.000","RIVERSIDE DR / BURTON DR","EASTBOUND","LEFT TURN","false","12","11.667","3.339","26.35","41.466","10","7","2022","12","15","5","900"
"bbf5c87a39840e5bdd5375a5bb2b9153","7343","2022-10-07T12:15:00.000","RIVERSIDE DR / BURTON DR","EASTBOUND","LEFT TURN","true","3","11.333","2.517","3.267","1.358","10","7","2022","12","15","5","900"
"fef9c1f520f6fc91b6318aa5becea1e6","7343","2022-10-07T12:15:00.000","RIVERSIDE DR / BURTON DR","EASTBOUND","THRU","false","3","8.667","14.154","5.1","5.505","10","7","2022","12","15","5","900"
"f3d1f2e8c4ba61e8aed5d93fdf2889eb","7343","2022-10-07T12:15:00.000","RIVERSIDE DR / BURTON DR","EASTBOUND","THRU","true","163","27.006","9.64","6.249","13.738","10","7","2022","12","15","5","900"
"73a8427e5f2fea5fdebdf37603c3cd68","7343","2022-10-07T12:15:00.000","RIVERSIDE DR / BURTON DR","EASTBOUND","U-TURN","false","3","8.0","1.0","23.3","33.518","10","7","2022","12","15","5","900"
"53d863cd9c89a54c635a41e15aab9e3e","7343","2022-10-07T12:15:00.000","RIVERSIDE DR / BURTON DR","NORTHBOUND","LEFT TURN","false","18","17.444","14.654","14.967","25.325","10","7","2022","12","15","5","900"
"a46dd621b8710fb22d7a3d4698a2a09b","7343","2022-10-07T12:15:00.000","RIVERSIDE DR / BURTON DR","NORTHBOUND","LEFT TURN","true","2","19.5","3.536","1.5","2.121","10","7","2022","12","15","5","900"
"42155ab25339d405bb33e6fd3f58046f","7343","2022-10-07T12:15:00.000","RIVERSIDE DR / BURTON DR","NORTHBOUND","RIGHT TURN","false","5","15.6","7.127","20.34","30.139","10","7","2022","12","15","5","900"
"3cdd56edcf7f6595012d7e9987ff97f0","7343","2022-10-07T12:15:00.000","RIVERSIDE DR / BURTON DR","NORTHBOUND","RIGHT TURN","true","6","12.333","10.033","2.017","2.777","10","7","2022","12","15","5","900"
"2c96e4a4aa049c5adca22f7ec38e28d4","7343","2022-10-07T12:15:00.000","RIVERSIDE DR / BURTON DR","NORTHBOUND","THRU","false","12","15.917","14.298","12.175","19.314","10","7","2022","12","15","5","900"
"479ea5589907a2de008129977a362bdb","7343","2022-10-07T12:15:00.000","RIVERSIDE DR / BURTON DR","NORTHBOUND","THRU","true","17","16.471","13.384","11.129","21.517","10","7","2022","12","15","5","900"
"19ac5b8cec0c72e11e103244db210fac","7343","2022-10-07T12:15:00.000","RIVERSIDE DR / BURTON DR","SOUTHBOUND","LEFT TURN","true","9","14.556","4.447","27.378","30.577","10","7","2022","12","15","5","900"
"365dfec0f3722b3cf3ba0c6a9c6c8482","7343","2022-10-07T12:15:00.000","RIVERSIDE DR / BURTON DR","SOUTHBOUND","RIGHT TURN","false","25","9.56","2.709","16.708","24.104","10","7","2022","12","15","5","900"
"7f5c4c1567c9464f01f96c9693607727","7343","2022-10-07T12:15:00.000","RIVERSIDE DR / BURTON DR","SOUTHBOUND","THRU","false","4","17.25","6.702","8.025","9.13","10","7","2022","12","15","5","900"
"cdb950c3127742c2dcc6dd1ebd54355e","7343","2022-10-07T12:15:00.000","RIVERSIDE DR / BURTON DR","SOUTHBOUND","THRU","true","16","18.312","4.468","26.519","38.206","10","7","2022","12","15","5","900"
"a4330637853e14c342694ef18f2f585d","7343","2022-10-07T12:15:00.000","RIVERSIDE DR / BURTON DR","WESTBOUND","LEFT TURN","false","12","14.583","5.534","23.725","41.854","10","7","2022","12","15","5","900"
"702c9d806bf928ccfc993e1c19f8bc04","7343","2022-10-07T12:15:00.000","RIVERSIDE DR / BURTON DR","WESTBOUND","LEFT TURN","true","16","20.438","23.175","8.581","29.179","10","7","2022","12","15","5","900"
"73d56b8a23711af7adc48ab3aa35d9d4","7343","2022-10-07T12:15:00.000","RIVERSIDE DR / BURTON DR","WESTBOUND","RIGHT TURN","false","17","15.176","22.431","8.253","18.201","10","7","2022","12","15","5","900"
"eec46bd91e804b44b71d226acb439454","7343","2022-10-07T12:15:00.000","RIVERSIDE DR / BURTON DR","WESTBOUND","RIGHT TURN","true","1","8.0","0.0","6.7","0.0","10","7","2022","12","15","5","900"
"00acc14b8953a03545600afe50f2896f","7343","2022-10-07T12:15:00.000","RIVERSIDE DR / BURTON DR","WESTBOUND","THRU","false","203","20.207","16.789","8.431","17.939","10","7","2022","12","15","5","900"
"61e3bd1aceb44a65ae702ae089f3a1ed","7343","2022-10-07T12:15:00.000","RIVERSIDE DR / BURTON DR","WESTBOUND","THRU","true","37","22.73","24.516","6.827","15.2","10","7","2022","12","15","5","900"
"3298b2e7592e469974de8ad075453de4","7343","2022-10-07T12:30:00.000","RIVERSIDE DR / BURTON DR","EASTBOUND","LEFT TURN","false","14","11.929","2.269","44.043","49.955","10","7","2022","12","30","5","900"
"d99d505cc40e09c0ff154c03b323aca2","7343","2022-10-07T12:30:00.000","RIVERSIDE DR / BURTON DR","EASTBOUND","LEFT TURN","true","3","12.667","6.658","3.133","1.079","10","7","2022","12","30","5","900"
"a35769fa4584b87dd24ea062341f1069","7343","2022-10-07T12:30:00.000","RIVERSIDE DR / BURTON DR","EASTBOUND","THRU","false","2","16.0","11.314","3.15","1.202","10","7","2022","12","30","5","900"
"68d5ba02adc0d6b0fb3eddb8bd061e24","7343","2022-10-07T12:30:00.000","RIVERSIDE DR / BURTON DR","EASTBOUND","THRU","true","169","26.29","10.48","7.775","18.208","10","7","2022","12","30","5","900"
"a9d6b3135e2f848b0e54367553159980","7343","2022-10-07T12:30:00.000","RIVERSIDE DR / BURTON DR","EASTBOUND","U-TURN","false","6","7.667","0.816","32.4","45.021","10","7","2022","12","30","5","900"
"e8607c943147f3193271a951b4d17c49","7343","2022-10-07T12:30:00.000","RIVERSIDE DR / BURTON DR","NORTHBOUND","LEFT TURN","false","22","15.5","14.722","16.486","26.985","10","7","2022","12","30","5","900"
"9e565ba71fb5cf0c4e88d689c8b48466","7343","2022-10-07T12:30:00.000","RIVERSIDE DR / BURTON DR","NORTHBOUND","LEFT TURN","true","4","6.75","6.801","1.15","1.702","10","7","2022","12","30","5","900"
"b80b89a042912a0f70c426d9242b4593","7343","2022-10-07T12:30:00.000","RIVERSIDE DR / BURTON DR","NORTHBOUND","RIGHT TURN","false","3","20.0","2.646","9.767","16.052","10","7","2022","12","30","5","900"
"4b6c477f064bf76f7dfe012a4d6179c4","7343","2022-10-07T12:30:00.000","RIVERSIDE DR / BURTON DR","NORTHBOUND","RIGHT TURN","true","3","11.667","11.504","12.633","15.481","10","7","2022","12","30","5","900"
"f2de11fd456c02d2533626ff27f67e0b","7343","2022-10-07T12:30:00.000","RIVERSIDE DR / BURTON DR","NORTHBOUND","THRU","false","23","29.348","26.027","13.091","25.262","10","7","2022","12","30","5","900"
"bab38a393ae29c58341319655f889270","7343","2022-10-07T12:30:00.000","RIVERSIDE DR / BURTON DR","NORTHBOUND","THRU","true","13","14.692","12.493","9.785","22.896","10","7","2022","12","30","5","900"
"3fc7f581224a2184053a7608d9ddf707","7343","2022-10-07T12:30:00.000","RIVERSIDE DR / BURTON DR","SOUTHBOUND","LEFT TURN","false","1","14.0","0.0","35.5","0.0","10","7","2022","12","30","5","900"
"c9fd31bdbcc95483a167eb3842978779","7343","2022-10-07T12:30:00.000","RIVERSIDE DR / BURTON DR","SOUTHBOUND","LEFT TURN","true","12","18.167","4.489","15.817","26.157","10","7","2022","12","30","5","900"
"4b911f2f47745e5d71589f558b80e129","7343","2022-10-07T12:30:00.000","RIVERSIDE DR / BURTON DR","SOUTHBOUND","RIGHT TURN","false","23","9.696","1.964","15.817","26.154","10","7","2022","12","30","5","900"
"332779fa75c08bd740947415c74e579e","7343","2022-10-07T12:30:00.000","RIVERSIDE DR / BURTON DR","SOUTHBOUND","RIGHT TURN","true","4","10.25","3.862","22.85","25.347","10","7","2022","12","30","5","900"
"6ca59f94ffd850302b026a7a61f41f70","7343","2022-10-07T12:30:00.000","RIVERSIDE DR / BURTON DR","SOUTHBOUND","THRU","false","8","15.875","7.492","25.312","33.434","10","7","2022","12","30","5","900"
"a67aac6e5e99865d251730d6546ea962","7343","2022-10-07T12:30:00.000","RIVERSIDE DR / BURTON DR","SOUTHBOUND","THRU","true","10","17.9","9.195","27.19","31.09","10","7","2022","12","30","5","900"
"c568293209fce5b704fe3b4a673ebe63","7343","2022-10-07T12:30:00.000","RIVERSIDE DR / BURTON DR","WESTBOUND","LEFT TURN","false","14","14.071","7.119","20.543","36.883","10","7","2022","12","30","5","900"
"c01aaa53dc1dc8ca77bb73b728ee67c0","7343","2022-10-07T12:30:00.000","RIVERSIDE DR / BURTON DR","WESTBOUND","LEFT TURN","true","19","21.368","23.135","22.526","36.109","10","7","2022","12","30","5","900"
"4bb1a21df1949b9f432f399d70334b6b","7343","2022-10-07T12:30:00.000","RIVERSIDE DR / BURTON DR","WESTBOUND","RIGHT TURN","false","8","3.5","6.928","6.375","4.111","10","7","2022","12","30","5","900"
"ebd08ac8d7ec22f80b17acdda91940be","7343","2022-10-07T12:30:00.000","RIVERSIDE DR / BURTON DR","WESTBOUND","RIGHT TURN","true","2","1.5","2.121","7.25","0.495","10","7","2022","12","30","5","900"
"c2fb123c6c2c0756f9eb6d0f535fa7e5","7343","2022-10-07T12:30:00.000","RIVERSIDE DR / BURTON DR","WESTBOUND","THRU","false","210","20.833","15.105","8.838","19.166","10","7","2022","12","30","5","900"
"c7d24eb88184e413a7f2a81153d3cac8","7343","2022-10-07T12:30:00.000","RIVERSIDE DR / BURTON DR","WESTBOUND","THRU","true","42","28.476","26.169","6.49","13.496","10","7","2022","12","30","5","900"
"c23d3c5b3eab3e6c16416a3d00d82527","7343","2022-10-07T12:45:00.000","RIVERSIDE DR / BURTON DR","EASTBOUND","LEFT TURN","false","21","12.429","2.501","24.881","41.178","10","7","2022","12","45","5","900"
"81cb20a1f5d052a1a92d9392215de260","7343","2022-10-07T12:45:00.000","RIVERSIDE DR / BURTON DR","EASTBOUND","LEFT TURN","true","5","9.8","3.493","36.26","46.466","10","7","2022","12","45","5","900"
"d92b2c14c336b4ac47824fc016caaf7d","7343","2022-10-07T12:45:00.000","RIVERSIDE DR / BURTON DR","EASTBOUND","THRU","false","4","25.5","7.326","2.725","1.274","10","7","2022","12","45","5","900"
"f7699c5693868599ea60801d93639f10","7343","2022-10-07T12:45:00.000","RIVERSIDE DR / BURTON DR","EASTBOUND","THRU","true","169","27.787","10.879","5.156","14.31","10","7","2022","12","45","5","900"
"5862c19f96b17dea120a08c6097e1c7a","7343","2022-10-07T12:45:00.000","RIVERSIDE DR / BURTON DR","EASTBOUND","U-TURN","false","4","9.0","1.414","31.275","53.217","10","7","2022","12","45","5","900"
"d6aa18ed981655c6cd9ec11652dfdcce","7343","2022-10-07T12:45:00.000","RIVERSIDE DR / BURTON DR","EASTBOUND","U-TURN","true","2","9.5","2.121","3.7","1.273","10","7","2022","12","45","5","900"
"55ab05b838fd9c8ed95019ecb948b220","7343","2022-10-07T12:45:00.000","RIVERSIDE DR / BURTON DR","NORTHBOUND","LEFT TURN","false","15","19.867","17.398","25.307","50.311","10","7","2022","12","45","5","900"
"8778811056e7b9e093617e3e7bfd90ce","7343","2022-10-07T12:45:00.000","RIVERSIDE DR / BURTON DR","NORTHBOUND","LEFT TURN","true","7","13.429","8.867","8.886","15.842","10","7","2022","12","45","5","900"
"e0124e84b6f8af7216e3d7114ae285f1","7343","2022-10-07T12:45:00.000","RIVERSIDE DR / BURTON DR","NORTHBOUND","RIGHT TURN","false","2","8.5","12.021","0.75","0.778","10","7","2022","12","45","5","900"
"157a1ecc4faa22351472c5b5dd5cb145","7343","2022-10-07T12:45:00.000","RIVERSIDE DR / BURTON DR","NORTHBOUND","RIGHT TURN","true","6","14.333","4.412","14.917","23.387","10","7","2022","12","45","5","900"
"39a8552b3a026568412169087055721d","7343","2022-10-07T12:45:00.000","RIVERSIDE DR / BURTON DR","NORTHBOUND","THRU","false","18","16.778","13.454","8.556","17.345","10","7","2022","12","45","5","900"
"4c9e16f1d34746ce2e270e0cc2a28bb1","7343","2022-10-07T12:45:00.000","RIVERSIDE DR / BURTON DR","NORTHBOUND","THRU","true","20","24.35","13.414","3.165","4.806","10","7","2022","12","45","5","900"
"2d4eac0449859adef44e93d1466016fc","7343","2022-10-07T12:45:00.000","RIVERSIDE DR / BURTON DR","SOUTHBOUND","LEFT TURN","true","13","16.077","4.518","27.223","32.284","10","7","2022","12","45","5","900"
"25633617ecc90aaa0ac5fdbe6a48879e","7343","2022-10-07T12:45:00.000","RIVERSIDE DR / BURTON DR","SOUTHBOUND","RIGHT TURN","false","22","10.273","2.414","11.532","19.152","10","7","2022","12","45","5","900"
"0b0990605cd872fcc282f43d38d25d2d","7343","2022-10-07T12:45:00.000","RIVERSIDE DR / BURTON DR","SOUTHBOUND","RIGHT TURN","true","3","10.333","1.528","19.2","26.674","10","7","2022","12","45","5","900"
"40c3a416ecc9aae8a5d6a9870f64fc63","7343","2022-10-07T12:45:00.000","RIVERSIDE DR / BURTON DR","SOUTHBOUND","THRU","false","4","18.75","4.646","20.6","35.141","10","7","2022","12","45","5","900"
"2a65176ea3d6d9948633bfa8fbd4a6dc","7343","2022-10-07T12:45:00.000","RIVERSIDE DR / BURTON DR","SOUTHBOUND","THRU","true","8","15.375","5.706","34.988","40.227","10","7","2022","12","45","5","900"
"e133bb72b7d7d131b24d4977e522d5cf","7343","2022-10-07T12:45:00.000","RIVERSIDE DR / BURTON DR","WESTBOUND","LEFT TURN","false","9","26.333","26.273","25.489","45.272","10","7","2022","12","45","5","900"
"340e0d27a49d2c2e217a2d01588f06c0","7343","2022-10-07T12:45:00.000","RIVERSIDE DR / BURTON DR","WESTBOUND","LEFT TURN","true","9","18.889","14.555","11.689","24.564","10","7","2022","12","45","5","900"
"30159261807338844d742064197b7ebb","7343","2022-10-07T12:45:00.000","RIVERSIDE DR / BURTON DR","WESTBOUND","RIGHT TURN","false","17","4.588","9.553","5.218","3.256","10","7","2022","12","45","5","900"
"f7a80b1372f2258505fe02f6fa840cd1","7343","2022-10-07T12:45:00.000","RIVERSIDE DR / BURTON DR","WESTBOUND","RIGHT TURN","true","2","10.0","14.142","7.0","7.778","10","7","2022","12","45","5","900"
"1841044c86a80917b85e3818db7d491e","7343","2022-10-07T12:45:00.000","RIVERSIDE DR / BURTON DR","WESTBOUND","THRU","false","223","21.072","15.298","8.207","18.926","10","7","2022","12","45","5","900"
"708191c6cd230a40903b494b4143e525","7343","2022-10-07T12:45:00.000","RIVERSIDE DR / BURTON DR","WESTBOUND","THRU","true","50","26.72","20.9","5.228","12.878","10","7","2022","12","45","5","900"
"a6a9b05a46cc393228bf8e86b4a648ec","7343","2022-10-07T13:00:00.000","RIVERSIDE DR / BURTON DR","EASTBOUND","LEFT TURN","false","21","13.238","2.256","16.61","27.092","10","7","2022","13","0","5","900"
"1bb1181446aa36586eb09c74ac09fa45","7343","2022-10-07T13:00:00.000","RIVERSIDE DR / BURTON DR","EASTBOUND","LEFT TURN","true","3","12.667","2.517","1.0","1.559","10","7","2022","13","0","5","900"
"c68582123142486346596f2d6d08f94f","7343","2022-10-07T13:00:00.000","RIVERSIDE DR / BURTON DR","EASTBOUND","THRU","false","2","28.5","4.95","1.15","1.344","10","7","2022","13","0","5","900"
"d25c5fd1e3bc39907dc2a078b9488bb4","7343","2022-10-07T13:00:00.000","RIVERSIDE DR / BURTON DR","EASTBOUND","THRU","true","157","26.204","9.324","5.722","14.873","10","7","2022","13","0","5","900"
"c525d5fe45b7db838f2d7a7a58c8a32e","7343","2022-10-07T13:00:00.000","RIVERSIDE DR / BURTON DR","EASTBOUND","U-TURN","false","6","8.0","1.265","39.4","44.241","10","7","2022","13","0","5","900"
"b789f4f53f7eedb67dcf80ac1152ed48","7343","2022-10-07T13:00:00.000","RIVERSIDE DR / BURTON DR","EASTBOUND","U-TURN","true","2","8.0","0.0","14.6","15.132","10","7","2022","13","0","5","900"
"5ad0f79cdc7a101f8560e9f6d29a607f","7343","2022-10-07T13:00:00.000","RIVERSIDE DR / BURTON DR","NORTHBOUND","LEFT TURN","false","22","15.091","18.642","15.973","27.083","10","7","2022","13","0","5","900"
"c78fe1dc954678ddae36c22ecd50b382","7343","2022-10-07T13:00:00.000","RIVERSIDE DR / BURTON DR","NORTHBOUND","LEFT TURN","true","7","15.571","9.253","4.614","6.058","10","7","2022","13","0","5","900"
"81db3ecde36140f1fc6e5f1c109c2082","7343","2022-10-07T13:00:00.000","RIVERSIDE DR / BURTON DR","NORTHBOUND","RIGHT TURN","false","3","22.333","13.577","11.067","13.119","10","7","2022","13","0","5","900"
"aed5f2a5b92205b0d1d58b7e82a1e125","7343","2022-10-07T13:00:00.000","RIVERSIDE DR / BURTON DR","NORTHBOUND","RIGHT TURN","true","2","13.5","14.849","2.95","0.636","10","7","2022","13","0","5","900"
"87a1ec567080654dc588b593689c512d","7343","2022-10-07T13:00:00.000","RIVERSIDE DR / BURTON DR","NORTHBOUND","THRU","false","21","24.143","15.081","8.757","19.294","10","7","2022","13","0","5","900"
"98f147a77334011283d623963b785750","7343","2022-10-07T13:00:00.000","RIVERSIDE DR / BURTON DR","NORTHBOUND","THRU","true","17","36.765","33.336","8.635","21.248","10","7","2022","13","0","5","900"
"691fab6f47a81d3d7550a7f4cb2949af","7343","2022-10-07T13:00:00.000","RIVERSIDE DR / BURTON DR","SOUTHBOUND","LEFT TURN","true","10","14.7","2.627","39.46","32.43","10","7","2022","13","0","5","900"
"f59232cf2d5d792150cbca931494474d","7343","2022-10-07T13:00:00.000","RIVERSIDE DR / BURTON DR","SOUTHBOUND","RIGHT TURN","false","19","10.105","2.025","9.684","14.537","10","7","2022","13","0","5","900"
"1dd3e455c5582174c26778e800ac6442","7343","2022-10-07T13:00:00.000","RIVERSIDE DR / BURTON DR","SOUTHBOUND","RIGHT TURN","true","3","12.333","0.577","3.5","0.819","10","7","2022","13","0","5","900"
"e5c8a177252513ee25b8c9f243ec0d79","7343","2022-10-07T13:00:00.000","RIVERSIDE DR / BURTON DR","SOUTHBOUND","THRU","false","8","21.0","14.88","8.463","14.278","10","7","2022","13","0","5","900"
"5d8ee89331e8900ae02094845227c391","7343","2022-10-07T13:00:00.000","RIVERSIDE DR / BURTON DR","SOUTHBOUND","THRU","true","16","17.875","5.548","14.7","22.552","10","7","2022","13","0","5","900"
"85b1c6b2dbad5a80f8455b257842b17e","7343","2022-10-07T13:00:00.000","RIVERSIDE DR / BURTON DR","WESTBOUND","LEFT TURN","false","16","13.0","7.755","23.9","41.798","10","7","2022","13","0","5","900"
"7bc0c37c6d685c48cd2b994281db08d8","7343","2022-10-07T13:00:00.000","RIVERSIDE DR / BURTON DR","WESTBOUND","LEFT TURN","true","9","24.333","27.441","19.722","34.862","10","7","2022","13","0","5","900"
"5c6ab0c4e8676d1f3f9fdfa9ef4f42ae","7343","2022-10-07T13:00:00.000","RIVERSIDE DR / BURTON DR","WESTBOUND","RIGHT TURN","false","13","7.769","17.479","3.585","2.845","10","7","2022","13","0","5","900"
"48cd22054c9981d906be8543755beb22","7343","2022-10-07T13:00:00.000","RIVERSIDE DR / BURTON DR","WESTBOUND","RIGHT TURN","true","2","0.0","0.0","3.0","0.99","10","7","2022","13","0","5","900"
"3f091fe8794d6dbf85e4f3ba3787b5b7","7343","2022-10-07T13:00:00.000","RIVERSIDE DR / BURTON DR","WESTBOUND","THRU","false","207","24.71","20.102","8.1","18.747","10","7","2022","13","0","5","900"
"cfbc16409c804e7dd69dbf691af5cead","7343","2022-10-07T13:00:00.000","RIVERSIDE DR / BURTON DR","WESTBOUND","THRU","true","46","25.478","25.347","6.437","15.536","10","7","2022","13","0","5","900"
"8e14851b91c757f9f39ce615dc5c69cb","7343","2022-10-07T13:15:00.000","RIVERSIDE DR / BURTON DR","EASTBOUND","LEFT TURN","false","10","11.5","1.9","37.05","47.847","10","7","2022","13","15","5","900"
"6fbf42b02e70fc8d1490f26bebdd6097","7343","2022-10-07T13:15:00.000","RIVERSIDE DR / BURTON DR","EASTBOUND","LEFT TURN","true","2","10.0","0.0","2.7","1.697","10","7","2022","13","15","5","900"
"fed7493650497981467127b0a01eb714","7343","2022-10-07T13:15:00.000","RIVERSIDE DR / BURTON DR","EASTBOUND","THRU","false","3","17.333","11.846","28.0","26.186","10","7","2022","13","15","5","900"
"9047c16955b34e734490be979dc96559","7343","2022-10-07T13:15:00.000","RIVERSIDE DR / BURTON DR","EASTBOUND","THRU","true","176","29.045","10.61","4.109","9.865","10","7","2022","13","15","5","900"
"e5d66d2a9a87e2139ba9eba55b105ec6","7343","2022-10-07T13:15:00.000","RIVERSIDE DR / BURTON DR","EASTBOUND","U-TURN","false","2","8.0","0.0","76.35","13.506","10","7","2022","13","15","5","900"
"9aca63e05096e51f42efb41a6b7b8e44","7343","2022-10-07T13:15:00.000","RIVERSIDE DR / BURTON DR","EASTBOUND","U-TURN","true","2","7.5","0.707","3.7","0.707","10","7","2022","13","15","5","900"
"878aa15117ba0c7e441180a0d6c4e681","7343","2022-10-07T13:15:00.000","RIVERSIDE DR / BURTON DR","NORTHBOUND","LEFT TURN","false","19","15.0","13.144","19.321","28.011","10","7","2022","13","15","5","900"
"6bb4dbd7570328022a98e7da0310f20b","7343","2022-10-07T13:15:00.000","RIVERSIDE DR / BURTON DR","NORTHBOUND","LEFT TURN","true","3","9.333","13.65","4.0","1.967","10","7","2022","13","15","5","900"
"2829b2d0ed2e565219d2938fe938e28e","7343","2022-10-07T13:15:00.000","RIVERSIDE DR / BURTON DR","NORTHBOUND","RIGHT TURN","false","3","17.0","6.083","8.833","15.04","10","7","2022","13","15","5","900"
"a2bb09f2bc1577af340dccf3bbe5459f","7343","2022-10-07T13:15:00.000","RIVERSIDE DR / BURTON DR","NORTHBOUND","RIGHT TURN","true","1","12.0","0.0","4.7","0.0","10","7","2022","13","15","5","900"
"68db59ba4aee7cf95f88de576d94b5c0","7343","2022-10-07T13:15:00.000","RIVERSIDE DR / BURTON DR","NORTHBOUND","THRU","false","14","23.0","21.867","9.471","24.509","10","7","2022","13","15","5","900"
"a89009b93a616b637b82dc8a0f87a452","7343","2022-10-07T13:15:00.000","RIVERSIDE DR / BURTON DR","NORTHBOUND","THRU","true","18","27.222","28.098","5.644","15.229","10","7","2022","13","15","5","900"
"84e34e2134bf8c8e7796c87250eb18a3","7343","2022-10-07T13:15:00.000","RIVERSIDE DR / BURTON DR","NORTHBOUND","U-TURN","true","1","2.0","0.0","44.7","0.0","10","7","2022","13","15","5","900"
"1059bc8a0f824d96f0dc21adb29d4108","7343","2022-10-07T13:15:00.000","RIVERSIDE DR / BURTON DR","SOUTHBOUND","LEFT TURN","true","14","15.857","5.709","26.179","34.241","10","7","2022","13","15","5","900"
"fb3d16b84a1f6d106327518d5deb3471","7343","2022-10-07T13:15:00.000","RIVERSIDE DR / BURTON DR","SOUTHBOUND","RIGHT TURN","false","21","8.19","3.459","10.414","16.015","10","7","2022","13","15","5","900"
"bb6cb90f24d88102e565bbc8300ce521","7343","2022-10-07T13:15:00.000","RIVERSIDE DR / BURTON DR","SOUTHBOUND","RIGHT TURN","true","5","11.4","2.608","22.62","28.143","10","7","2022","13","15","5","900"
"fed2663046093d1e92ded106d00dcf22","7343","2022-10-07T13:15:00.000","RIVERSIDE DR / BURTON DR","SOUTHBOUND","THRU","false","9","17.444","6.287","29.578","32.89","10","7","2022","13","15","5","900"
"b0708d4259fa3b605e764d9ff9cc8de0","7343","2022-10-07T13:15:00.000","RIVERSIDE DR / BURTON DR","SOUTHBOUND","THRU","true","8","19.75","6.541","16.438","29.86","10","7","2022","13","15","5","900"
"f8448a53d55b0a467a81a94c26367c65","7343","2022-10-07T13:15:00.000","RIVERSIDE DR / BURTON DR","WESTBOUND","LEFT TURN","false","17","17.412","11.522","23.559","37.537","10","7","2022","13","15","5","900"
"39281a44b301fbcc2bc1a9a649ca5dbe","7343","2022-10-07T13:15:00.000","RIVERSIDE DR / BURTON DR","WESTBOUND","LEFT TURN","true","13","14.923","13.877","24.669","44.768","10","7","2022","13","15","5","900"
"e3d725294ac9df0404e4c0d1a7933f74","7343","2022-10-07T13:15:00.000","RIVERSIDE DR / BURTON DR","WESTBOUND","RIGHT TURN","false","10","9.1","16.468","3.95","2.56","10","7","2022","13","15","5","900"
"56e597671e113951bbacbc0d79aa22af","7343","2022-10-07T13:15:00.000","RIVERSIDE DR / BURTON DR","WESTBOUND","THRU","false","179","20.078","17.484","9.114","19.485","10","7","2022","13","15","5","900"
"d36b0bff03a533127fcc56aa792325ba","7343","2022-10-07T13:15:00.000","RIVERSIDE DR / BURTON DR","WESTBOUND","THRU","true","46","21.391","14.917","11.587","21.743","10","7","2022","13","15","5","900"
"67e943b2712cdd17d311cfbfaaeb9413","7343","2022-10-07T13:15:00.000","RIVERSIDE DR / BURTON DR","WESTBOUND","U-TURN","true","1","62.0","0.0","0.1","0.0","10","7","2022","13","15","5","900"
"cc3a37b62c7f7b52e5504504c060ebe1","7343","2022-10-07T13:30:00.000","RIVERSIDE DR / BURTON DR","EASTBOUND","LEFT TURN","false","14","11.857","3.483","28.471","39.994","10","7","2022","13","30","5","900"
"0b7ba99cb25699211be60e32b3c3fa1b","7343","2022-10-07T13:30:00.000","RIVERSIDE DR / BURTON DR","EASTBOUND","LEFT TURN","true","2","9.0","1.414","98.9","13.011","10","7","2022","13","30","5","900"
"d8c7687a8ac160529feed8a314bf62c4","7343","2022-10-07T13:30:00.000","RIVERSIDE DR / BURTON DR","EASTBOUND","RIGHT TURN","true","1","1.0","0.0","0.9","0.0","10","7","2022","13","30","5","900"
"6b70cd82ca085bc2f190d3679c4b6266","7343","2022-10-07T13:30:00.000","RIVERSIDE DR / BURTON DR","EASTBOUND","THRU","true","205","28.18","10.418","4.712","11.403","10","7","2022","13","30","5","900"
"59201d2b75ceb40728223ce8b266224e","7343","2022-10-07T13:30:00.000","RIVERSIDE DR / BURTON DR","EASTBOUND","U-TURN","false","2","8.5","0.707","8.7","8.344","10","7","2022","13","30","5","900"
"e5a6ceb4917ed3143ca6c12bf4e1df5c","7343","2022-10-07T13:30:00.000","RIVERSIDE DR / BURTON DR","EASTBOUND","U-TURN","true","1","11.0","0.0","2.7","0.0","10","7","2022","13","30","5","900"
"5dea6e6ad77ff125c4de7cb10e858108","7343","2022-10-07T13:30:00.000","RIVERSIDE DR / BURTON DR","NORTHBOUND","LEFT TURN","false","17","20.412","11.275","21.224","30.99","10","7","2022","13","30","5","900"
"6f3f4a19f18de2c12f710e51557ea207","7343","2022-10-07T13:30:00.000","RIVERSIDE DR / BURTON DR","NORTHBOUND","LEFT TURN","true","4","16.25","18.191","20.025","37.002","10","7","2022","13","30","5","900"
"c7e69fa2fa625822130fd78232648f62","7343","2022-10-07T13:30:00.000","RIVERSIDE DR / BURTON DR","NORTHBOUND","RIGHT TURN","false","2","15.5","2.121","0.75","0.212","10","7","2022","13","30","5","900"
"1a909774986ae23e3c85d0290b8c3280","7343","2022-10-07T13:30:00.000","RIVERSIDE DR / BURTON DR","NORTHBOUND","RIGHT TURN","true","3","21.333","14.154","0.467","0.643","10","7","2022","13","30","5","900"
"755558acae330673801e7774e305bd66","7343","2022-10-07T13:30:00.000","RIVERSIDE DR / BURTON DR","NORTHBOUND","THRU","false","25","25.12","22.76","4.888","16.85","10","7","2022","13","30","5","900"
"749349f3070e440e20800eefbccfba84","7343","2022-10-07T13:30:00.000","RIVERSIDE DR / BURTON DR","NORTHBOUND","THRU","true","8","28.75","15.276","7.062","17.254","10","7","2022","13","30","5","900"
"86d43d8e5c3fc8bf23390f7678ba83ac","7343","2022-10-07T13:30:00.000","RIVERSIDE DR / BURTON DR","SOUTHBOUND","LEFT TURN","true","14","16.286","5.18","23.264","26.936","10","7","2022","13","30","5","900"
"a2adf325dfd19d562d09ff095dc6fc22","7343","2022-10-07T13:30:00.000","RIVERSIDE DR / BURTON DR","SOUTHBOUND","RIGHT TURN","false","23","9.087","2.392","17.274","26.366","10","7","2022","13","30","5","900"
"636bb738e1015fbf7afaf63483c721a7","7343","2022-10-07T13:30:00.000","RIVERSIDE DR / BURTON DR","SOUTHBOUND","RIGHT TURN","true","4","14.75","5.909","13.975","20.045","10","7","2022","13","30","5","900"
"536de96855f0c4684f241a21bda77912","7343","2022-10-07T13:30:00.000","RIVERSIDE DR / BURTON DR","SOUTHBOUND","THRU","false","6","18.5","9.268","48.05","37.001","10","7","2022","13","30","5","900"
"7e662818ec5d3e0552bcb405a9953e56","7343","2022-10-07T13:30:00.000","RIVERSIDE DR / BURTON DR","SOUTHBOUND","THRU","true","8","19.875","5.41","15.9","37.153","10","7","2022","13","30","5","900"
"30aa13bc3ae8472a2eb5c7e92942797d","7343","2022-10-07T13:30:00.000","RIVERSIDE DR / BURTON DR","WESTBOUND","LEFT TURN","false","9","11.222","5.518","13.5","31.458","10","7","2022","13","30","5","900"
"8b81125e2bdd64ae8d1805d8247628dc","7343","2022-10-07T13:30:00.000","RIVERSIDE DR / BURTON DR","WESTBOUND","LEFT TURN","true","17","18.176","23.009","18.047","37.186","10","7","2022","13","30","5","900"
"85726f96ab477090c52a739740f0cf3c","7343","2022-10-07T13:30:00.000","RIVERSIDE DR / BURTON DR","WESTBOUND","RIGHT TURN","false","12","3.667","4.207","10.867","17.698","10","7","2022","13","30","5","900"
"350e38fd9b2a150df87652e74fbad98b","7343","2022-10-07T13:30:00.000","RIVERSIDE DR / BURTON DR","WESTBOUND","RIGHT TURN","true","4","15.75","19.772","6.8","2.639","10","7","2022","13","30","5","900"
"88937251d74454159a2db1702c7b1275","7343","2022-10-07T13:30:00.000","RIVERSIDE DR / BURTON DR","WESTBOUND","THRU","false","227","21.093","15.801","7.623","18.241","10","7","2022","13","30","5","900"
"a5447f4f6b204550066b59ad3bcbd168","7343","2022-10-07T13:30:00.000","RIVERSIDE DR / BURTON DR","WESTBOUND","THRU","true","46","24.761","20.92","5.841","14.694","10","7","2022","13","30","5","900"
"fa7cdc504fd30a3cee81c8942f3b7828","7343","2022-10-07T13:45:00.000","RIVERSIDE DR / BURTON DR","EASTBOUND","LEFT TURN","false","15","13.067","2.017","41.393","45.975","10","7","2022","13","45","5","900"
"fd85137a79364d13a2130d738d9eea42","7343","2022-10-07T13:45:00.000","RIVERSIDE DR / BURTON DR","EASTBOUND","LEFT TURN","true","5","13.8","3.271","29.0","43.375","10","7","2022","13","45","5","900"
"a485ceb52420366556b6e565479f48c3","7343","2022-10-07T13:45:00.000","RIVERSIDE DR / BURTON DR","EASTBOUND","THRU","false","1","25.0","0.0","2.4","0.0","10","7","2022","13","45","5","900"
"2ee703d24d6f3c133c993dfe45632fcb","7343","2022-10-07T13:45:00.000","RIVERSIDE DR / BURTON DR","EASTBOUND","THRU","true","183","28.328","10.366","4.16","9.629","10","7","2022","13","45","5","900"
"3c965fd489bf5adfeeac481cfc61e8a5","7343","2022-10-07T13:45:00.000","RIVERSIDE DR / BURTON DR","EASTBOUND","U-TURN","false","1","10.0","0.0","94.8","0.0","10","7","2022","13","45","5","900"
"347f62b66916df2218aca5c494952b49","7343","2022-10-07T13:45:00.000","RIVERSIDE DR / BURTON DR","NORTHBOUND","LEFT TURN","false","16","19.0","14.989","17.169","26.595","10","7","2022","13","45","5","900"
"104b34555f8fc32152173acc823e8aac","7343","2022-10-07T13:45:00.000","RIVERSIDE DR / BURTON DR","NORTHBOUND","LEFT TURN","true","5","13.2","8.526","37.9","41.967","10","7","2022","13","45","5","900"
"e426811aa663958a5cce3e3ef85c7f13","7343","2022-10-07T13:45:00.000","RIVERSIDE DR / BURTON DR","NORTHBOUND","RIGHT TURN","false","4","22.5","10.344","7.125","7.862","10","7","2022","13","45","5","900"
"cce5d4deb9c3270e0a6484ec54de1b43","7343","2022-10-07T13:45:00.000","RIVERSIDE DR / BURTON DR","NORTHBOUND","RIGHT TURN","true","3","19.333","18.148","0.667","0.462","10","7","2022","13","45","5","900"
"22c8b2a613f6c6ce9c9af514ed7cc63a","7343","2022-10-07T13:45:00.000","RIVERSIDE DR / BURTON DR","NORTHBOUND","THRU","false","20","26.65","25.411","3.385","11.68","10","7","2022","13","45","5","900"
"64bd4686af630c6f94ad853d30a93702","7343","2022-10-07T13:45:00.000","RIVERSIDE DR / BURTON DR","NORTHBOUND","THRU","true","13","29.769","29.603","8.3","21.407","10","7","2022","13","45","5","900"
"55bbe109383d86e4bc1a1d93a675de4d","7343","2022-10-07T13:45:00.000","RIVERSIDE DR / BURTON DR","SOUTHBOUND","LEFT TURN","true","16","17.5","3.706","22.9","31.519","10","7","2022","13","45","5","900"
"b3f96b5f50d01184d752cc6c0d346207","7343","2022-10-07T13:45:00.000","RIVERSIDE DR / BURTON DR","SOUTHBOUND","RIGHT TURN","false","19","9.737","2.579","12.237","21.106","10","7","2022","13","45","5","900"
"b69cdcde118580460186be7b354c2210","7343","2022-10-07T13:45:00.000","RIVERSIDE DR / BURTON DR","SOUTHBOUND","RIGHT TURN","true","3","11.333","2.887","2.733","2.47","10","7","2022","13","45","5","900"
"6380b59bee147836f4ea16f7a56d2c7e","7343","2022-10-07T13:45:00.000","RIVERSIDE DR / BURTON DR","SOUTHBOUND","THRU","false","8","13.875","4.673","18.925","22.528","10","7","2022","13","45","5","900"
"763dfb092f493eea6bf60efcfa6d7233","7343","2022-10-07T13:45:00.000","RIVERSIDE DR / BURTON DR","SOUTHBOUND","THRU","true","23","18.696","5.355","16.191","32.341","10","7","2022","13","45","5","900"
"f1b9fa7e73aed3d122ab19aa84a8e22a","7343","2022-10-07T13:45:00.000","RIVERSIDE DR / BURTON DR","WESTBOUND","LEFT TURN","false","8","10.75","7.704","34.025","47.278","10","7","2022","13","45","5","900"
"4073a260f514e863b5da77cb0301dd44","7343","2022-10-07T13:45:00.000","RIVERSIDE DR / BURTON DR","WESTBOUND","LEFT TURN","true","13","12.308","8.779","22.877","39.807","10","7","2022","13","45","5","900"
"53df4356dd78c9fa3d226e52ceaaabb1","7343","2022-10-07T13:45:00.000","RIVERSIDE DR / BURTON DR","WESTBOUND","RIGHT TURN","false","11","5.182","6.794","5.455","2.249","10","7","2022","13","45","5","900"
"d0ebc7686c0cd1deefa6656d85782856","7343","2022-10-07T13:45:00.000","RIVERSIDE DR / BURTON DR","WESTBOUND","RIGHT TURN","true","1","0.0","0.0","0.8","0.0","10","7","2022","13","45","5","900"
"f5eaa7bc75268d2c4dd553bca6ec2a4f","7343","2022-10-07T13:45:00.000","RIVERSIDE DR / BURTON DR","WESTBOUND","THRU","false","194","20.995","15.811","7.841","18.317","10","7","2022","13","45","5","900"
"9759a1109e19dd0bb4344b54188f2f7d","7343","2022-10-07T13:45:00.000","RIVERSIDE DR / BURTON DR","WESTBOUND","THRU","true","58","21.121","17.456","10.069","23.026","10","7","2022","13","45","5","900"
"4242a5aafa629b62bbb2cc9a5eee7854","7343","2022-10-07T14:00:00.000","RIVERSIDE DR / BURTON DR","EASTBOUND","LEFT TURN","false","11","13.909","2.737","10.9","17.138","10","7","2022","14","0","5","900"
"0062cbc1891b704011885b4e95614ad6","7343","2022-10-07T14:00:00.000","RIVERSIDE DR / BURTON DR","EASTBOUND","LEFT TURN","true","3","10.0","1.732","1.733","1.704","10","7","2022","14","0","5","900"
"335d51cddf78d24c4dc88ad1b55e8bed","7343","2022-10-07T14:00:00.000","RIVERSIDE DR / BURTON DR","EASTBOUND","RIGHT TURN","false","1","15.0","0.0","1.8","0.0","10","7","2022","14","0","5","900"
"28d99fc68d96e7cc4610a5f42a83530d","7343","2022-10-07T14:00:00.000","RIVERSIDE DR / BURTON DR","EASTBOUND","THRU","false","3","25.667","5.132","2.167","0.503","10","7","2022","14","0","5","900"
"cecc672e60d320be53df8a6c941d969d","7343","2022-10-07T14:00:00.000","RIVERSIDE DR / BURTON DR","EASTBOUND","THRU","true","186","26.382","7.851","4.643","11.634","10","7","2022","14","0","5","900"
"050c08b4743c72b5e4710453c54838ad","7343","2022-10-07T14:00:00.000","RIVERSIDE DR / BURTON DR","EASTBOUND","U-TURN","false","3","6.333","2.517","112.1","10.589","10","7","2022","14","0","5","900"
"5d4122fd6c2fd2d4bae0d2266dc3fa46","7343","2022-10-07T14:00:00.000","RIVERSIDE DR / BURTON DR","NORTHBOUND","LEFT TURN","false","25","13.44","15.94","11.144","23.578","10","7","2022","14","0","5","900"
"28c0049814a31a2dc1c37c1e9c0ef135","7343","2022-10-07T14:00:00.000","RIVERSIDE DR / BURTON DR","NORTHBOUND","LEFT TURN","true","1","91.0","0.0","0.6","0.0","10","7","2022","14","0","5","900"
"779fc7a14f67256087a99b75a92d5e54","7343","2022-10-07T14:00:00.000","RIVERSIDE DR / BURTON DR","NORTHBOUND","RIGHT TURN","false","1","17.0","0.0","1.4","0.0","10","7","2022","14","0","5","900"
"4cb22f38210f64a4ab6e374ca84ca344","7343","2022-10-07T14:00:00.000","RIVERSIDE DR / BURTON DR","NORTHBOUND","RIGHT TURN","true","1","16.0","0.0","1.1","0.0","10","7","2022","14","0","5","900"
"328a1c9a03b219b3bf98fb5376f0834a","7343","2022-10-07T14:00:00.000","RIVERSIDE DR / BURTON DR","NORTHBOUND","THRU","false","12","34.917","27.649","9.75","22.89","10","7","2022","14","0","5","900"
"d1e13a695e6695498d2816613671a065","7343","2022-10-07T14:00:00.000","RIVERSIDE DR / BURTON DR","NORTHBOUND","THRU","true","18","18.5","13.87","8.144","19.708","10","7","2022","14","0","5","900"
"6e26e3dbf4e1cba08cc117f61d8db8df","7343","2022-10-07T14:00:00.000","RIVERSIDE DR / BURTON DR","NORTHBOUND","U-TURN","true","1","101.0","0.0","0.2","0.0","10","7","2022","14","0","5","900"
"1c445e4206b22fc72fbd8aac1a5ede58","7343","2022-10-07T14:00:00.000","RIVERSIDE DR / BURTON DR","SOUTHBOUND","LEFT TURN","false","1","17.0","0.0","14.7","0.0","10","7","2022","14","0","5","900"
"9c4707ef57e21a68cf034fd74976ffe1","7343","2022-10-07T14:00:00.000","RIVERSIDE DR / BURTON DR","SOUTHBOUND","LEFT TURN","true","12","13.5","2.714","22.7","30.329","10","7","2022","14","0","5","900"
"8da1c86f19161943f142150539e84f79","7343","2022-10-07T14:00:00.000","RIVERSIDE DR / BURTON DR","SOUTHBOUND","RIGHT TURN","false","19","9.053","1.84","10.853","13.385","10","7","2022","14","0","5","900"
"1aff7b122fd9247152e0eaa674b77840","7343","2022-10-07T14:00:00.000","RIVERSIDE DR / BURTON DR","SOUTHBOUND","RIGHT TURN","true","2","9.5","2.121","3.2","0.0","10","7","2022","14","0","5","900"
"576ad559af88234916b2f9d0f8e04a13","7343","2022-10-07T14:00:00.000","RIVERSIDE DR / BURTON DR","SOUTHBOUND","THRU","false","7","13.429","3.505","33.386","34.707","10","7","2022","14","0","5","900"
"62a34ec3ef0155b37dbfced905cb105d","7343","2022-10-07T14:00:00.000","RIVERSIDE DR / BURTON DR","SOUTHBOUND","THRU","true","8","19.125","4.257","18.525","24.694","10","7","2022","14","0","5","900"
"a249220d09cecd195347839ab5a0651e","7343","2022-10-07T14:00:00.000","RIVERSIDE DR / BURTON DR","WESTBOUND","LEFT TURN","false","11","13.818","18.611","18.545","34.727","10","7","2022","14","0","5","900"
"5071d2d56ac14a78cf88a1b4ea1f0aab","7343","2022-10-07T14:00:00.000","RIVERSIDE DR / BURTON DR","WESTBOUND","LEFT TURN","true","8","18.0","22.577","17.375","26.665","10","7","2022","14","0","5","900"
"18ac70a51882e794edbbca72c076ff7c","7343","2022-10-07T14:00:00.000","RIVERSIDE DR / BURTON DR","WESTBOUND","RIGHT TURN","false","9","1.333","2.0","6.122","3.435","10","7","2022","14","0","5","900"
"4d6e663637765d8a3ab9afc6dcbc0d3d","7343","2022-10-07T14:00:00.000","RIVERSIDE DR / BURTON DR","WESTBOUND","THRU","false","182","23.703","17.126","8.312","19.422","10","7","2022","14","0","5","900"
"9593e1336aaed74356bbf68ba5d0337f","7343","2022-10-07T14:00:00.000","RIVERSIDE DR / BURTON DR","WESTBOUND","THRU","true","38","24.763","17.915","3.871","10.658","10","7","2022","14","0","5","900"
"df3215047d8c008c6f9cf0a3ecdb153d","7343","2022-10-07T14:15:00.000","RIVERSIDE DR / BURTON DR","EASTBOUND","LEFT TURN","false","18","12.278","3.878","38.183","51.055","10","7","2022","14","15","5","900"
"bbd1b2a616197b06b85f5673ecfb054b","7343","2022-10-07T14:15:00.000","RIVERSIDE DR / BURTON DR","EASTBOUND","LEFT TURN","true","4","11.0","2.828","5.1","3.952","10","7","2022","14","15","5","900"
"21df65fced72fe9711499b7a89a86099","7343","2022-10-07T14:15:00.000","RIVERSIDE DR / BURTON DR","EASTBOUND","THRU","false","5","21.4","5.857","13.32","15.028","10","7","2022","14","15","5","900"
"cb7ae13fd6614d518dcd7b47a68d31d4","7343","2022-10-07T14:15:00.000","RIVERSIDE DR / BURTON DR","EASTBOUND","THRU","true","177","28.61","11.154","4.613","12.127","10","7","2022","14","15","5","900"
"e33d7ed8a187509f6ee481f64b59254a","7343","2022-10-07T14:15:00.000","RIVERSIDE DR / BURTON DR","EASTBOUND","U-TURN","false","4","10.25","2.062","35.225","53.251","10","7","2022","14","15","5","900"
"65a0c35406fdd0a97dcee7a60441f3a6","7343","2022-10-07T14:15:00.000","RIVERSIDE DR / BURTON DR","EASTBOUND","U-TURN","true","1","14.0","0.0","3.2","0.0","10","7","2022","14","15","5","900"
"f914f97c4af02173e410c7a69937046d","7343","2022-10-07T14:15:00.000","RIVERSIDE DR / BURTON DR","NORTHBOUND","LEFT TURN","false","17","21.059","16.384","16.459","33.133","10","7","2022","14","15","5","900"
"0112daf497dae18887ea4fe4cefe3e8f","7343","2022-10-07T14:15:00.000","RIVERSIDE DR / BURTON DR","NORTHBOUND","LEFT TURN","true","7","17.286","13.438","13.957","13.95","10","7","2022","14","15","5","900"
"3f66a125d9faf67cb6def22c0c4a3a0b","7343","2022-10-07T14:15:00.000","RIVERSIDE DR / BURTON DR","NORTHBOUND","RIGHT TURN","false","3","49.0","24.759","9.033","14.871","10","7","2022","14","15","5","900"
"5fed562cdeabe042118347982bb7280e","7343","2022-10-07T14:15:00.000","RIVERSIDE DR / BURTON DR","NORTHBOUND","RIGHT TURN","true","8","18.375","6.523","13.525","24.049","10","7","2022","14","15","5","900"
"ca2a3a0cc72749a44b9ee4e6a514e83a","7343","2022-10-07T14:15:00.000","RIVERSIDE DR / BURTON DR","NORTHBOUND","THRU","false","14","18.429","15.26","11.743","25.125","10","7","2022","14","15","5","900"
"2fffefffc1901825ec36836984ef971d","7343","2022-10-07T14:15:00.000","RIVERSIDE DR / BURTON DR","NORTHBOUND","THRU","true","18","28.0","20.714","7.661","27.697","10","7","2022","14","15","5","900"
"f2e910f0699fc15c328d51669c5ba0b0","7343","2022-10-07T14:15:00.000","RIVERSIDE DR / BURTON DR","SOUTHBOUND","LEFT TURN","false","1","14.0","0.0","21.4","0.0","10","7","2022","14","15","5","900"
"5c0e6e6c5e0f567c3804878184d01c4a","7343","2022-10-07T14:15:00.000","RIVERSIDE DR / BURTON DR","SOUTHBOUND","LEFT TURN","true","14","19.643","4.717","18.443","30.831","10","7","2022","14","15","5","900"
"57bee17349bd9ef508cebed554cab639","7343","2022-10-07T14:15:00.000","RIVERSIDE DR / BURTON DR","SOUTHBOUND","RIGHT TURN","false","18","10.333","2.249","7.317","12.399","10","7","2022","14","15","5","900"
"db3ab09f7836feb72976f8e8d4404f45","7343","2022-10-07T14:15:00.000","RIVERSIDE DR / BURTON DR","SOUTHBOUND","RIGHT TURN","true","6","9.5","3.391","5.967","5.756","10","7","2022","14","15","5","900"
"19a9faf725f2cd7a0697683c84ea8e42","7343","2022-10-07T14:15:00.000","RIVERSIDE DR / BURTON DR","SOUTHBOUND","THRU","false","8","21.25","23.138","15.175","25.421","10","7","2022","14","15","5","900"
"6e3d5313b8cdd3ad2d23601b7acbc988","7343","2022-10-07T14:15:00.000","RIVERSIDE DR / BURTON DR","SOUTHBOUND","THRU","true","10","26.3","27.817","35.65","37.663","10","7","2022","14","15","5","900"
"c84042a41f4fcb9f5f3bc7582a21e92e","7343","2022-10-07T14:15:00.000","RIVERSIDE DR / BURTON DR","WESTBOUND","LEFT TURN","false","12","14.0","9.391","14.608","23.394","10","7","2022","14","15","5","900"
"87ca05ad817fe7597b8319c28a93bd94","7343","2022-10-07T14:15:00.000","RIVERSIDE DR / BURTON DR","WESTBOUND","LEFT TURN","true","7","12.857","6.414","3.657","4.925","10","7","2022","14","15","5","900"
"96c08a94a1a4af4db3128646c18c9f60","7343","2022-10-07T14:15:00.000","RIVERSIDE DR / BURTON DR","WESTBOUND","RIGHT TURN","false","8","3.0","4.751","7.362","8.864","10","7","2022","14","15","5","900"
"12f891d426566468ae7135cf6ce17402","7343","2022-10-07T14:15:00.000","RIVERSIDE DR / BURTON DR","WESTBOUND","THRU","false","166","24.94","18.008","7.839","18.899","10","7","2022","14","15","5","900"
"ab527bec957760211216685902a013ee","7343","2022-10-07T14:15:00.000","RIVERSIDE DR / BURTON DR","WESTBOUND","THRU","true","43","25.209","24.259","7.598","16.259","10","7","2022","14","15","5","900"
"94d5e235e9a61136ac1bbd328d0dd73d","7343","2022-10-07T14:30:00.000","RIVERSIDE DR / BURTON DR","EASTBOUND","LEFT TURN","false","15","12.133","2.386","21.66","35.745","10","7","2022","14","30","5","900"
"fddfc1f595edd0066ff27aec3713d78d","7343","2022-10-07T14:30:00.000","RIVERSIDE DR / BURTON DR","EASTBOUND","LEFT TURN","true","4","9.25","2.872","68.925","42.156","10","7","2022","14","30","5","900"
"a38919146864a9fd3e7cb470d6f6b335","7343","2022-10-07T14:30:00.000","RIVERSIDE DR / BURTON DR","EASTBOUND","THRU","false","9","22.889","12.077","10.611","17.585","10","7","2022","14","30","5","900"
"bc83f056fd5ccc582192e89bdc5cbd46","7343","2022-10-07T14:30:00.000","RIVERSIDE DR / BURTON DR","EASTBOUND","THRU","true","173","28.798","10.376","3.424","9.142","10","7","2022","14","30","5","900"
"dc9123a9b1c188fa8adf8cb7d5ec02e3","7343","2022-10-07T14:30:00.000","RIVERSIDE DR / BURTON DR","NORTHBOUND","LEFT TURN","false","20","16.55","13.434","16.925","25.163","10","7","2022","14","30","5","900"
"b965440c17681d8bd74b21834e160ceb","7343","2022-10-07T14:30:00.000","RIVERSIDE DR / BURTON DR","NORTHBOUND","LEFT TURN","true","4","34.75","36.114","0.925","0.574","10","7","2022","14","30","5","900"
"3efd10fc7bd01ee70f0207aabeb4813a","7343","2022-10-07T14:30:00.000","RIVERSIDE DR / BURTON DR","NORTHBOUND","RIGHT TURN","false","3","9.333","8.145","1.167","1.595","10","7","2022","14","30","5","900"
"cd3566b382a5775016c7fb29e5158306","7343","2022-10-07T14:30:00.000","RIVERSIDE DR / BURTON DR","NORTHBOUND","RIGHT TURN","true","1","12.0","0.0","17.5","0.0","10","7","2022","14","30","5","900"
"e9d7dda846c6fb7faa5d9a70a0797424","7343","2022-10-07T14:30:00.000","RIVERSIDE DR / BURTON DR","NORTHBOUND","THRU","false","16","22.625","18.529","7.681","15.928","10","7","2022","14","30","5","900"
"58498683af4f167a629e3f7fea394d27","7343","2022-10-07T14:30:00.000","RIVERSIDE DR / BURTON DR","NORTHBOUND","THRU","true","9","18.556","12.846","7.767","21.213","10","7","2022","14","30","5","900"
"52a6dc7efa00db77ba9c77ad9ad03f87","7343","2022-10-07T14:30:00.000","RIVERSIDE DR / BURTON DR","SOUTHBOUND","LEFT TURN","false","2","21.5","9.192","19.3","24.466","10","7","2022","14","30","5","900"
"8f19f68bc2c5b41e178c28aa973d5e8a","7343","2022-10-07T14:30:00.000","RIVERSIDE DR / BURTON DR","SOUTHBOUND","LEFT TURN","true","11","18.818","5.363","14.4","22.951","10","7","2022","14","30","5","900"
"6438b5bca931a5e3bdcc9eea06065401","7343","2022-10-07T14:30:00.000","RIVERSIDE DR / BURTON DR","SOUTHBOUND","RIGHT TURN","false","27","9.481","2.064","7.044","9.874","10","7","2022","14","30","5","900"
"4e8163338ecdcb4730d2a9bfa7dce142","7343","2022-10-07T14:30:00.000","RIVERSIDE DR / BURTON DR","SOUTHBOUND","RIGHT TURN","true","2","6.5","3.536","7.6","2.546","10","7","2022","14","30","5","900"
"818dd09dbc4cd4748387537e2b62525a","7343","2022-10-07T14:30:00.000","RIVERSIDE DR / BURTON DR","SOUTHBOUND","THRU","false","5","13.2","6.943","26.54","34.012","10","7","2022","14","30","5","900"
"067281dc7c9e5b8b76a5f7dfb0305192","7343","2022-10-07T14:30:00.000","RIVERSIDE DR / BURTON DR","SOUTHBOUND","THRU","true","12","16.917","7.379","29.433","34.619","10","7","2022","14","30","5","900"
"032b00bb88da82e2fdc78f5245321520","7343","2022-10-07T14:30:00.000","RIVERSIDE DR / BURTON DR","WESTBOUND","LEFT TURN","false","7","15.143","6.362","22.529","38.151","10","7","2022","14","30","5","900"
"869dc7de4b6099e4659464c4efd7e18d","7343","2022-10-07T14:30:00.000","RIVERSIDE DR / BURTON DR","WESTBOUND","LEFT TURN","true","5","21.2","25.879","2.28","2.158","10","7","2022","14","30","5","900"
"8570f4429e1dcbeec70d91636dd6180c","7343","2022-10-07T14:30:00.000","RIVERSIDE DR / BURTON DR","WESTBOUND","RIGHT TURN","false","10","5.8","6.973","4.53","3.157","10","7","2022","14","30","5","900"
"6af4bac17d76e1dc7a9d0b19186c8d57","7343","2022-10-07T14:30:00.000","RIVERSIDE DR / BURTON DR","WESTBOUND","RIGHT TURN","true","3","27.333","44.77","1.9","2.696","10","7","2022","14","30","5","900"
"8b365b97bf59727dfe65027ea479da96","7343","2022-10-07T14:30:00.000","RIVERSIDE DR / BURTON DR","WESTBOUND","THRU","false","201","23.443","17.773","7.78","17.951","10","7","2022","14","30","5","900"
"9714bf05c880ac73708380841072c0a0","7343","2022-10-07T14:30:00.000","RIVERSIDE DR / BURTON DR","WESTBOUND","THRU","true","41","19.341","17.266","7.241","16.034","10","7","2022","14","30","5","900"
"917426440d6020572b9168f2ba74fc6e","7343","2022-10-07T14:45:00.000","RIVERSIDE DR / BURTON DR","EASTBOUND","LEFT TURN","false","17","13.059","3.172","34.435","44.317","10","7","2022","14","45","5","900"
"b7814e4ca3025e81b6c4015ca303f840","7343","2022-10-07T14:45:00.000","RIVERSIDE DR / BURTON DR","EASTBOUND","LEFT TURN","true","2","8.5","0.707","2.9","0.283","10","7","2022","14","45","5","900"
"cb713a15cca2e49880c2a1ef8a068c5d","7343","2022-10-07T14:45:00.000","RIVERSIDE DR / BURTON DR","EASTBOUND","THRU","false","3","24.333","2.517","2.5","0.866","10","7","2022","14","45","5","900"
"4479aad4e87508cc52fcdfa903f7d825","7343","2022-10-07T14:45:00.000","RIVERSIDE DR / BURTON DR","EASTBOUND","THRU","true","165","26.152","8.927","5.279","12.867","10","7","2022","14","45","5","900"
"16800f30bc0b103b212f76c9a997c0ab","7343","2022-10-07T14:45:00.000","RIVERSIDE DR / BURTON DR","NORTHBOUND","LEFT TURN","false","16","24.625","20.353","1.456","1.606","10","7","2022","14","45","5","900"
"0cc3fe3012caeed6f298dcab8979ff2c","7343","2022-10-07T14:45:00.000","RIVERSIDE DR / BURTON DR","NORTHBOUND","LEFT TURN","true","5","24.0","32.023","39.0","47.13","10","7","2022","14","45","5","900"
"2b515c67f8b797cccb26b6fa8990f755","7343","2022-10-07T14:45:00.000","RIVERSIDE DR / BURTON DR","NORTHBOUND","RIGHT TURN","false","2","12.5","10.607","46.8","65.902","10","7","2022","14","45","5","900"
"2196cd5279f97931bd801639a6f4d5ec","7343","2022-10-07T14:45:00.000","RIVERSIDE DR / BURTON DR","NORTHBOUND","RIGHT TURN","true","3","15.0","3.606","0.033","0.058","10","7","2022","14","45","5","900"
"9ce43f81323e3bae5388271e84496595","7343","2022-10-07T14:45:00.000","RIVERSIDE DR / BURTON DR","NORTHBOUND","THRU","false","19","16.947","17.037","14.779","25.621","10","7","2022","14","45","5","900"
"81686935ea032ef6092da7a00d5e78d7","7343","2022-10-07T14:45:00.000","RIVERSIDE DR / BURTON DR","NORTHBOUND","THRU","true","18","16.889","18.052","7.567","14.039","10","7","2022","14","45","5","900"
"724b2942a4839d1d3ba6151a295798e4","7343","2022-10-07T14:45:00.000","RIVERSIDE DR / BURTON DR","SOUTHBOUND","LEFT TURN","false","1","15.0","0.0","1.6","0.0","10","7","2022","14","45","5","900"
"468866cc51dd4fb1b0d27a4ae1112e53","7343","2022-10-07T14:45:00.000","RIVERSIDE DR / BURTON DR","SOUTHBOUND","LEFT TURN","true","10","19.9","6.523","23.6","31.853","10","7","2022","14","45","5","900"
"d3f18467c537934c54d66e3fd56af845","7343","2022-10-07T14:45:00.000","RIVERSIDE DR / BURTON DR","SOUTHBOUND","RIGHT TURN","false","16","10.062","2.144","15.419","22.311","10","7","2022","14","45","5","900"
"4ca98c4793e59f5fcc3dfddf574ba21d","7343","2022-10-07T14:45:00.000","RIVERSIDE DR / BURTON DR","SOUTHBOUND","RIGHT TURN","true","1","7.0","0.0","0.1","0.0","10","7","2022","14","45","5","900"
"2921e7df384784739359828edb6179b4","7343","2022-10-07T14:45:00.000","RIVERSIDE DR / BURTON DR","SOUTHBOUND","THRU","false","5","14.4","10.237","9.64","14.989","10","7","2022","14","45","5","900"
"76370c2f8d7e580f9dc256fb759ba283","7343","2022-10-07T14:45:00.000","RIVERSIDE DR / BURTON DR","SOUTHBOUND","THRU","true","15","22.867","8.911","11.313","19.919","10","7","2022","14","45","5","900"
"6948f7b0df72fa75b2fd4dbf8b7b772b","7343","2022-10-07T14:45:00.000","RIVERSIDE DR / BURTON DR","WESTBOUND","LEFT TURN","false","5","12.0","9.618","6.62","6.346","10","7","2022","14","45","5","900"
"a38151c14b50d251e83785d1f6639864","7343","2022-10-07T14:45:00.000","RIVERSIDE DR / BURTON DR","WESTBOUND","LEFT TURN","true","6","20.333","13.397","3.917","5.761","10","7","2022","14","45","5","900"
"202aac865586e6eda013a205e76e3760","7343","2022-10-07T14:45:00.000","RIVERSIDE DR / BURTON DR","WESTBOUND","RIGHT TURN","false","9","1.111","1.691","10.456","16.565","10","7","2022","14","45","5","900"
"ac5ff1f7696133c3df9ca78f1dc2b2db","7343","2022-10-07T14:45:00.000","RIVERSIDE DR / BURTON DR","WESTBOUND","RIGHT TURN","true","1","0.0","0.0","7.1","0.0","10","7","2022","14","45","5","900"
"698596ed575e49c354a108b473c46e8e","7343","2022-10-07T14:45:00.000","RIVERSIDE DR / BURTON DR","WESTBOUND","THRU","false","197","22.381","17.823","7.764","18.544","10","7","2022","14","45","5","900"
"131dceeaf2391867aae977e197062645","7343","2022-10-07T14:45:00.000","RIVERSIDE DR / BURTON DR","WESTBOUND","THRU","true","58","19.621","18.118","8.06","18.965","10","7","2022","14","45","5","900"
"18e798c82e101e943871baee276b4d56","7343","2022-10-07T15:00:00.000","RIVERSIDE DR / BURTON DR","EASTBOUND","LEFT TURN","false","20","12.75","3.041","15.9","30.295","10","7","2022","15","0","5","900"
"607412203e4fd80f9a21f6dce2449461","7343","2022-10-07T15:00:00.000","RIVERSIDE DR / BURTON DR","EASTBOUND","LEFT TURN","true","5","11.0","2.915","53.76","99.336","10","7","2022","15","0","5","900"
"c3a11e65fe659011be284a545bcec4ce","7343","2022-10-07T15:00:00.000","RIVERSIDE DR / BURTON DR","EASTBOUND","THRU","false","7","25.857","23.92","2.129","1.38","10","7","2022","15","0","5","900"
"f9c43929cdeceeae1d1bb72446654e09","7343","2022-10-07T15:00:00.000","RIVERSIDE DR / BURTON DR","EASTBOUND","THRU","true","211","30.422","10.825","4.966","13.456","10","7","2022","15","0","5","900"
"3f120aadb57712ec0e43e024119df75b","7343","2022-10-07T15:00:00.000","RIVERSIDE DR / BURTON DR","NORTHBOUND","LEFT TURN","false","7","17.857","14.508","14.114","33.411","10","7","2022","15","0","5","900"
"32f77121ab1a580250a1092ea962c391","7343","2022-10-07T15:00:00.000","RIVERSIDE DR / BURTON DR","NORTHBOUND","LEFT TURN","true","2","14.5","20.506","73.05","103.167","10","7","2022","15","0","5","900"
"ac985c19f76e56e54bb5111d931292b5","7343","2022-10-07T15:00:00.000","RIVERSIDE DR / BURTON DR","NORTHBOUND","RIGHT TURN","false","5","13.8","3.768","14.8","30.156","10","7","2022","15","0","5","900"
"514896781991d7ae33b13fd21d0b657b","7343","2022-10-07T15:00:00.000","RIVERSIDE DR / BURTON DR","NORTHBOUND","RIGHT TURN","true","2","6.5","9.192","1.05","1.344","10","7","2022","15","0","5","900"
"888ad2fd5b40d05789ed70b4fa282665","7343","2022-10-07T15:00:00.000","RIVERSIDE DR / BURTON DR","NORTHBOUND","THRU","false","26","21.423","19.136","1.442","2.795","10","7","2022","15","0","5","900"
"14590203334c9b2a1c2fb7c54c18c084","7343","2022-10-07T15:00:00.000","RIVERSIDE DR / BURTON DR","NORTHBOUND","THRU","true","5","24.4","14.381","1.28","1.31","10","7","2022","15","0","5","900"
"d7f6c242df0134cac27bf5b2ba9d92e9","7343","2022-10-07T15:00:00.000","RIVERSIDE DR / BURTON DR","SOUTHBOUND","LEFT TURN","false","1","20.0","0.0","89.1","0.0","10","7","2022","15","0","5","900"
"d3c4cd33deda20e757e53074e224e904","7343","2022-10-07T15:00:00.000","RIVERSIDE DR / BURTON DR","SOUTHBOUND","LEFT TURN","true","20","20.15","9.954","20.82","38.195","10","7","2022","15","0","5","900"
"48bae777b63ddc73b773bf08bdbd03b5","7343","2022-10-07T15:00:00.000","RIVERSIDE DR / BURTON DR","SOUTHBOUND","RIGHT TURN","false","11","10.091","2.343","5.882","6.111","10","7","2022","15","0","5","900"
"bf500d38102264b2b6452ee79b306173","7343","2022-10-07T15:00:00.000","RIVERSIDE DR / BURTON DR","SOUTHBOUND","RIGHT TURN","true","4","9.75","0.957","3.9","0.469","10","7","2022","15","0","5","900"
"03cd09df5c0c2512a68bf5364d476164","7343","2022-10-07T15:00:00.000","RIVERSIDE DR / BURTON DR","SOUTHBOUND","THRU","false","8","16.875","4.39","36.562","59.569","10","7","2022","15","0","5","900"
"78648df307687ef761167a0dd7a1c7a0","7343","2022-10-07T15:00:00.000","RIVERSIDE DR / BURTON DR","SOUTHBOUND","THRU","true","16","20.375","4.787","14.625","33.813","10","7","2022","15","0","5","900"
"94a8fe48c241b0f3f5bd4e02335f19b8","7343","2022-10-07T15:00:00.000","RIVERSIDE DR / BURTON DR","WESTBOUND","LEFT TURN","false","18","16.722","15.544","20.861","34.944","10","7","2022","15","0","5","900"
"56ac292fdf08be81017d04a36825b148","7343","2022-10-07T15:00:00.000","RIVERSIDE DR / BURTON DR","WESTBOUND","LEFT TURN","true","9","12.222","10.22","7.344","7.921","10","7","2022","15","0","5","900"
"b85cc076cdf1128d51a0f6dc6f0a1077","7343","2022-10-07T15:00:00.000","RIVERSIDE DR / BURTON DR","WESTBOUND","RIGHT TURN","false","10","9.2","15.598","3.47","3.258","10","7","2022","15","0","5","900"
"1ad914e0e4adb3fda1c361a13b422a4f","7343","2022-10-07T15:00:00.000","RIVERSIDE DR / BURTON DR","WESTBOUND","RIGHT TURN","true","1","0.0","0.0","4.4","0.0","10","7","2022","15","0","5","900"
"4c1cfc06e537bb65979a0e59844fb0a7","7343","2022-10-07T15:00:00.000","RIVERSIDE DR / BURTON DR","WESTBOUND","THRU","false","199","26.347","17.402","6.949","18.259","10","7","2022","15","0","5","900"
"8d7586ad977500a8a7c28b98a347afef","7343","2022-10-07T15:00:00.000","RIVERSIDE DR / BURTON DR","WESTBOUND","THRU","true","30","35.5","27.892","2.867","3.997","10","7","2022","15","0","5","900"
"5f9427cfe6240bf15d0b3aee976e6f1f","7343","2022-10-07T15:15:00.000","RIVERSIDE DR / BURTON DR","EASTBOUND","LEFT TURN","false","22","11.909","3.006","18.836","25.314","10","7","2022","15","15","5","900"
"dfa91f27efad53849ad97bfcb3d57ad5","7343","2022-10-07T15:15:00.000","RIVERSIDE DR / BURTON DR","EASTBOUND","LEFT TURN","true","2","10.0","1.414","30.85","40.376","10","7","2022","15","15","5","900"
"333dfcd3d77226db49fce6a8c63cda0b","7343","2022-10-07T15:15:00.000","RIVERSIDE DR / BURTON DR","EASTBOUND","RIGHT TURN","true","1","0.0","0.0","9.2","0.0","10","7","2022","15","15","5","900"
"97d5b5d235c950849a76093537501e51","7343","2022-10-07T15:15:00.000","RIVERSIDE DR / BURTON DR","EASTBOUND","THRU","false","9","24.778","8.585","5.411","8.266","10","7","2022","15","15","5","900"
"18dc61b4280a1f2c51d58075eecf4b30","7343","2022-10-07T15:15:00.000","RIVERSIDE DR / BURTON DR","EASTBOUND","THRU","true","187","32.594","10.841","4.428","13.576","10","7","2022","15","15","5","900"
"d09a5cba89a277e55e691f8a1a8da777","7343","2022-10-07T15:15:00.000","RIVERSIDE DR / BURTON DR","EASTBOUND","U-TURN","false","3","9.0","1.0","21.6","17.348","10","7","2022","15","15","5","900"
"4aa32183c0625cf77e7602fed5911fbb","7343","2022-10-07T15:15:00.000","RIVERSIDE DR / BURTON DR","NORTHBOUND","LEFT TURN","false","17","25.588","25.483","8.288","16.34","10","7","2022","15","15","5","900"
"3263de9351bd1ba17aca5bf78a95cdd5","7343","2022-10-07T15:15:00.000","RIVERSIDE DR / BURTON DR","NORTHBOUND","LEFT TURN","true","1","0.0","0.0","46.9","0.0","10","7","2022","15","15","5","900"
"96a8258438eeac157ca8971020f10b3a","7343","2022-10-07T15:15:00.000","RIVERSIDE DR / BURTON DR","NORTHBOUND","RIGHT TURN","false","3","19.333","3.055","13.9","18.884","10","7","2022","15","15","5","900"
"fc86df03da47dc60bf5ba2ae047a4953","7343","2022-10-07T15:15:00.000","RIVERSIDE DR / BURTON DR","NORTHBOUND","RIGHT TURN","true","4","18.5","14.154","9.825","6.749","10","7","2022","15","15","5","900"
"3208fe99cd7dc4f92e3f245662bd066f","7343","2022-10-07T15:15:00.000","RIVERSIDE DR / BURTON DR","NORTHBOUND","THRU","false","24","18.042","11.951","12.292","22.436","10","7","2022","15","15","5","900"
"0d58e81ce70e441a7e95fbdd65bd155e","7343","2022-10-07T15:15:00.000","RIVERSIDE DR / BURTON DR","NORTHBOUND","THRU","true","12","32.833","26.429","9.742","23.98","10","7","2022","15","15","5","900"
"031bde0f9fa09a14a98d4aff14384910","7343","2022-10-07T15:15:00.000","RIVERSIDE DR / BURTON DR","SOUTHBOUND","LEFT TURN","false","1","18.0","0.0","3.8","0.0","10","7","2022","15","15","5","900"
"94772ae331c7310ff4b81d97fe7dac55","7343","2022-10-07T15:15:00.000","RIVERSIDE DR / BURTON DR","SOUTHBOUND","LEFT TURN","true","6","17.667","5.046","34.167","35.304","10","7","2022","15","15","5","900"
"354e460e095e750c535c80dc6116930c","7343","2022-10-07T15:15:00.000","RIVERSIDE DR / BURTON DR","SOUTHBOUND","RIGHT TURN","false","11","11.273","1.902","2.8","1.328","10","7","2022","15","15","5","900"
"efcb19bf9ad9d77053c651446f3cae91","7343","2022-10-07T15:15:00.000","RIVERSIDE DR / BURTON DR","SOUTHBOUND","RIGHT TURN","true","2","9.5","3.536","13.9","16.829","10","7","2022","15","15","5","900"
"89283b14eadddd0806d2d924f6eebc93","7343","2022-10-07T15:15:00.000","RIVERSIDE DR / BURTON DR","SOUTHBOUND","THRU","false","5","17.0","9.67","32.98","48.119","10","7","2022","15","15","5","900"
"4838704a4de681b7c34bae2e1f6d158b","7343","2022-10-07T15:15:00.000","RIVERSIDE DR / BURTON DR","SOUTHBOUND","THRU","true","11","20.455","6.121","13.709","26.69","10","7","2022","15","15","5","900"
"268f05a4360920879696b949b3560a2a","7343","2022-10-07T15:15:00.000","RIVERSIDE DR / BURTON DR","WESTBOUND","LEFT TURN","false","8","8.625","6.457","6.862","11.476","10","7","2022","15","15","5","900"
"689a86f9c9943fef0b935c4f3d13eb09","7343","2022-10-07T15:15:00.000","RIVERSIDE DR / BURTON DR","WESTBOUND","LEFT TURN","true","8","12.75","7.815","16.2","20.44","10","7","2022","15","15","5","900"
"0e5855a804ef4228fe994132f12967dd","7343","2022-10-07T15:15:00.000","RIVERSIDE DR / BURTON DR","WESTBOUND","RIGHT TURN","false","13","5.615","14.466","2.3","1.88","10","7","2022","15","15","5","900"
"22d8ff47b5e2fef40c47fb37d5710319","7343","2022-10-07T15:15:00.000","RIVERSIDE DR / BURTON DR","WESTBOUND","THRU","false","187","27.551","20.001","9.38","22.272","10","7","2022","15","15","5","900"
"fad4d40542e5a97cadd53b17ad7bbc2b","7343","2022-10-07T15:15:00.000","RIVERSIDE DR / BURTON DR","WESTBOUND","THRU","true","40","28.075","20.417","7.51","20.193","10","7","2022","15","15","5","900"
"302940a0c32701f5994fc49cc6f8d75a","7343","2022-10-07T15:30:00.000","RIVERSIDE DR / BURTON DR","EASTBOUND","LEFT TURN","false","21","12.476","2.159","20.905","36.327","10","7","2022","15","30","5","900"
"4f7f05424d7877ae1f99ddcc12de5327","7343","2022-10-07T15:30:00.000","RIVERSIDE DR / BURTON DR","EASTBOUND","LEFT TURN","true","6","10.667","2.733","27.333","39.768","10","7","2022","15","30","5","900"
"cc919840614edd1d90886799e330f1cb","7343","2022-10-07T15:30:00.000","RIVERSIDE DR / BURTON DR","EASTBOUND","THRU","false","2","33.0","14.142","1.85","0.778","10","7","2022","15","30","5","900"
"3b60db9dadcc79b21b167f2dd1ef2c67","7343","2022-10-07T15:30:00.000","RIVERSIDE DR / BURTON DR","EASTBOUND","THRU","true","216","33.046","11.222","3.535","11.383","10","7","2022","15","30","5","900"
"74b0b6e9f7e0af4e22bd173b16a796b4","7343","2022-10-07T15:30:00.000","RIVERSIDE DR / BURTON DR","NORTHBOUND","LEFT TURN","false","15","19.8","14.905","11.0","21.641","10","7","2022","15","30","5","900"
"62065530bd7fb2185b566c6b987e1883","7343","2022-10-07T15:30:00.000","RIVERSIDE DR / BURTON DR","NORTHBOUND","LEFT TURN","true","2","16.5","23.335","0.3","0.141","10","7","2022","15","30","5","900"
"54cc504af7ce464d6c6337bc2fc45547","7343","2022-10-07T15:30:00.000","RIVERSIDE DR / BURTON DR","NORTHBOUND","RIGHT TURN","false","4","27.25","19.738","3.475","6.028","10","7","2022","15","30","5","900"
"14272b554784f7b7532a581d9568d256","7343","2022-10-07T15:30:00.000","RIVERSIDE DR / BURTON DR","NORTHBOUND","RIGHT TURN","true","4","16.0","13.292","1.825","2.128","10","7","2022","15","30","5","900"
"4533782bd5e634dbac7d44fd877bf2aa","7343","2022-10-07T15:30:00.000","RIVERSIDE DR / BURTON DR","NORTHBOUND","THRU","false","13","27.231","30.444","17.246","32.9","10","7","2022","15","30","5","900"
"944dba53e2385e6378e57a561b56e366","7343","2022-10-07T15:30:00.000","RIVERSIDE DR / BURTON DR","NORTHBOUND","THRU","true","22","28.227","21.739","1.391","2.22","10","7","2022","15","30","5","900"
"fb5646338c5a3577fef78a25be30da34","7343","2022-10-07T15:30:00.000","RIVERSIDE DR / BURTON DR","SOUTHBOUND","LEFT TURN","false","1","8.0","0.0","17.3","0.0","10","7","2022","15","30","5","900"
"6e73abe7e51f88e2f7dc697daa1e7aeb","7343","2022-10-07T15:30:00.000","RIVERSIDE DR / BURTON DR","SOUTHBOUND","LEFT TURN","true","12","18.5","5.916","29.333","40.343","10","7","2022","15","30","5","900"
"9167827ae7d10f9941934552c1356b54","7343","2022-10-07T15:30:00.000","RIVERSIDE DR / BURTON DR","SOUTHBOUND","RIGHT TURN","false","14","10.5","2.624","10.614","17.181","10","7","2022","15","30","5","900"
"f70ff795fb6626045ac1024bb0ea4c36","7343","2022-10-07T15:30:00.000","RIVERSIDE DR / BURTON DR","SOUTHBOUND","RIGHT TURN","true","7","11.0","2.582","17.814","22.065","10","7","2022","15","30","5","900"
"ffa174fa20f43b43edf5e7e844676afe","7343","2022-10-07T15:30:00.000","RIVERSIDE DR / BURTON DR","SOUTHBOUND","THRU","false","7","12.429","5.127","23.057","35.837","10","7","2022","15","30","5","900"
"ba42a809956e81c379862e7e81de56d0","7343","2022-10-07T15:30:00.000","RIVERSIDE DR / BURTON DR","SOUTHBOUND","THRU","true","10","18.0","4.853","26.34","39.549","10","7","2022","15","30","5","900"
"f93a8c4b8d11edabbc4f13ad39d5b7f2","7343","2022-10-07T15:30:00.000","RIVERSIDE DR / BURTON DR","WESTBOUND","LEFT TURN","false","8","10.75","4.166","3.275","3.607","10","7","2022","15","30","5","900"
"b6c725642f2501fccc00afe627100cc7","7343","2022-10-07T15:30:00.000","RIVERSIDE DR / BURTON DR","WESTBOUND","LEFT TURN","true","13","11.462","9.854","7.438","13.718","10","7","2022","15","30","5","900"
"51b484e1bc1275e3ccc27211089b702e","7343","2022-10-07T15:30:00.000","RIVERSIDE DR / BURTON DR","WESTBOUND","RIGHT TURN","false","13","6.0","16.248","4.515","3.668","10","7","2022","15","30","5","900"
"6e7a25e71e6dc1725d654a55d2811df5","7343","2022-10-07T15:30:00.000","RIVERSIDE DR / BURTON DR","WESTBOUND","RIGHT TURN","true","2","3.5","4.95","4.8","0.849","10","7","2022","15","30","5","900"
"230bc6c3a114bfc269305d73346f4b1d","7343","2022-10-07T15:30:00.000","RIVERSIDE DR / BURTON DR","WESTBOUND","THRU","false","201","27.716","19.576","8.128","20.212","10","7","2022","15","30","5","900"
"ea77bc6a5c001bdc8b1392a17cbf267d","7343","2022-10-07T15:30:00.000","RIVERSIDE DR / BURTON DR","WESTBOUND","THRU","true","46","30.109","23.649","9.772","23.454","10","7","2022","15","30","5","900"
"58d056b8c4562c9a8ab4bac2d42ba391","7343","2022-10-07T15:45:00.000","RIVERSIDE DR / BURTON DR","EASTBOUND","LEFT TURN","false","22","12.773","3.176","28.714","46.873","10","7","2022","15","45","5","900"
"4e4e3126809657ff0637c579abcd4777","7343","2022-10-07T15:45:00.000","RIVERSIDE DR / BURTON DR","EASTBOUND","LEFT TURN","true","3","12.0","1.0","13.433","19.208","10","7","2022","15","45","5","900"
"4475565a98f26a2651c762e660bc019c","7343","2022-10-07T15:45:00.000","RIVERSIDE DR / BURTON DR","EASTBOUND","THRU","false","7","38.0","13.515","10.571","24.711","10","7","2022","15","45","5","900"
"d9a1b499f1dfb48b5fe0c1bc23b2bd2c","7343","2022-10-07T15:45:00.000","RIVERSIDE DR / BURTON DR","EASTBOUND","THRU","true","270","30.278","10.198","4.949","14.067","10","7","2022","15","45","5","900"
"a16a0bba17e4484cfb59a3cc352fc486","7343","2022-10-07T15:45:00.000","RIVERSIDE DR / BURTON DR","NORTHBOUND","LEFT TURN","false","22","17.773","13.284","23.232","43.584","10","7","2022","15","45","5","900"
"d50711921180174ad322ba2c720491a8","7343","2022-10-07T15:45:00.000","RIVERSIDE DR / BURTON DR","NORTHBOUND","LEFT TURN","true","7","15.857","10.915","27.629","42.708","10","7","2022","15","45","5","900"
"bdd0d00722fc10985b09affefcf22eca","7343","2022-10-07T15:45:00.000","RIVERSIDE DR / BURTON DR","NORTHBOUND","RIGHT TURN","false","1","78.0","0.0","0.6","0.0","10","7","2022","15","45","5","900"
"03c23fd00cbe00ba18c81c2ad4b72a8b","7343","2022-10-07T15:45:00.000","RIVERSIDE DR / BURTON DR","NORTHBOUND","RIGHT TURN","true","3","12.667","6.658","13.2","21.832","10","7","2022","15","45","5","900"
"d53e2275c1408ecf953dc1114c9d55d2","7343","2022-10-07T15:45:00.000","RIVERSIDE DR / BURTON DR","NORTHBOUND","THRU","false","18","25.944","19.684","3.667","7.236","10","7","2022","15","45","5","900"
"3a217ae9876bb14e13d5aeb4a203959b","7343","2022-10-07T15:45:00.000","RIVERSIDE DR / BURTON DR","NORTHBOUND","THRU","true","16","20.625","11.454","5.937","17.553","10","7","2022","15","45","5","900"
"6e10c6d03d6ede77db17959b1d5664c1","7343","2022-10-07T15:45:00.000","RIVERSIDE DR / BURTON DR","SOUTHBOUND","LEFT TURN","false","5","18.0","8.718","51.58","49.282","10","7","2022","15","45","5","900"
"b938be5780b47e0f91668f8704a36a70","7343","2022-10-07T15:45:00.000","RIVERSIDE DR / BURTON DR","SOUTHBOUND","LEFT TURN","true","13","15.846","2.968","42.477","35.197","10","7","2022","15","45","5","900"
"c12927214a4e512f2755b3ee4f4a4006","7343","2022-10-07T15:45:00.000","RIVERSIDE DR / BURTON DR","SOUTHBOUND","RIGHT TURN","false","11","12.364","6.005","13.073","24.49","10","7","2022","15","45","5","900"
"208b926fe916c5bdba1fa725368b12b4","7343","2022-10-07T15:45:00.000","RIVERSIDE DR / BURTON DR","SOUTHBOUND","RIGHT TURN","true","1","10.0","0.0","16.8","0.0","10","7","2022","15","45","5","900"
"61aef9470e4fcba9a1f97d0d1685a32d","7343","2022-10-07T15:45:00.000","RIVERSIDE DR / BURTON DR","SOUTHBOUND","THRU","false","6","18.0","7.294","44.617","46.842","10","7","2022","15","45","5","900"
"71654c2fbc5aeffdf96153b231ec9a34","7343","2022-10-07T15:45:00.000","RIVERSIDE DR / BURTON DR","SOUTHBOUND","THRU","true","14","18.714","7.032","4.379","8.426","10","7","2022","15","45","5","900"
"1d36f6b2b4d7347b9c0f72833bff49da","7343","2022-10-07T15:45:00.000","RIVERSIDE DR / BURTON DR","WESTBOUND","LEFT TURN","false","9","8.111","6.092","24.722","48.763","10","7","2022","15","45","5","900"
"e9781e944c118ab998e8a638abd68f16","7343","2022-10-07T15:45:00.000","RIVERSIDE DR / BURTON DR","WESTBOUND","LEFT TURN","true","13","16.0","8.103","16.908","32.416","10","7","2022","15","45","5","900"
"e83981374434c309d0ee985de8b7ecb1","7343","2022-10-07T15:45:00.000","RIVERSIDE DR / BURTON DR","WESTBOUND","RIGHT TURN","false","10","3.3","6.093","4.1","3.458","10","7","2022","15","45","5","900"
"70f7b63f4113907a68ae46bc3c2af535","7343","2022-10-07T15:45:00.000","RIVERSIDE DR / BURTON DR","WESTBOUND","RIGHT TURN","true","1","0.0","0.0","5.6","0.0","10","7","2022","15","45","5","900"
"d28632a067e9560091430d785a8b1141","7343","2022-10-07T15:45:00.000","RIVERSIDE DR / BURTON DR","WESTBOUND","THRU","false","187","26.866","18.453","8.052","20.752","10","7","2022","15","45","5","900"
"690981af093c6b90c3040d56f5760e45","7343","2022-10-07T15:45:00.000","RIVERSIDE DR / BURTON DR","WESTBOUND","THRU","true","44","28.886","23.297","4.664","14.987","10","7","2022","15","45","5","900"
"a4a3d93a573557c438ab30dec2756b58","7343","2022-10-07T16:00:00.000","RIVERSIDE DR / BURTON DR","EASTBOUND","LEFT TURN","false","26","13.308","3.172","25.154","36.478","10","7","2022","16","0","5","900"
"00519475ff5b625152f8014fcfe1bcd3","7343","2022-10-07T16:00:00.000","RIVERSIDE DR / BURTON DR","EASTBOUND","LEFT TURN","true","8","12.625","2.825","9.1","11.039","10","7","2022","16","0","5","900"
"a2fe11439374d5142827bcf4e295de12","7343","2022-10-07T16:00:00.000","RIVERSIDE DR / BURTON DR","EASTBOUND","THRU","false","5","25.2","6.834","2.14","2.006","10","7","2022","16","0","5","900"
"8935fde012e8e7c4d86bd590273a12ac","7343","2022-10-07T16:00:00.000","RIVERSIDE DR / BURTON DR","EASTBOUND","THRU","true","260","30.377","8.911","4.62","13.754","10","7","2022","16","0","5","900"
"b582a4e34638cd044e3ee3e90c177087","7343","2022-10-07T16:00:00.000","RIVERSIDE DR / BURTON DR","NORTHBOUND","LEFT TURN","false","22","18.455","15.984","19.664","34.309","10","7","2022","16","0","5","900"
"f0ef8aaf615a21f72dad2c408bfe01c4","7343","2022-10-07T16:00:00.000","RIVERSIDE DR / BURTON DR","NORTHBOUND","LEFT TURN","true","4","31.5","24.118","37.4","42.351","10","7","2022","16","0","5","900"
"241fb607c3f903c397e7eaa4601ffeb0","7343","2022-10-07T16:00:00.000","RIVERSIDE DR / BURTON DR","NORTHBOUND","RIGHT TURN","false","5","18.2","4.266","0.9","1.459","10","7","2022","16","0","5","900"
"83aa5f3f05c19f224083b47ba208bbb7","7343","2022-10-07T16:00:00.000","RIVERSIDE DR / BURTON DR","NORTHBOUND","RIGHT TURN","true","3","45.0","33.451","15.2","25.808","10","7","2022","16","0","5","900"
"3ce9e5a587853c8bb20d71b01b376697","7343","2022-10-07T16:00:00.000","RIVERSIDE DR / BURTON DR","NORTHBOUND","THRU","false","25","20.8","16.563","14.192","30.524","10","7","2022","16","0","5","900"
"c74927b316ac125cdc685a8d92c94d1b","7343","2022-10-07T16:00:00.000","RIVERSIDE DR / BURTON DR","NORTHBOUND","THRU","true","16","29.0","22.675","1.338","2.1","10","7","2022","16","0","5","900"
"aac86bfa9d88f49b35a79da0a59ca304","7343","2022-10-07T16:00:00.000","RIVERSIDE DR / BURTON DR","SOUTHBOUND","LEFT TURN","true","14","15.429","2.503","20.086","32.553","10","7","2022","16","0","5","900"
"fed3178b277f16eab252f60bae60acaf","7343","2022-10-07T16:00:00.000","RIVERSIDE DR / BURTON DR","SOUTHBOUND","RIGHT TURN","false","19","10.842","2.316","16.195","35.56","10","7","2022","16","0","5","900"
"9616922d2a7814af561b9c28a2addb5c","7343","2022-10-07T16:00:00.000","RIVERSIDE DR / BURTON DR","SOUTHBOUND","RIGHT TURN","true","2","8.5","0.707","4.2","0.0","10","7","2022","16","0","5","900"
"a696386f67254ef15aa3d56fa8feede5","7343","2022-10-07T16:00:00.000","RIVERSIDE DR / BURTON DR","SOUTHBOUND","THRU","false","9","15.889","9.239","3.056","3.836","10","7","2022","16","0","5","900"
"0f4eb56f1bb455b9cd2d64528fe3bb2e","7343","2022-10-07T16:00:00.000","RIVERSIDE DR / BURTON DR","SOUTHBOUND","THRU","true","22","16.591","5.351","17.077","37.41","10","7","2022","16","0","5","900"
"cb9136af15af674cfeeb7262a511ce61","7343","2022-10-07T16:00:00.000","RIVERSIDE DR / BURTON DR","WESTBOUND","LEFT TURN","false","14","9.643","5.839","18.186","38.442","10","7","2022","16","0","5","900"
"443a9430f402d7da2e3853b3ee23b565","7343","2022-10-07T16:00:00.000","RIVERSIDE DR / BURTON DR","WESTBOUND","LEFT TURN","true","6","12.5","5.648","28.567","51.812","10","7","2022","16","0","5","900"
"fbefe27847c65d15125a654c3ec93866","7343","2022-10-07T16:00:00.000","RIVERSIDE DR / BURTON DR","WESTBOUND","RIGHT TURN","false","13","2.462","5.71","6.169","8.172","10","7","2022","16","0","5","900"
"2e06f07bfd48ccf16e30c00397b91485","7343","2022-10-07T16:00:00.000","RIVERSIDE DR / BURTON DR","WESTBOUND","RIGHT TURN","true","1","14.0","0.0","19.1","0.0","10","7","2022","16","0","5","900"
"82edabc745695842a4a949b8ae47828b","7343","2022-10-07T16:00:00.000","RIVERSIDE DR / BURTON DR","WESTBOUND","THRU","false","203","30.36","20.071","7.871","19.513","10","7","2022","16","0","5","900"
"26950103f0f69b04bb39551136e83b80","7343","2022-10-07T16:00:00.000","RIVERSIDE DR / BURTON DR","WESTBOUND","THRU","true","42","21.595","14.559","6.607","18.065","10","7","2022","16","0","5","900"
"62955019b3a620c3307428063a34918a","7343","2022-10-07T16:00:00.000","RIVERSIDE DR / BURTON DR","WESTBOUND","U-TURN","false","1","22.0","0.0","7.2","0.0","10","7","2022","16","0","5","900"
"898d6bce75c1b76d609fcc6b79a68ba1","7343","2022-10-07T16:15:00.000","RIVERSIDE DR / BURTON DR","EASTBOUND","LEFT TURN","false","31","13.484","3.395","14.832","25.789","10","7","2022","16","15","5","900"
"14a254deb4fe8e353b654f54b3c86a06","7343","2022-10-07T16:15:00.000","RIVERSIDE DR / BURTON DR","EASTBOUND","LEFT TURN","true","4","14.5","3.109","15.225","24.323","10","7","2022","16","15","5","900"
"620ed88289c7445e9d777d60ddabbd2d","7343","2022-10-07T16:15:00.000","RIVERSIDE DR / BURTON DR","EASTBOUND","THRU","false","3","25.0","11.358","1.1","0.9","10","7","2022","16","15","5","900"
"6816f95cf89c8669c3d2d873718dc870","7343","2022-10-07T16:15:00.000","RIVERSIDE DR / BURTON DR","EASTBOUND","THRU","true","240","30.562","10.334","4.258","13.459","10","7","2022","16","15","5","900"
"b7006a4eb84351860af12d2144119c2b","7343","2022-10-07T16:15:00.000","RIVERSIDE DR / BURTON DR","NORTHBOUND","LEFT TURN","false","25","23.28","32.319","13.388","26.978","10","7","2022","16","15","5","900"
"d5b8d6bf18abc058f91524a37bdc0ce9","7343","2022-10-07T16:15:00.000","RIVERSIDE DR / BURTON DR","NORTHBOUND","LEFT TURN","true","3","32.667","53.154","28.5","45.91","10","7","2022","16","15","5","900"
"294dade57f9a9ff992f64eb83f69fa2e","7343","2022-10-07T16:15:00.000","RIVERSIDE DR / BURTON DR","NORTHBOUND","RIGHT TURN","false","6","13.5","8.826","2.083","2.041","10","7","2022","16","15","5","900"
"d79697b9ede1c190aa681c03468429c6","7343","2022-10-07T16:15:00.000","RIVERSIDE DR / BURTON DR","NORTHBOUND","RIGHT TURN","true","3","19.667","4.619","14.733","23.125","10","7","2022","16","15","5","900"
"40265fb92ac618f4a87e40e8934579cb","7343","2022-10-07T16:15:00.000","RIVERSIDE DR / BURTON DR","NORTHBOUND","THRU","false","16","22.438","25.571","1.388","1.857","10","7","2022","16","15","5","900"
"483c8560b8bb456921f5f2cf17263058","7343","2022-10-07T16:15:00.000","RIVERSIDE DR / BURTON DR","NORTHBOUND","THRU","true","15","22.0","20.396","2.28","3.275","10","7","2022","16","15","5","900"
"128df4a054f3cebb875175ba3b2ef2e6","7343","2022-10-07T16:15:00.000","RIVERSIDE DR / BURTON DR","NORTHBOUND","U-TURN","true","1","17.0","0.0","13.1","0.0","10","7","2022","16","15","5","900"
"8bdbdaa25905a97372e3956cd273642e","7343","2022-10-07T16:15:00.000","RIVERSIDE DR / BURTON DR","SOUTHBOUND","LEFT TURN","true","11","22.545","10.727","18.455","29.114","10","7","2022","16","15","5","900"
"2ea97d5d3366976e41b4d331628b31c1","7343","2022-10-07T16:15:00.000","RIVERSIDE DR / BURTON DR","SOUTHBOUND","RIGHT TURN","false","21","9.333","2.436","10.9","18.631","10","7","2022","16","15","5","900"
"336caf81ed9fc92eef409a7d35b47839","7343","2022-10-07T16:15:00.000","RIVERSIDE DR / BURTON DR","SOUTHBOUND","THRU","false","3","12.0","2.0","46.8","35.535","10","7","2022","16","15","5","900"
"b2b1df6f0b9b7ca8c22897ba888a59c2","7343","2022-10-07T16:15:00.000","RIVERSIDE DR / BURTON DR","SOUTHBOUND","THRU","true","18","19.389","7.838","8.067","19.014","10","7","2022","16","15","5","900"
"881b9cb7711317591e4e0319471c083b","7343","2022-10-07T16:15:00.000","RIVERSIDE DR / BURTON DR","WESTBOUND","LEFT TURN","false","10","10.8","6.563","11.74","20.126","10","7","2022","16","15","5","900"
"25fed10aea2daa2f24f1791d7c9a5448","7343","2022-10-07T16:15:00.000","RIVERSIDE DR / BURTON DR","WESTBOUND","LEFT TURN","true","15","11.467","7.425","31.6","42.112","10","7","2022","16","15","5","900"
"5697c7dfe6c380e019572f0708a069d1","7343","2022-10-07T16:15:00.000","RIVERSIDE DR / BURTON DR","WESTBOUND","RIGHT TURN","false","12","9.417","19.463","3.225","2.234","10","7","2022","16","15","5","900"
"fc6b37193cfd7c0ffe1e67f27184f2e5","7343","2022-10-07T16:15:00.000","RIVERSIDE DR / BURTON DR","WESTBOUND","THRU","false","173","30.694","18.081","7.963","19.891","10","7","2022","16","15","5","900"
"013cca2cee4df1cea391dfd255ab7d74","7343","2022-10-07T16:15:00.000","RIVERSIDE DR / BURTON DR","WESTBOUND","THRU","true","36","24.944","15.932","5.564","14.535","10","7","2022","16","15","5","900"
"c8c60bd42ac59660f52916368f57ff86","7343","2022-10-07T16:30:00.000","RIVERSIDE DR / BURTON DR","EASTBOUND","LEFT TURN","false","20","12.55","3.663","21.305","31.641","10","7","2022","16","30","5","900"
"528bfeb6375f4ef0cef99f753b2b3c1b","7343","2022-10-07T16:30:00.000","RIVERSIDE DR / BURTON DR","EASTBOUND","LEFT TURN","true","2","10.0","2.828","3.9","0.566","10","7","2022","16","30","5","900"
"d3cc4c0d372d4d87751b7e0b594245f2","7343","2022-10-07T16:30:00.000","RIVERSIDE DR / BURTON DR","EASTBOUND","THRU","false","4","37.25","10.905","1.75","0.968","10","7","2022","16","30","5","900"
"1a8df065ff01c89fd9a43c2d414ee049","7343","2022-10-07T16:30:00.000","RIVERSIDE DR / BURTON DR","EASTBOUND","THRU","true","242","31.087","10.15","4.846","14.002","10","7","2022","16","30","5","900"
"9b647a1b37a0d7e902f0183cea8e6eae","7343","2022-10-07T16:30:00.000","RIVERSIDE DR / BURTON DR","EASTBOUND","U-TURN","false","5","8.8","2.168","3.5","0.678","10","7","2022","16","30","5","900"
"d2914f5236d78cd6bdd8d5002b730c30","7343","2022-10-07T16:30:00.000","RIVERSIDE DR / BURTON DR","NORTHBOUND","LEFT TURN","false","15","13.133","17.336","33.94","47.491","10","7","2022","16","30","5","900"
"8d75e9be8cf3fcb8044a8a21a557b73b","7343","2022-10-07T16:30:00.000","RIVERSIDE DR / BURTON DR","NORTHBOUND","LEFT TURN","true","2","1.5","2.121","75.15","100.48","10","7","2022","16","30","5","900"
"74b79b1a6e8a65c150eec34af16bb060","7343","2022-10-07T16:30:00.000","RIVERSIDE DR / BURTON DR","NORTHBOUND","RIGHT TURN","false","2","43.5","27.577","2.05","1.202","10","7","2022","16","30","5","900"
"9e2fde3952f2282c93b1d07adfc33445","7343","2022-10-07T16:30:00.000","RIVERSIDE DR / BURTON DR","NORTHBOUND","RIGHT TURN","true","6","18.333","7.815","39.3","87.322","10","7","2022","16","30","5","900"
"6a05e54a4698f0c76131ecc5a8ced702","7343","2022-10-07T16:30:00.000","RIVERSIDE DR / BURTON DR","NORTHBOUND","THRU","false","14","28.643","34.148","1.464","3.669","10","7","2022","16","30","5","900"
"74ea73801481c13cfcaa8e85468724d0","7343","2022-10-07T16:30:00.000","RIVERSIDE DR / BURTON DR","NORTHBOUND","THRU","true","14","23.714","16.763","10.693","34.016","10","7","2022","16","30","5","900"
"3fead890bbf64e4f0825b3e8f2767724","7343","2022-10-07T16:30:00.000","RIVERSIDE DR / BURTON DR","SOUTHBOUND","LEFT TURN","false","3","12.333","7.234","21.933","33.752","10","7","2022","16","30","5","900"
"6792a3adae8dfc9c77c8f1ac96ce87db","7343","2022-10-07T16:30:00.000","RIVERSIDE DR / BURTON DR","SOUTHBOUND","LEFT TURN","true","18","16.944","4.425","27.644","31.102","10","7","2022","16","30","5","900"
"90337f9a4f0b09caa329fddafa7017b7","7343","2022-10-07T16:30:00.000","RIVERSIDE DR / BURTON DR","SOUTHBOUND","RIGHT TURN","false","22","9.818","2.63","13.986","24.487","10","7","2022","16","30","5","900"
"64d670833ecb8e8f9edfacc621aba328","7343","2022-10-07T16:30:00.000","RIVERSIDE DR / BURTON DR","SOUTHBOUND","RIGHT TURN","true","2","10.0","0.0","47.45","61.589","10","7","2022","16","30","5","900"
"eddbd46b9e4edb1b44955ac0ba0d1cb5","7343","2022-10-07T16:30:00.000","RIVERSIDE DR / BURTON DR","SOUTHBOUND","THRU","false","9","11.889","4.512","26.256","25.769","10","7","2022","16","30","5","900"
"7cc7e4a319e696e6f96b74bd3b741fdd","7343","2022-10-07T16:30:00.000","RIVERSIDE DR / BURTON DR","SOUTHBOUND","THRU","true","17","20.235","8.548","19.594","33.508","10","7","2022","16","30","5","900"
"300fbbaa83f8838cd4a806ddd69e1bd6","7343","2022-10-07T16:30:00.000","RIVERSIDE DR / BURTON DR","WESTBOUND","LEFT TURN","false","9","15.222","5.54","22.789","37.198","10","7","2022","16","30","5","900"
"24611c8ec33e49cd25ac7df6df364119","7343","2022-10-07T16:30:00.000","RIVERSIDE DR / BURTON DR","WESTBOUND","LEFT TURN","true","15","15.2","9.901","8.5","18.597","10","7","2022","16","30","5","900"
"37ffd346bb98029e2986b98c3fb01bb0","7343","2022-10-07T16:30:00.000","RIVERSIDE DR / BURTON DR","WESTBOUND","RIGHT TURN","false","12","1.667","3.172","8.85","15.753","10","7","2022","16","30","5","900"
"73a09361d9ddf068b043f28a335b6708","7343","2022-10-07T16:30:00.000","RIVERSIDE DR / BURTON DR","WESTBOUND","THRU","false","188","30.037","17.4","6.673","17.824","10","7","2022","16","30","5","900"
"a5857f1c85bb0caf846dcf412ed10305","7343","2022-10-07T16:30:00.000","RIVERSIDE DR / BURTON DR","WESTBOUND","THRU","true","46","33.783","22.234","5.365","16.63","10","7","2022","16","30","5","900"
"f584a3867e82dbba2fc27c86d57a90bf","7343","2022-10-07T16:45:00.000","RIVERSIDE DR / BURTON DR","EASTBOUND","LEFT TURN","false","26","13.5","4.072","14.723","34.143","10","7","2022","16","45","5","900"
"acc1d4c0ea5cfc0640ec1fa12bcc5732","7343","2022-10-07T16:45:00.000","RIVERSIDE DR / BURTON DR","EASTBOUND","LEFT TURN","true","3","14.667","5.859","1.633","1.415","10","7","2022","16","45","5","900"
"af5fa7c79ba47a444f66169ce021005f","7343","2022-10-07T16:45:00.000","RIVERSIDE DR / BURTON DR","EASTBOUND","THRU","false","13","31.154","11.739","0.923","0.952","10","7","2022","16","45","5","900"
"42af9f21844bca47ab7f77a616506974","7343","2022-10-07T16:45:00.000","RIVERSIDE DR / BURTON DR","EASTBOUND","THRU","true","266","30.669","11.425","4.368","12.747","10","7","2022","16","45","5","900"
"42fbaf29257760efaa7630843e18dff7","7343","2022-10-07T16:45:00.000","RIVERSIDE DR / BURTON DR","EASTBOUND","U-TURN","false","1","7.0","0.0","42.6","0.0","10","7","2022","16","45","5","900"
"7bc4c00f1cbd1d5249924eca84026214","7343","2022-10-07T16:45:00.000","RIVERSIDE DR / BURTON DR","EASTBOUND","U-TURN","true","1","9.0","0.0","2.9","0.0","10","7","2022","16","45","5","900"
"35b6e44dd4d41d9cba1c02615a7b28d5","7343","2022-10-07T16:45:00.000","RIVERSIDE DR / BURTON DR","NORTHBOUND","LEFT TURN","false","20","19.3","15.604","34.415","48.404","10","7","2022","16","45","5","900"
"8b24bb267fc1bcaa25751266cbbec364","7343","2022-10-07T16:45:00.000","RIVERSIDE DR / BURTON DR","NORTHBOUND","LEFT TURN","true","3","17.0","14.799","73.133","69.657","10","7","2022","16","45","5","900"
"b2681d43abf6e93f35c9487f9873c824","7343","2022-10-07T16:45:00.000","RIVERSIDE DR / BURTON DR","NORTHBOUND","RIGHT TURN","false","3","23.333","16.442","14.433","20.786","10","7","2022","16","45","5","900"
"bd232b3f69a21b9b720c451ff38b72f1","7343","2022-10-07T16:45:00.000","RIVERSIDE DR / BURTON DR","NORTHBOUND","RIGHT TURN","true","4","28.0","16.852","4.4","4.815","10","7","2022","16","45","5","900"
"7de07ed089d4b401049e85f4ed45c560","7343","2022-10-07T16:45:00.000","RIVERSIDE DR / BURTON DR","NORTHBOUND","THRU","false","21","20.19","17.56","8.914","22.145","10","7","2022","16","45","5","900"
"65d7b0874bf489503019ab326b9cc551","7343","2022-10-07T16:45:00.000","RIVERSIDE DR / BURTON DR","NORTHBOUND","THRU","true","23","25.739","17.504","3.148","6.561","10","7","2022","16","45","5","900"
"cb13f0d266f08f25243f4c944ea80c1c","7343","2022-10-07T16:45:00.000","RIVERSIDE DR / BURTON DR","SOUTHBOUND","LEFT TURN","false","1","9.0","0.0","4.1","0.0","10","7","2022","16","45","5","900"
"497fb68cec0c21dc26dd13a7634f95b1","7343","2022-10-07T16:45:00.000","RIVERSIDE DR / BURTON DR","SOUTHBOUND","LEFT TURN","true","19","16.632","5.688","28.495","30.879","10","7","2022","16","45","5","900"
"a2b53eeda7835aec20cd62951bd6610e","7343","2022-10-07T16:45:00.000","RIVERSIDE DR / BURTON DR","SOUTHBOUND","RIGHT TURN","false","23","9.696","2.42","17.722","33.23","10","7","2022","16","45","5","900"
"c49f16059334421a80c5ced13cb4fb85","7343","2022-10-07T16:45:00.000","RIVERSIDE DR / BURTON DR","SOUTHBOUND","RIGHT TURN","true","4","7.25","3.862","8.275","6.89","10","7","2022","16","45","5","900"
"761a731c656bafca49561c61101488b4","7343","2022-10-07T16:45:00.000","RIVERSIDE DR / BURTON DR","SOUTHBOUND","THRU","false","13","16.154","5.52","41.877","48.826","10","7","2022","16","45","5","900"
"ac083c4f9adb7ba573f556958099ba3a","7343","2022-10-07T16:45:00.000","RIVERSIDE DR / BURTON DR","SOUTHBOUND","THRU","true","17","17.765","4.562","12.882","26.812","10","7","2022","16","45","5","900"
"d97293855b936df8334b2dc37e0fa5f6","7343","2022-10-07T16:45:00.000","RIVERSIDE DR / BURTON DR","WESTBOUND","LEFT TURN","false","12","15.0","6.509","22.592","49.395","10","7","2022","16","45","5","900"
"e3dc59ef1ad79fc3a81dda1477e58147","7343","2022-10-07T16:45:00.000","RIVERSIDE DR / BURTON DR","WESTBOUND","LEFT TURN","true","20","14.0","15.18","9.825","19.907","10","7","2022","16","45","5","900"
"e368b1b917b1927d145f3fb865196098","7343","2022-10-07T16:45:00.000","RIVERSIDE DR / BURTON DR","WESTBOUND","RIGHT TURN","false","6","15.167","26.08","2.283","2.154","10","7","2022","16","45","5","900"
"bd8688711ae64377de3951ae104c3668","7343","2022-10-07T16:45:00.000","RIVERSIDE DR / BURTON DR","WESTBOUND","THRU","false","192","29.13","19.733","7.018","18.091","10","7","2022","16","45","5","900"
"e3e7fd390c27afbb7257d7a2c0d855f6","7343","2022-10-07T16:45:00.000","RIVERSIDE DR / BURTON DR","WESTBOUND","THRU","true","31","23.871","16.429","1.89","1.594","10","7","2022","16","45","5","900"
"da5545393bfd9cd6fc2e5ac021da9a41","7343","2022-10-07T16:45:00.000","RIVERSIDE DR / BURTON DR","WESTBOUND","U-TURN","true","1","10.0","0.0","6.2","0.0","10","7","2022","16","45","5","900"
"5f78aa86eb997c358587cb84f9ca75b3","7343","2022-10-07T17:00:00.000","RIVERSIDE DR / BURTON DR","EASTBOUND","LEFT TURN","false","24","14.292","3.071","15.296","32.059","10","7","2022","17","0","5","900"
"90be1645750df6e4a78670ef45a7a46d","7343","2022-10-07T17:00:00.000","RIVERSIDE DR / BURTON DR","EASTBOUND","LEFT TURN","true","5","11.8","1.483","11.68","20.048","10","7","2022","17","0","5","900"
"d899acaa68af3abcef37b9dcbd6dd552","7343","2022-10-07T17:00:00.000","RIVERSIDE DR / BURTON DR","EASTBOUND","THRU","false","3","30.0","18.193","1.933","1.955","10","7","2022","17","0","5","900"
"6fec7ea14cf13e1134e0ee20ab9f3d14","7343","2022-10-07T17:00:00.000","RIVERSIDE DR / BURTON DR","EASTBOUND","THRU","true","237","31.62","10.614","4.508","14.516","10","7","2022","17","0","5","900"
"d4d9e3df6f4d768bf0657ba8da7d5096","7343","2022-10-07T17:00:00.000","RIVERSIDE DR / BURTON DR","EASTBOUND","U-TURN","false","3","10.333","2.517","18.033","24.567","10","7","2022","17","0","5","900"
"df597b0f29d624b4b3f2ba858fec1803","7343","2022-10-07T17:00:00.000","RIVERSIDE DR / BURTON DR","NORTHBOUND","LEFT TURN","false","14","18.786","20.005","19.057","31.885","10","7","2022","17","0","5","900"
"45e8e8e77647b6c86ff8f1a05c5c06ad","7343","2022-10-07T17:00:00.000","RIVERSIDE DR / BURTON DR","NORTHBOUND","LEFT TURN","true","1","36.0","0.0","0.4","0.0","10","7","2022","17","0","5","900"
"2eb83c73b872902426a6e345e7f41f2f","7343","2022-10-07T17:00:00.000","RIVERSIDE DR / BURTON DR","NORTHBOUND","RIGHT TURN","false","5","21.4","5.177","1.38","2.164","10","7","2022","17","0","5","900"
"09cf4f9e89ddc7f6dd2847417d208d83","7343","2022-10-07T17:00:00.000","RIVERSIDE DR / BURTON DR","NORTHBOUND","RIGHT TURN","true","4","22.25","10.813","27.875","52.426","10","7","2022","17","0","5","900"
"8d6c2e0a1327f34817b690948e578bfd","7343","2022-10-07T17:00:00.000","RIVERSIDE DR / BURTON DR","NORTHBOUND","THRU","false","20","27.55","17.849","1.485","1.729","10","7","2022","17","0","5","900"
"9df3fb62c6376958aa892f240c1c9022","7343","2022-10-07T17:00:00.000","RIVERSIDE DR / BURTON DR","NORTHBOUND","THRU","true","12","24.5","20.255","5.108","13.373","10","7","2022","17","0","5","900"
"5534e61dd4b144d67095ac9f70b42a1d","7343","2022-10-07T17:00:00.000","RIVERSIDE DR / BURTON DR","SOUTHBOUND","LEFT TURN","false","2","17.0","4.243","67.2","45.962","10","7","2022","17","0","5","900"
"54fd0c950c651b7c1f86093d02e0f2d4","7343","2022-10-07T17:00:00.000","RIVERSIDE DR / BURTON DR","SOUTHBOUND","LEFT TURN","true","15","16.2","5.226","40.647","44.775","10","7","2022","17","0","5","900"
"0e092d9cdc8487e0e6e9312ab8f8bfee","7343","2022-10-07T17:00:00.000","RIVERSIDE DR / BURTON DR","SOUTHBOUND","RIGHT TURN","false","19","9.158","3.934","10.784","19.152","10","7","2022","17","0","5","900"
"2cbb0346174602f5c2a1612fdcea9307","7343","2022-10-07T17:00:00.000","RIVERSIDE DR / BURTON DR","SOUTHBOUND","RIGHT TURN","true","2","9.0","0.0","6.45","2.475","10","7","2022","17","0","5","900"
"fc908eac1612aaa67666d5d96e8716f8","7343","2022-10-07T17:00:00.000","RIVERSIDE DR / BURTON DR","SOUTHBOUND","THRU","false","11","14.182","4.834","20.827","34.159","10","7","2022","17","0","5","900"
"391bbdada6dd63c07e36206c6982f4da","7343","2022-10-07T17:00:00.000","RIVERSIDE DR / BURTON DR","SOUTHBOUND","THRU","true","25","19.56","7.165","16.116","30.692","10","7","2022","17","0","5","900"
"8f394595d48ce4b46a10843a1b4044f5","7343","2022-10-07T17:00:00.000","RIVERSIDE DR / BURTON DR","WESTBOUND","LEFT TURN","false","17","17.588","13.347","18.7","23.347","10","7","2022","17","0","5","900"
"4eb349c0ce8c98cce79fa895db082fce","7343","2022-10-07T17:00:00.000","RIVERSIDE DR / BURTON DR","WESTBOUND","LEFT TURN","true","14","14.357","11.646","12.914","29.499","10","7","2022","17","0","5","900"
"c9eaeba03e6d30ae770e1f475dd38932","7343","2022-10-07T17:00:00.000","RIVERSIDE DR / BURTON DR","WESTBOUND","RIGHT TURN","false","17","3.471","12.324","2.312","2.055","10","7","2022","17","0","5","900"
"e47fdd86970006af63b6ed781333762f","7343","2022-10-07T17:00:00.000","RIVERSIDE DR / BURTON DR","WESTBOUND","RIGHT TURN","true","1","4.0","0.0","1.0","0.0","10","7","2022","17","0","5","900"
"5025613866503b9b36e724b392c438b1","7343","2022-10-07T17:00:00.000","RIVERSIDE DR / BURTON DR","WESTBOUND","THRU","false","168","31.661","18.43","6.718","18.288","10","7","2022","17","0","5","900"
"26d4d198542bcad59103e9db7b71daad","7343","2022-10-07T17:00:00.000","RIVERSIDE DR / BURTON DR","WESTBOUND","THRU","true","37","22.459","17.827","13.503","26.967","10","7","2022","17","0","5","900"
"48d8c9465ef18843a621db1b61238b7c","7343","2022-10-07T17:15:00.000","RIVERSIDE DR / BURTON DR","EASTBOUND","LEFT TURN","false","27","14.852","3.302","15.081","29.263","10","7","2022","17","15","5","900"
"fdff565e3820dbc9a4a2674acb1a265a","7343","2022-10-07T17:15:00.000","RIVERSIDE DR / BURTON DR","EASTBOUND","LEFT TURN","true","1","11.0","0.0","134.0","0.0","10","7","2022","17","15","5","900"
"f67fc2a64cabfabe9c9410c0c5d480b9","7343","2022-10-07T17:15:00.000","RIVERSIDE DR / BURTON DR","EASTBOUND","THRU","false","10","29.5","11.168","2.93","5.687","10","7","2022","17","15","5","900"
"c5fc47db605c0428833e583bbecb802f","7343","2022-10-07T17:15:00.000","RIVERSIDE DR / BURTON DR","EASTBOUND","THRU","true","269","31.301","8.834","4.191","12.684","10","7","2022","17","15","5","900"
"0a5d1c00cdd8cb1ae9a3cb12b19ac77c","7343","2022-10-07T17:15:00.000","RIVERSIDE DR / BURTON DR","NORTHBOUND","LEFT TURN","false","23","17.261","11.246","27.03","42.004","10","7","2022","17","15","5","900"
"5e643dc82cd584479fa289b3e8aa4114","7343","2022-10-07T17:15:00.000","RIVERSIDE DR / BURTON DR","NORTHBOUND","LEFT TURN","true","5","5.2","6.301","0.6","0.515","10","7","2022","17","15","5","900"
"fa1f7989820dafd6284193c447304e85","7343","2022-10-07T17:15:00.000","RIVERSIDE DR / BURTON DR","NORTHBOUND","RIGHT TURN","false","4","23.75","4.5","1.65","2.501","10","7","2022","17","15","5","900"
"2cb4d51a2ff70d1aea53715192989121","7343","2022-10-07T17:15:00.000","RIVERSIDE DR / BURTON DR","NORTHBOUND","RIGHT TURN","true","6","17.667","9.585","2.517","2.15","10","7","2022","17","15","5","900"
"1ca3f813ff493ca83e16c6b0ad640839","7343","2022-10-07T17:15:00.000","RIVERSIDE DR / BURTON DR","NORTHBOUND","THRU","false","31","27.452","18.809","5.381","16.4","10","7","2022","17","15","5","900"
"f651a9727ac4df3626d3a4efef531824","7343","2022-10-07T17:15:00.000","RIVERSIDE DR / BURTON DR","NORTHBOUND","THRU","true","25","28.44","25.449","1.328","1.3","10","7","2022","17","15","5","900"
"a2a0af4a7e5042d7478e4d743d6dc563","7343","2022-10-07T17:15:00.000","RIVERSIDE DR / BURTON DR","SOUTHBOUND","LEFT TURN","true","14","16.143","5.736","21.271","30.419","10","7","2022","17","15","5","900"
"f53cd8fe31db711dba94dabcdeab1410","7343","2022-10-07T17:15:00.000","RIVERSIDE DR / BURTON DR","SOUTHBOUND","RIGHT TURN","false","11","13.364","6.531","2.982","1.607","10","7","2022","17","15","5","900"
"977ddc2021f95b438db52b8d6d94a203","7343","2022-10-07T17:15:00.000","RIVERSIDE DR / BURTON DR","SOUTHBOUND","THRU","false","8","17.125","7.298","21.95","32.053","10","7","2022","17","15","5","900"
"1fbe5a8c97b5cf6d74383cc7758127fa","7343","2022-10-07T17:15:00.000","RIVERSIDE DR / BURTON DR","SOUTHBOUND","THRU","true","18","20.444","8.305","31.411","41.169","10","7","2022","17","15","5","900"
"a3ca2a643f3cd3e956a97e026ebe5d39","7343","2022-10-07T17:15:00.000","RIVERSIDE DR / BURTON DR","WESTBOUND","LEFT TURN","false","15","16.733","17.244","11.16","23.139","10","7","2022","17","15","5","900"
"ec7cd150a583ddc43d55bbb1944deb91","7343","2022-10-07T17:15:00.000","RIVERSIDE DR / BURTON DR","WESTBOUND","LEFT TURN","true","11","11.0","8.556","40.691","53.209","10","7","2022","17","15","5","900"
"7d866c0a6aeeb067267ed2ca08cf4c3c","7343","2022-10-07T17:15:00.000","RIVERSIDE DR / BURTON DR","WESTBOUND","RIGHT TURN","false","22","3.0","7.368","6.732","9.552","10","7","2022","17","15","5","900"
"5cb3f2d7b1dd469ea78f2d726240b9b6","7343","2022-10-07T17:15:00.000","RIVERSIDE DR / BURTON DR","WESTBOUND","RIGHT TURN","true","1","0.0","0.0","1.3","0.0","10","7","2022","17","15","5","900"
"1e382d175e6a67baabb63ec392ed96e5","7343","2022-10-07T17:15:00.000","RIVERSIDE DR / BURTON DR","WESTBOUND","THRU","false","207","29.324","19.542","7.946","20.135","10","7","2022","17","15","5","900"
"c2083953636fa3a74cea4006ea7fdd7a","7343","2022-10-07T17:15:00.000","RIVERSIDE DR / BURTON DR","WESTBOUND","THRU","true","29","32.276","27.233","6.838","18.337","10","7","2022","17","15","5","900"
"5ad36f7f878880edd88806e7f2e1e486","7343","2022-10-07T17:30:00.000","RIVERSIDE DR / BURTON DR","EASTBOUND","LEFT TURN","false","27","14.815","3.013","11.548","21.418","10","7","2022","17","30","5","900"
"9a28a0b66e68c2c9b819b6f98c49a294","7343","2022-10-07T17:30:00.000","RIVERSIDE DR / BURTON DR","EASTBOUND","LEFT TURN","true","4","12.0","2.16","80.35","56.889","10","7","2022","17","30","5","900"
"38aef2a7089b474b6162b7cd33133789","7343","2022-10-07T17:30:00.000","RIVERSIDE DR / BURTON DR","EASTBOUND","THRU","false","5","30.4","8.081","1.42","0.904","10","7","2022","17","30","5","900"
"9b2886929d7f8251a75eebe24919f4ef","7343","2022-10-07T17:30:00.000","RIVERSIDE DR / BURTON DR","EASTBOUND","THRU","true","231","29.844","8.756","4.579","14.347","10","7","2022","17","30","5","900"
"9096750b994ecb312f39a142cd7631f3","7343","2022-10-07T17:30:00.000","RIVERSIDE DR / BURTON DR","NORTHBOUND","LEFT TURN","false","18","22.778","15.57","26.339","49.129","10","7","2022","17","30","5","900"
"6a2be533bb07f6ced593c5fa6e8057d0","7343","2022-10-07T17:30:00.000","RIVERSIDE DR / BURTON DR","NORTHBOUND","LEFT TURN","true","1","0.0","0.0","53.7","0.0","10","7","2022","17","30","5","900"
"d98f58601496d566d2bdeb9356f83efb","7343","2022-10-07T17:30:00.000","RIVERSIDE DR / BURTON DR","NORTHBOUND","RIGHT TURN","false","7","17.0","5.196","19.886","39.519","10","7","2022","17","30","5","900"
"b52cbb639851dc0f87a9aaa74105c190","7343","2022-10-07T17:30:00.000","RIVERSIDE DR / BURTON DR","NORTHBOUND","RIGHT TURN","true","5","15.4","9.072","1.32","1.27","10","7","2022","17","30","5","900"
"284e1735a56b7cba450eb6e032f095a2","7343","2022-10-07T17:30:00.000","RIVERSIDE DR / BURTON DR","NORTHBOUND","THRU","false","24","26.75","19.815","4.171","12.265","10","7","2022","17","30","5","900"
"f96a73f0dcede1f5daa60d44025fafb4","7343","2022-10-07T17:30:00.000","RIVERSIDE DR / BURTON DR","NORTHBOUND","THRU","true","19","22.211","15.043","7.374","28.326","10","7","2022","17","30","5","900"
"e9ad45b6689e40b37fe2c29611fdc5ef","7343","2022-10-07T17:30:00.000","RIVERSIDE DR / BURTON DR","SOUTHBOUND","LEFT TURN","false","6","13.333","4.633","25.317","34.746","10","7","2022","17","30","5","900"
"2ba09c5e7a0665b0b8287634ab57a8a6","7343","2022-10-07T17:30:00.000","RIVERSIDE DR / BURTON DR","SOUTHBOUND","LEFT TURN","true","13","17.462","4.176","21.692","30.683","10","7","2022","17","30","5","900"
"4951b9c87c379d6ff6e795bd7efc761d","7343","2022-10-07T17:30:00.000","RIVERSIDE DR / BURTON DR","SOUTHBOUND","RIGHT TURN","false","20","8.8","2.308","12.905","17.405","10","7","2022","17","30","5","900"
"be7667a59f97b9adb25091b566f445fc","7343","2022-10-07T17:30:00.000","RIVERSIDE DR / BURTON DR","SOUTHBOUND","RIGHT TURN","true","1","7.0","0.0","4.3","0.0","10","7","2022","17","30","5","900"
"41dda7224fe08d31df9355182a1c2878","7343","2022-10-07T17:30:00.000","RIVERSIDE DR / BURTON DR","SOUTHBOUND","THRU","false","9","14.778","3.632","24.511","36.721","10","7","2022","17","30","5","900"
"0fa1cdadb5088916f97001fff3f92158","7343","2022-10-07T17:30:00.000","RIVERSIDE DR / BURTON DR","SOUTHBOUND","THRU","true","14","16.786","6.028","12.186","15.013","10","7","2022","17","30","5","900"
"0822a29a43de7ad20d989b39064eeeca","7343","2022-10-07T17:30:00.000","RIVERSIDE DR / BURTON DR","WESTBOUND","LEFT TURN","false","18","11.667","4.935","31.594","34.621","10","7","2022","17","30","5","900"
"37c78a25fbd0dd4ac71701f1c6226a91","7343","2022-10-07T17:30:00.000","RIVERSIDE DR / BURTON DR","WESTBOUND","LEFT TURN","true","15","14.267","7.741","9.727","29.248","10","7","2022","17","30","5","900"
"a7655cb2ebb33d306e7098a4805c59f4","7343","2022-10-07T17:30:00.000","RIVERSIDE DR / BURTON DR","WESTBOUND","RIGHT TURN","false","9","4.222","7.379","4.178","2.772","10","7","2022","17","30","5","900"
"9e82b1a4c5315d654ff81e3c2ac4c3a7","7343","2022-10-07T17:30:00.000","RIVERSIDE DR / BURTON DR","WESTBOUND","THRU","false","231","27.723","19.164","6.838","19.021","10","7","2022","17","30","5","900"
"8a5e1ff8b0f28484c317789f4a62bf6e","7343","2022-10-07T17:30:00.000","RIVERSIDE DR / BURTON DR","WESTBOUND","THRU","true","35","33.057","25.103","5.634","17.022","10","7","2022","17","30","5","900"
"3e765967a3c4a40bfedce4b859b6d92f","7343","2022-10-07T17:45:00.000","RIVERSIDE DR / BURTON DR","EASTBOUND","LEFT TURN","false","24","12.667","2.959","23.804","37.675","10","7","2022","17","45","5","900"
"4df900dc1efefa17d4ed90e6a4e0d6f4","7343","2022-10-07T17:45:00.000","RIVERSIDE DR / BURTON DR","EASTBOUND","LEFT TURN","true","2","9.5","0.707","4.4","0.141","10","7","2022","17","45","5","900"
"e08e5e7c4870315f9dd6ff95e37c34db","7343","2022-10-07T17:45:00.000","RIVERSIDE DR / BURTON DR","EASTBOUND","THRU","false","10","25.8","13.863","1.42","0.897","10","7","2022","17","45","5","900"
"c2f0cb9fd07b837146818a3df1f204fc","7343","2022-10-07T17:45:00.000","RIVERSIDE DR / BURTON DR","EASTBOUND","THRU","true","261","30.789","10.981","3.394","10.157","10","7","2022","17","45","5","900"
"1b2f7c8e6f664ecb1b64993eb7629995","7343","2022-10-07T17:45:00.000","RIVERSIDE DR / BURTON DR","EASTBOUND","U-TURN","true","1","15.0","0.0","5.2","0.0","10","7","2022","17","45","5","900"
"4f0ee5675c75ea722f194482857bbca3","7343","2022-10-07T17:45:00.000","RIVERSIDE DR / BURTON DR","NORTHBOUND","LEFT TURN","false","20","22.6","14.159","8.82","19.062","10","7","2022","17","45","5","900"
"c5ecb1e785ba4606f7c4bb3252c3399b","7343","2022-10-07T17:45:00.000","RIVERSIDE DR / BURTON DR","NORTHBOUND","LEFT TURN","true","2","0.0","0.0","2.4","2.546","10","7","2022","17","45","5","900"
"3d7bf643117c2cd6c0c833f98c21ce7c","7343","2022-10-07T17:45:00.000","RIVERSIDE DR / BURTON DR","NORTHBOUND","RIGHT TURN","false","4","19.75","4.031","0.825","0.9","10","7","2022","17","45","5","900"
"403590de0d0958c980ebcc3e64dabcd5","7343","2022-10-07T17:45:00.000","RIVERSIDE DR / BURTON DR","NORTHBOUND","RIGHT TURN","true","9","18.222","10.39","2.644","1.9","10","7","2022","17","45","5","900"
"8a5cd80a6a2a749257f07aafed337809","7343","2022-10-07T17:45:00.000","RIVERSIDE DR / BURTON DR","NORTHBOUND","THRU","false","19","23.579","15.593","9.2","25.059","10","7","2022","17","45","5","900"
"9e66981664dbb6f2293b086bef7eb443","7343","2022-10-07T17:45:00.000","RIVERSIDE DR / BURTON DR","NORTHBOUND","THRU","true","21","27.238","17.991","8.862","22.232","10","7","2022","17","45","5","900"
"8e8ac6cf1a7ddef717493e1abf604990","7343","2022-10-07T17:45:00.000","RIVERSIDE DR / BURTON DR","SOUTHBOUND","LEFT TURN","false","2","16.5","2.121","34.3","41.578","10","7","2022","17","45","5","900"
"6d4687accd56f7d1118a74ea8a9d5cf7","7343","2022-10-07T17:45:00.000","RIVERSIDE DR / BURTON DR","SOUTHBOUND","LEFT TURN","true","13","17.0","5.323","25.692","37.426","10","7","2022","17","45","5","900"
"caa0f94aa18c67f76a6b0bfc6807a76f","7343","2022-10-07T17:45:00.000","RIVERSIDE DR / BURTON DR","SOUTHBOUND","RIGHT TURN","false","18","10.111","1.367","14.656","30.01","10","7","2022","17","45","5","900"
"77bb28f75c0f5a09c00eee623ab8004f","7343","2022-10-07T17:45:00.000","RIVERSIDE DR / BURTON DR","SOUTHBOUND","THRU","false","7","28.857","24.822","8.957","17.085","10","7","2022","17","45","5","900"
"99747ad5f360764cd378caf025c8509b","7343","2022-10-07T17:45:00.000","RIVERSIDE DR / BURTON DR","SOUTHBOUND","THRU","true","16","16.688","4.658","27.219","41.701","10","7","2022","17","45","5","900"
"c444b682d50b5acd7d48e46df3e17aa4","7343","2022-10-07T17:45:00.000","RIVERSIDE DR / BURTON DR","WESTBOUND","LEFT TURN","false","14","21.857","23.894","6.836","10.321","10","7","2022","17","45","5","900"
"5d0e81d5aae7d2048352cc7719bd5a43","7343","2022-10-07T17:45:00.000","RIVERSIDE DR / BURTON DR","WESTBOUND","LEFT TURN","true","12","12.75","9.678","26.508","28.553","10","7","2022","17","45","5","900"
"057fc34c85298409f5cc1c38c2e08a28","7343","2022-10-07T17:45:00.000","RIVERSIDE DR / BURTON DR","WESTBOUND","RIGHT TURN","false","12","8.5","12.199","7.367","9.88","10","7","2022","17","45","5","900"
"90da122af7bbfdc8daf83e28b6562be0","7343","2022-10-07T17:45:00.000","RIVERSIDE DR / BURTON DR","WESTBOUND","THRU","false","183","31.929","18.476","5.921","16.309","10","7","2022","17","45","5","900"
"66fb9ad0303a6a52e707ec9a49e72234","7343","2022-10-07T17:45:00.000","RIVERSIDE DR / BURTON DR","WESTBOUND","THRU","true","29","23.759","18.675","8.093","20.12","10","7","2022","17","45","5","900"
"6bdb783e984e29d7a7390ef0f73dfcab","7343","2022-10-07T18:00:00.000","RIVERSIDE DR / BURTON DR","EASTBOUND","LEFT TURN","false","26","13.385","2.002","10.765","18.804","10","7","2022","18","0","5","900"
"36559d2ce05bb6769e621126d7793c5d","7343","2022-10-07T18:00:00.000","RIVERSIDE DR / BURTON DR","EASTBOUND","LEFT TURN","true","5","10.8","2.95","39.86","55.794","10","7","2022","18","0","5","900"
"8339739aed28d46b82bdf137fc848dae","7343","2022-10-07T18:00:00.000","RIVERSIDE DR / BURTON DR","EASTBOUND","RIGHT TURN","true","2","23.0","19.799","0.55","0.212","10","7","2022","18","0","5","900"
"6d931fc249d3712dd09f6dc7d32ab8fb","7343","2022-10-07T18:00:00.000","RIVERSIDE DR / BURTON DR","EASTBOUND","THRU","false","3","36.667","7.371","1.767","0.569","10","7","2022","18","0","5","900"
"df7684fa9550a467fbf9d8137f8e7168","7343","2022-10-07T18:00:00.000","RIVERSIDE DR / BURTON DR","EASTBOUND","THRU","true","236","29.322","9.08","4.033","12.038","10","7","2022","18","0","5","900"
"4724089f2c07ed2505d4b7673dddd9c1","7343","2022-10-07T18:00:00.000","RIVERSIDE DR / BURTON DR","NORTHBOUND","LEFT TURN","false","15","18.867","10.69","18.547","35.55","10","7","2022","18","0","5","900"
"e103c3b598605d4443ffdb5bf6ec6175","7343","2022-10-07T18:00:00.000","RIVERSIDE DR / BURTON DR","NORTHBOUND","LEFT TURN","true","4","22.5","35.369","17.3","34.2","10","7","2022","18","0","5","900"
"82e2aec6e5cb5002513a8d3c29e1fafc","7343","2022-10-07T18:00:00.000","RIVERSIDE DR / BURTON DR","NORTHBOUND","RIGHT TURN","false","6","8.5","7.204","8.3","18.481","10","7","2022","18","0","5","900"
"3f99b77d16acacbe13d4df0563e3a8a2","7343","2022-10-07T18:00:00.000","RIVERSIDE DR / BURTON DR","NORTHBOUND","RIGHT TURN","true","12","14.333","7.536","6.825","17.247","10","7","2022","18","0","5","900"
"b0aa409484868709de92215506165806","7343","2022-10-07T18:00:00.000","RIVERSIDE DR / BURTON DR","NORTHBOUND","THRU","false","18","27.611","25.599","7.728","27.086","10","7","2022","18","0","5","900"
"72db46425a8c0e1172c8ea5e7350fcea","7343","2022-10-07T18:00:00.000","RIVERSIDE DR / BURTON DR","NORTHBOUND","THRU","true","15","14.533","16.075","1.127","0.99","10","7","2022","18","0","5","900"
"9cca28ddaec2e366494476cf6b0d736e","7343","2022-10-07T18:00:00.000","RIVERSIDE DR / BURTON DR","SOUTHBOUND","LEFT TURN","false","2","18.0","2.828","53.85","71.064","10","7","2022","18","0","5","900"
"fa80231ecad6e00e419e7f1ee2b1bf37","7343","2022-10-07T18:00:00.000","RIVERSIDE DR / BURTON DR","SOUTHBOUND","LEFT TURN","true","19","17.053","5.681","20.158","31.137","10","7","2022","18","0","5","900"
"f0790cf1500189642a4d72fbb8e7b6f7","7343","2022-10-07T18:00:00.000","RIVERSIDE DR / BURTON DR","SOUTHBOUND","RIGHT TURN","false","13","9.923","1.188","9.246","17.178","10","7","2022","18","0","5","900"
"90b7fab17f0864b93c5d69562f456d5b","7343","2022-10-07T18:00:00.000","RIVERSIDE DR / BURTON DR","SOUTHBOUND","RIGHT TURN","true","2","15.0","11.314","4.7","3.111","10","7","2022","18","0","5","900"
"180400df6b1e70dd770cade5b6a4309b","7343","2022-10-07T18:00:00.000","RIVERSIDE DR / BURTON DR","SOUTHBOUND","THRU","false","19","17.789","5.339","10.184","26.592","10","7","2022","18","0","5","900"
"53bd3300311207d9c4efd38d64fbf167","7343","2022-10-07T18:00:00.000","RIVERSIDE DR / BURTON DR","SOUTHBOUND","THRU","true","14","16.929","3.792","21.393","40.086","10","7","2022","18","0","5","900"
"c094c89569ee91b60da6d23f9ea95c0d","7343","2022-10-07T18:00:00.000","RIVERSIDE DR / BURTON DR","WESTBOUND","LEFT TURN","false","17","14.412","8.818","16.253","33.351","10","7","2022","18","0","5","900"
"1df23cd13f91ef1f2a79ecfac5cd5dfb","7343","2022-10-07T18:00:00.000","RIVERSIDE DR / BURTON DR","WESTBOUND","LEFT TURN","true","22","16.909","13.23","8.959","26.388","10","7","2022","18","0","5","900"
"2e127a78631192513e938b725ff356eb","7343","2022-10-07T18:00:00.000","RIVERSIDE DR / BURTON DR","WESTBOUND","RIGHT TURN","false","11","7.545","16.342","10.855","24.495","10","7","2022","18","0","5","900"
"b3d715d61c4ae252df978e1cd160dad4","7343","2022-10-07T18:00:00.000","RIVERSIDE DR / BURTON DR","WESTBOUND","THRU","false","198","27.646","18.177","6.702","17.269","10","7","2022","18","0","5","900"
"4f2b382e930933787773e4618dbb7c51","7343","2022-10-07T18:00:00.000","RIVERSIDE DR / BURTON DR","WESTBOUND","THRU","true","32","28.844","23.696","7.303","19.58","10","7","2022","18","0","5","900"
"c12289afd19934fc0d2a4e6592a536b0","7343","2022-10-07T18:15:00.000","RIVERSIDE DR / BURTON DR","EASTBOUND","LEFT TURN","false","26","13.654","1.917","20.377","36.614","10","7","2022","18","15","5","900"
"61aa562327ee7ec7c1e43a1660c80cfa","7343","2022-10-07T18:15:00.000","RIVERSIDE DR / BURTON DR","EASTBOUND","LEFT TURN","true","5","16.6","6.877","17.28","26.255","10","7","2022","18","15","5","900"
"268d908f279592180ed2bc9cc0763121","7343","2022-10-07T18:15:00.000","RIVERSIDE DR / BURTON DR","EASTBOUND","THRU","false","7","30.0","15.716","13.471","32.912","10","7","2022","18","15","5","900"
"cb3272fa77b4de002ed93012de6873ce","7343","2022-10-07T18:15:00.000","RIVERSIDE DR / BURTON DR","EASTBOUND","THRU","true","212","28.236","9.37","3.813","10.606","10","7","2022","18","15","5","900"
"9e13692f60b706723a028f8d44506699","7343","2022-10-07T18:15:00.000","RIVERSIDE DR / BURTON DR","EASTBOUND","U-TURN","false","2","6.5","9.192","3.45","1.061","10","7","2022","18","15","5","900"
"387ba6ba7c8ec1c0eacff881ff0b410c","7343","2022-10-07T18:15:00.000","RIVERSIDE DR / BURTON DR","NORTHBOUND","LEFT TURN","false","15","17.8","16.302","11.993","33.745","10","7","2022","18","15","5","900"
"1764b84176fe645672caf6989916c2e4","7343","2022-10-07T18:15:00.000","RIVERSIDE DR / BURTON DR","NORTHBOUND","LEFT TURN","true","4","26.5","47.767","1.9","1.824","10","7","2022","18","15","5","900"
"6eb389c967844da02a0df86a0e09ce30","7343","2022-10-07T18:15:00.000","RIVERSIDE DR / BURTON DR","NORTHBOUND","RIGHT TURN","false","4","17.75","3.686","29.225","46.876","10","7","2022","18","15","5","900"
"9f6174b7da1b00b96628c951b994757a","7343","2022-10-07T18:15:00.000","RIVERSIDE DR / BURTON DR","NORTHBOUND","RIGHT TURN","true","5","15.2","9.68","2.14","3.425","10","7","2022","18","15","5","900"
"f9e973e3720cd250da6d6e19f6b55840","7343","2022-10-07T18:15:00.000","RIVERSIDE DR / BURTON DR","NORTHBOUND","THRU","false","23","24.174","26.949","7.091","23.371","10","7","2022","18","15","5","900"
"b2f327d2f2694a3b3958bd706ec4c236","7343","2022-10-07T18:15:00.000","RIVERSIDE DR / BURTON DR","NORTHBOUND","THRU","true","17","19.647","15.07","1.153","1.907","10","7","2022","18","15","5","900"
"bd449e8a87ace2d3e534dc6434a2cead","7343","2022-10-07T18:15:00.000","RIVERSIDE DR / BURTON DR","SOUTHBOUND","LEFT TURN","false","3","11.667","9.713","1.5","0.721","10","7","2022","18","15","5","900"
"f1b314567de9dbcf25e0cf0b70cf14e5","7343","2022-10-07T18:15:00.000","RIVERSIDE DR / BURTON DR","SOUTHBOUND","LEFT TURN","true","18","19.278","4.663","18.356","31.78","10","7","2022","18","15","5","900"
"2e4d46ac7111d15567c7f37c3a3b51bb","7343","2022-10-07T18:15:00.000","RIVERSIDE DR / BURTON DR","SOUTHBOUND","RIGHT TURN","false","21","9.571","2.399","12.586","27.053","10","7","2022","18","15","5","900"
"cbd02e017c232f8be673fac7d8407ef7","7343","2022-10-07T18:15:00.000","RIVERSIDE DR / BURTON DR","SOUTHBOUND","RIGHT TURN","true","2","9.0","4.243","13.9","14.566","10","7","2022","18","15","5","900"
"484d276481f68ea756d065b94df0fc7a","7343","2022-10-07T18:15:00.000","RIVERSIDE DR / BURTON DR","SOUTHBOUND","THRU","false","5","14.4","6.731","52.56","50.646","10","7","2022","18","15","5","900"
"668574189f7afffcb7f9c4f56a91a57f","7343","2022-10-07T18:15:00.000","RIVERSIDE DR / BURTON DR","SOUTHBOUND","THRU","true","18","19.833","6.564","12.144","25.188","10","7","2022","18","15","5","900"
"69310cb3d7e7a8c246716892890cd81e","7343","2022-10-07T18:15:00.000","RIVERSIDE DR / BURTON DR","WESTBOUND","LEFT TURN","false","20","14.1","6.935","20.745","31.075","10","7","2022","18","15","5","900"
"6aa1e66163b89fd4e19188f9572fd04c","7343","2022-10-07T18:15:00.000","RIVERSIDE DR / BURTON DR","WESTBOUND","LEFT TURN","true","19","18.474","17.887","25.0","37.376","10","7","2022","18","15","5","900"
"d4455914a544ebaa452ef7934ad3d20c","7343","2022-10-07T18:15:00.000","RIVERSIDE DR / BURTON DR","WESTBOUND","RIGHT TURN","false","11","14.091","27.333","8.664","17.967","10","7","2022","18","15","5","900"
"a3e0b57b94171593ce7f2832b02c1dac","7343","2022-10-07T18:15:00.000","RIVERSIDE DR / BURTON DR","WESTBOUND","THRU","false","192","28.891","18.65","7.853","19.633","10","7","2022","18","15","5","900"
"6465d2a3342b113052e5e4288a797db2","7343","2022-10-07T18:15:00.000","RIVERSIDE DR / BURTON DR","WESTBOUND","THRU","true","36","31.083","24.717","5.711","15.039","10","7","2022","18","15","5","900"
"dc481edda6ad4e0465f6def8a28b15e3","7343","2022-10-07T18:15:00.000","RIVERSIDE DR / BURTON DR","WESTBOUND","U-TURN","true","1","20.0","0.0","0.9","0.0","10","7","2022","18","15","5","900"
"618fb813f86b119aedd108387e42cb5f","7343","2022-10-07T18:30:00.000","RIVERSIDE DR / BURTON DR","EASTBOUND","LEFT TURN","false","22","11.818","2.872","25.082","38.532","10","7","2022","18","30","5","900"
"60e2429279170cb85a3655d05dbc6ce0","7343","2022-10-07T18:30:00.000","RIVERSIDE DR / BURTON DR","EASTBOUND","LEFT TURN","true","4","13.0","2.944","2.45","1.745","10","7","2022","18","30","5","900"
"5f7f8cb3afe4f0385bd2548331b3a27b","7343","2022-10-07T18:30:00.000","RIVERSIDE DR / BURTON DR","EASTBOUND","THRU","false","9","32.889","11.129","1.411","0.884","10","7","2022","18","30","5","900"
"83d491911b63a52d07fe94c1265f12be","7343","2022-10-07T18:30:00.000","RIVERSIDE DR / BURTON DR","EASTBOUND","THRU","true","226","29.522","10.558","4.535","13.503","10","7","2022","18","30","5","900"
"80cee63be87e8e2dee8601fcceb6ca5a","7343","2022-10-07T18:30:00.000","RIVERSIDE DR / BURTON DR","EASTBOUND","U-TURN","false","2","8.0","1.414","4.05","0.495","10","7","2022","18","30","5","900"
"4014acad7c3fe8c04ce8d4bd468b6df7","7343","2022-10-07T18:30:00.000","RIVERSIDE DR / BURTON DR","NORTHBOUND","LEFT TURN","false","16","22.75","17.261","32.494","38.025","10","7","2022","18","30","5","900"
"5efa38c12e91a86a1d2760d440df72cc","7343","2022-10-07T18:30:00.000","RIVERSIDE DR / BURTON DR","NORTHBOUND","LEFT TURN","true","1","4.0","0.0","2.7","0.0","10","7","2022","18","30","5","900"
"bab2d18bba19aeca4b48d582450fc1c0","7343","2022-10-07T18:30:00.000","RIVERSIDE DR / BURTON DR","NORTHBOUND","RIGHT TURN","false","2","2.0","2.828","3.0","1.838","10","7","2022","18","30","5","900"
"f8b221351ec6d03e449ff84219e366e9","7343","2022-10-07T18:30:00.000","RIVERSIDE DR / BURTON DR","NORTHBOUND","RIGHT TURN","true","1","31.0","0.0","2.9","0.0","10","7","2022","18","30","5","900"
"9721847dffa45ad0229588d2bdb0a08c","7343","2022-10-07T18:30:00.000","RIVERSIDE DR / BURTON DR","NORTHBOUND","THRU","false","22","36.091","30.074","4.723","10.926","10","7","2022","18","30","5","900"
"8cf5ebc1bfed6a5d636850a84b025a7a","7343","2022-10-07T18:30:00.000","RIVERSIDE DR / BURTON DR","NORTHBOUND","THRU","true","24","20.542","19.435","7.8","17.336","10","7","2022","18","30","5","900"
"491524ccb64f10475c158e9b1ddcc9a1","7343","2022-10-07T18:30:00.000","RIVERSIDE DR / BURTON DR","SOUTHBOUND","LEFT TURN","false","3","40.333","39.145","30.167","50.182","10","7","2022","18","30","5","900"
"ce1fee17918dbe982078c56d84df8f42","7343","2022-10-07T18:30:00.000","RIVERSIDE DR / BURTON DR","SOUTHBOUND","LEFT TURN","true","10","18.5","6.687","8.33","11.194","10","7","2022","18","30","5","900"
"c8cfbeb2fda9b4fcf32ec35bd9427860","7343","2022-10-07T18:30:00.000","RIVERSIDE DR / BURTON DR","SOUTHBOUND","RIGHT TURN","false","21","10.286","1.707","6.505","11.863","10","7","2022","18","30","5","900"
"a80eb6a9105835d7eb382895955364b8","7343","2022-10-07T18:30:00.000","RIVERSIDE DR / BURTON DR","SOUTHBOUND","THRU","false","10","19.4","8.356","24.61","24.547","10","7","2022","18","30","5","900"
"a707831a622be6e462e7ce41b3ecb015","7343","2022-10-07T18:30:00.000","RIVERSIDE DR / BURTON DR","SOUTHBOUND","THRU","true","21","17.429","5.921","19.795","30.995","10","7","2022","18","30","5","900"
"ba1c65f22852db1919e7261ca5316aaa","7343","2022-10-07T18:30:00.000","RIVERSIDE DR / BURTON DR","WESTBOUND","LEFT TURN","false","14","20.714","18.428","24.879","36.411","10","7","2022","18","30","5","900"
"57307ace0e2f9ae9f8eb6082dfc29fbc","7343","2022-10-07T18:30:00.000","RIVERSIDE DR / BURTON DR","WESTBOUND","LEFT TURN","true","19","20.105","16.996","12.253","28.91","10","7","2022","18","30","5","900"
"788c723e4774be570e84e0dd81d5fdd0","7343","2022-10-07T18:30:00.000","RIVERSIDE DR / BURTON DR","WESTBOUND","RIGHT TURN","false","10","4.6","6.518","8.7","11.56","10","7","2022","18","30","5","900"
"53ff60e2f90ad14dda3ae2c20b03fc8f","7343","2022-10-07T18:30:00.000","RIVERSIDE DR / BURTON DR","WESTBOUND","RIGHT TURN","true","1","11.0","0.0","0.1","0.0","10","7","2022","18","30","5","900"
"ab76fd2ce0d82ab1d09d9508527075d7","7343","2022-10-07T18:30:00.000","RIVERSIDE DR / BURTON DR","WESTBOUND","THRU","false","225","30.333","20.182","7.803","20.553","10","7","2022","18","30","5","900"
"fd103a210dfb4b211a7da29999330791","7343","2022-10-07T18:30:00.000","RIVERSIDE DR / BURTON DR","WESTBOUND","THRU","true","45","30.111","26.065","12.487","27.534","10","7","2022","18","30","5","900"
"13396b93f33c93e5db35e60cb0cd1c82","7343","2022-10-07T18:45:00.000","RIVERSIDE DR / BURTON DR","EASTBOUND","LEFT TURN","false","28","12.286","1.843","27.136","43.232","10","7","2022","18","45","5","900"
"b7726cd2f2de84df020c9db6b0b40320","7343","2022-10-07T18:45:00.000","RIVERSIDE DR / BURTON DR","EASTBOUND","LEFT TURN","true","2","10.0","1.414","31.1","43.982","10","7","2022","18","45","5","900"
"03b1d01d117de36fd272ec1a9307927d","7343","2022-10-07T18:45:00.000","RIVERSIDE DR / BURTON DR","EASTBOUND","THRU","false","8","31.625","11.88","1.9","1.942","10","7","2022","18","45","5","900"
"cbe25b689cf4344961ed91ffc38de140","7343","2022-10-07T18:45:00.000","RIVERSIDE DR / BURTON DR","EASTBOUND","THRU","true","209","28.727","10.214","5.065","13.928","10","7","2022","18","45","5","900"
"4d226c97389b1e710b7e550e7693cf90","7343","2022-10-07T18:45:00.000","RIVERSIDE DR / BURTON DR","EASTBOUND","U-TURN","false","1","6.0","0.0","2.9","0.0","10","7","2022","18","45","5","900"
"ccb1ddd68d9b9ed375d28993bbdb5845","7343","2022-10-07T18:45:00.000","RIVERSIDE DR / BURTON DR","EASTBOUND","U-TURN","true","1","10.0","0.0","57.6","0.0","10","7","2022","18","45","5","900"
"6f03a73571be1f47469859db7fe207f8","7343","2022-10-07T18:45:00.000","RIVERSIDE DR / BURTON DR","NORTHBOUND","LEFT TURN","false","17","12.706","15.157","20.324","31.883","10","7","2022","18","45","5","900"
"6a7bd1629c80423a53b7c8fc1c1b1050","7343","2022-10-07T18:45:00.000","RIVERSIDE DR / BURTON DR","NORTHBOUND","LEFT TURN","true","2","2.0","2.828","51.75","71.63","10","7","2022","18","45","5","900"
"2fa13a80fac25790603a33d52322497c","7343","2022-10-07T18:45:00.000","RIVERSIDE DR / BURTON DR","NORTHBOUND","RIGHT TURN","false","2","14.5","6.364","46.35","50.558","10","7","2022","18","45","5","900"
"1100c71406953706bf099f47975cb26e","7343","2022-10-07T18:45:00.000","RIVERSIDE DR / BURTON DR","NORTHBOUND","RIGHT TURN","true","8","16.875","8.725","1.525","1.467","10","7","2022","18","45","5","900"
"e733ef38cdeb4f168869035a5b0ff306","7343","2022-10-07T18:45:00.000","RIVERSIDE DR / BURTON DR","NORTHBOUND","THRU","false","19","22.526","16.06","10.574","24.589","10","7","2022","18","45","5","900"
"a5a4f34f7f51af67a0adf5e2c05e4f8c","7343","2022-10-07T18:45:00.000","RIVERSIDE DR / BURTON DR","NORTHBOUND","THRU","true","22","26.5","26.806","5.486","16.638","10","7","2022","18","45","5","900"
"7e493d2763a449603691045967dee49c","7343","2022-10-07T18:45:00.000","RIVERSIDE DR / BURTON DR","SOUTHBOUND","LEFT TURN","false","2","14.0","4.243","14.75","15.203","10","7","2022","18","45","5","900"
"4a3266fdc9631be3b96cda23f450833c","7343","2022-10-07T18:45:00.000","RIVERSIDE DR / BURTON DR","SOUTHBOUND","LEFT TURN","true","16","15.938","4.959","31.275","31.536","10","7","2022","18","45","5","900"
"b824de0ed62490faa4ee9264e48f9fe4","7343","2022-10-07T18:45:00.000","RIVERSIDE DR / BURTON DR","SOUTHBOUND","RIGHT TURN","false","10","9.9","1.912","15.61","19.786","10","7","2022","18","45","5","900"
"c00f5d1cdb0d777a9c85cbb48e35215d","7343","2022-10-07T18:45:00.000","RIVERSIDE DR / BURTON DR","SOUTHBOUND","RIGHT TURN","true","3","10.0","2.646","3.7","1.015","10","7","2022","18","45","5","900"
"28c34f9e52deab0ec071c946df5a8de0","7343","2022-10-07T18:45:00.000","RIVERSIDE DR / BURTON DR","SOUTHBOUND","THRU","false","11","14.909","6.139","18.418","23.337","10","7","2022","18","45","5","900"
"229974592c8fd4ba245d1812d94d1e7c","7343","2022-10-07T18:45:00.000","RIVERSIDE DR / BURTON DR","SOUTHBOUND","THRU","true","8","15.625","5.012","29.4","37.635","10","7","2022","18","45","5","900"
"f9747e8cf1f9c223e130071e1b7abfc4","7343","2022-10-07T18:45:00.000","RIVERSIDE DR / BURTON DR","WESTBOUND","LEFT TURN","false","19","18.421","11.711","9.463","16.863","10","7","2022","18","45","5","900"
"e2160c1dbee586fe6b978dd541c7f236","7343","2022-10-07T18:45:00.000","RIVERSIDE DR / BURTON DR","WESTBOUND","LEFT TURN","true","12","21.0","15.19","18.792","28.511","10","7","2022","18","45","5","900"
"1c2d7103c7244301ea163716bc6badcf","7343","2022-10-07T18:45:00.000","RIVERSIDE DR / BURTON DR","WESTBOUND","RIGHT TURN","false","9","7.0","15.443","4.789","3.569","10","7","2022","18","45","5","900"
"20f1dce3e1a8ab1c632dfe933095f65c","7343","2022-10-07T18:45:00.000","RIVERSIDE DR / BURTON DR","WESTBOUND","RIGHT TURN","true","2","0.0","0.0","4.95","0.636","10","7","2022","18","45","5","900"
"1db43ac744e4a735dafb40630477b78e","7343","2022-10-07T18:45:00.000","RIVERSIDE DR / BURTON DR","WESTBOUND","THRU","false","195","29.867","21.076","9.698","22.008","10","7","2022","18","45","5","900"
"a8633a23791e42590e4f454b247933ed","7343","2022-10-07T18:45:00.000","RIVERSIDE DR / BURTON DR","WESTBOUND","THRU","true","25","24.6","21.422","9.232","20.769","10","7","2022","18","45","5","900"
"986f4bf04b70f84e257bb1ca97c50963","7343","2022-10-07T19:00:00.000","RIVERSIDE DR / BURTON DR","EASTBOUND","LEFT TURN","false","32","13.562","2.602","14.284","31.818","10","7","2022","19","0","5","900"
"0422eadbbf84a29e37a24043e296bb3c","7343","2022-10-07T19:00:00.000","RIVERSIDE DR / BURTON DR","EASTBOUND","LEFT TURN","true","4","9.75","2.217","10.4","16.238","10","7","2022","19","0","5","900"
"a4f06c87d1248f4dd4891025bc7428da","7343","2022-10-07T19:00:00.000","RIVERSIDE DR / BURTON DR","EASTBOUND","THRU","false","9","29.556","7.265","1.367","0.738","10","7","2022","19","0","5","900"
"a4f6b027efcd78a550b3d7a43178d705","7343","2022-10-07T19:00:00.000","RIVERSIDE DR / BURTON DR","EASTBOUND","THRU","true","219","28.932","12.192","4.268","12.467","10","7","2022","19","0","5","900"
"eac51c435ff2cc9f85ccb13eaf273610","7343","2022-10-07T19:00:00.000","RIVERSIDE DR / BURTON DR","EASTBOUND","U-TURN","false","2","8.0","2.828","63.2","85.56","10","7","2022","19","0","5","900"
"f9f1cf6b2d84e30963434c5e62fbc207","7343","2022-10-07T19:00:00.000","RIVERSIDE DR / BURTON DR","NORTHBOUND","LEFT TURN","false","15","14.533","11.722","12.773","22.706","10","7","2022","19","0","5","900"
"31d3ee3722f45df696875391f838acf3","7343","2022-10-07T19:00:00.000","RIVERSIDE DR / BURTON DR","NORTHBOUND","LEFT TURN","true","2","11.5","0.707","40.7","57.134","10","7","2022","19","0","5","900"
"5f50dfba5da6afb64eaf0eb095a9f460","7343","2022-10-07T19:00:00.000","RIVERSIDE DR / BURTON DR","NORTHBOUND","RIGHT TURN","false","5","24.0","11.091","1.38","1.112","10","7","2022","19","0","5","900"
"8c9fe5006feca3b532393a827bddb2c5","7343","2022-10-07T19:00:00.000","RIVERSIDE DR / BURTON DR","NORTHBOUND","RIGHT TURN","true","2","20.0","1.414","4.3","3.677","10","7","2022","19","0","5","900"
"434a5d68a3a22556a61c552cfe25460f","7343","2022-10-07T19:00:00.000","RIVERSIDE DR / BURTON DR","NORTHBOUND","THRU","false","24","28.25","35.895","16.508","34.227","10","7","2022","19","0","5","900"
"4c41b5405d0cc58612819059ee0f6523","7343","2022-10-07T19:00:00.000","RIVERSIDE DR / BURTON DR","NORTHBOUND","THRU","true","18","32.444","16.03","5.956","22.067","10","7","2022","19","0","5","900"
"12f2fad1c26136ee564603bcf11c88af","7343","2022-10-07T19:00:00.000","RIVERSIDE DR / BURTON DR","SOUTHBOUND","LEFT TURN","false","2","15.5","2.121","42.35","55.084","10","7","2022","19","0","5","900"
"25ea2eabdf84c334b4f91a2d8c3f77a5","7343","2022-10-07T19:00:00.000","RIVERSIDE DR / BURTON DR","SOUTHBOUND","LEFT TURN","true","11","20.636","6.845","15.136","28.431","10","7","2022","19","0","5","900"
"e291c16608ed05a06440c989e59b53c0","7343","2022-10-07T19:00:00.000","RIVERSIDE DR / BURTON DR","SOUTHBOUND","RIGHT TURN","false","20","10.6","1.465","18.555","30.927","10","7","2022","19","0","5","900"
"3845fbdb14de15e6ff0efd63807d8dcb","7343","2022-10-07T19:00:00.000","RIVERSIDE DR / BURTON DR","SOUTHBOUND","RIGHT TURN","true","1","8.0","0.0","1.5","0.0","10","7","2022","19","0","5","900"
"42db61bd7f017d2b9fb8a22d39aa7594","7343","2022-10-07T19:00:00.000","RIVERSIDE DR / BURTON DR","SOUTHBOUND","THRU","false","10","15.4","5.929","25.99","29.151","10","7","2022","19","0","5","900"
"4c7ee65df7f335e3873a958368b4e359","7343","2022-10-07T19:00:00.000","RIVERSIDE DR / BURTON DR","SOUTHBOUND","THRU","true","8","16.375","7.15","36.6","41.506","10","7","2022","19","0","5","900"
"01b1bdfe91e3327bbd84f8642e9ddd58","7343","2022-10-07T19:00:00.000","RIVERSIDE DR / BURTON DR","WESTBOUND","LEFT TURN","false","15","15.4","20.918","1.627","2.256","10","7","2022","19","0","5","900"
"0537037f02603fa69fdb9b5fd2dc0d17","7343","2022-10-07T19:00:00.000","RIVERSIDE DR / BURTON DR","WESTBOUND","LEFT TURN","true","24","16.042","11.392","14.762","21.635","10","7","2022","19","0","5","900"
"24bb61ef6ec9ec43fe23e5d7906947c3","7343","2022-10-07T19:00:00.000","RIVERSIDE DR / BURTON DR","WESTBOUND","RIGHT TURN","false","9","0.889","2.667","11.622","23.747","10","7","2022","19","0","5","900"
"c44ff0ca0aa4edcc9fa21458e81cfe0d","7343","2022-10-07T19:00:00.000","RIVERSIDE DR / BURTON DR","WESTBOUND","RIGHT TURN","true","2","2.0","2.828","5.7","0.707","10","7","2022","19","0","5","900"
"35f36a7466e4b0da27563fecbc6d2f18","7343","2022-10-07T19:00:00.000","RIVERSIDE DR / BURTON DR","WESTBOUND","THRU","false","189","25.111","18.071","7.925","19.133","10","7","2022","19","0","5","900"
"b6836f4fb3e5a1b973c53f69038d7d40","7343","2022-10-07T19:00:00.000","RIVERSIDE DR / BURTON DR","WESTBOUND","THRU","true","28","23.893","23.187","16.939","29.345","10","7","2022","19","0","5","900"
"71bb88be898e3ca6ec8f20ba4496a661","7343","2022-10-07T19:15:00.000","RIVERSIDE DR / BURTON DR","EASTBOUND","LEFT TURN","false","17","13.059","2.304","7.682","11.781","10","7","2022","19","15","5","900"
"0456d6cfe5581bac618094aaac29f26b","7343","2022-10-07T19:15:00.000","RIVERSIDE DR / BURTON DR","EASTBOUND","LEFT TURN","true","2","9.0","12.728","1.2","1.556","10","7","2022","19","15","5","900"
"5e1de2146f475e4470cf92e586c15f4a","7343","2022-10-07T19:15:00.000","RIVERSIDE DR / BURTON DR","EASTBOUND","THRU","false","9","24.444","9.632","1.7","1.354","10","7","2022","19","15","5","900"
"67c15f29384002c07a88ae01055e4bc8","7343","2022-10-07T19:15:00.000","RIVERSIDE DR / BURTON DR","EASTBOUND","THRU","true","88","29.045","12.858","7.288","17.721","10","7","2022","19","15","5","900"
"c9b6ad1c9c4e9379543b1bbbec2fc158","7343","2022-10-07T19:15:00.000","RIVERSIDE DR / BURTON DR","EASTBOUND","U-TURN","false","1","9.0","0.0","5.1","0.0","10","7","2022","19","15","5","900"
"2515baf223e79f1b2f531754b5d492d5","7343","2022-10-07T19:15:00.000","RIVERSIDE DR / BURTON DR","EASTBOUND","U-TURN","true","1","8.0","0.0","46.7","0.0","10","7","2022","19","15","5","900"
"07bace6affe6e16e23ddfd446732a768","7343","2022-10-07T19:15:00.000","RIVERSIDE DR / BURTON DR","NORTHBOUND","LEFT TURN","false","14","17.929","13.803","27.921","36.605","10","7","2022","19","15","5","900"
"a487f0a00b0a4bc5567349a2171f356f","7343","2022-10-07T19:15:00.000","RIVERSIDE DR / BURTON DR","NORTHBOUND","LEFT TURN","true","2","0.0","0.0","40.45","37.972","10","7","2022","19","15","5","900"
"63a28aa6b4a25da4b2233af902d7153b","7343","2022-10-07T19:15:00.000","RIVERSIDE DR / BURTON DR","NORTHBOUND","RIGHT TURN","false","2","18.0","5.657","2.05","2.192","10","7","2022","19","15","5","900"
"ea0fbffd2ca537c16596794031194c7f","7343","2022-10-07T19:15:00.000","RIVERSIDE DR / BURTON DR","NORTHBOUND","RIGHT TURN","true","4","18.25","14.009","0.45","0.772","10","7","2022","19","15","5","900"
"154e7fbd1b13718c41aebd5ecfd834d0","7343","2022-10-07T19:15:00.000","RIVERSIDE DR / BURTON DR","NORTHBOUND","THRU","false","12","21.0","20.64","16.483","34.77","10","7","2022","19","15","5","900"
"ce21fbbfba72ee06d903c464b718b2f5","7343","2022-10-07T19:15:00.000","RIVERSIDE DR / BURTON DR","NORTHBOUND","THRU","true","16","12.938","10.909","8.144","23.021","10","7","2022","19","15","5","900"
"dc6107c2e738dcff2f1998e68b1c112e","7343","2022-10-07T19:15:00.000","RIVERSIDE DR / BURTON DR","SOUTHBOUND","LEFT TURN","false","4","11.0","12.936","3.325","2.994","10","7","2022","19","15","5","900"
"17141de632b3d3aa9d0e429f132d7b00","7343","2022-10-07T19:15:00.000","RIVERSIDE DR / BURTON DR","SOUTHBOUND","LEFT TURN","true","4","19.5","3.697","5.45","6.285","10","7","2022","19","15","5","900"
"bf89a9f59c9783c449fb7bff76fbcb59","7343","2022-10-07T19:15:00.000","RIVERSIDE DR / BURTON DR","SOUTHBOUND","RIGHT TURN","false","20","9.05","2.038","7.785","12.505","10","7","2022","19","15","5","900"
"44e884f3fbcb077e65ddaff6b4a5c927","7343","2022-10-07T19:15:00.000","RIVERSIDE DR / BURTON DR","SOUTHBOUND","RIGHT TURN","true","2","9.0","1.414","15.75","18.455","10","7","2022","19","15","5","900"
"e83bb8e43e06a6ca12529330567bd118","7343","2022-10-07T19:15:00.000","RIVERSIDE DR / BURTON DR","SOUTHBOUND","THRU","false","9","18.333","10.5","17.811","34.33","10","7","2022","19","15","5","900"
"45b4d561a0ad197b19fd3f921f158b51","7343","2022-10-07T19:15:00.000","RIVERSIDE DR / BURTON DR","SOUTHBOUND","THRU","true","9","17.222","4.868","12.733","23.872","10","7","2022","19","15","5","900"
"fe10f330aaa56f3cd118e74b6f426fee","7343","2022-10-07T19:15:00.000","RIVERSIDE DR / BURTON DR","WESTBOUND","LEFT TURN","false","17","14.706","6.091","9.8","22.681","10","7","2022","19","15","5","900"
"e7d52a9cfa27418d6cf33ba0b543613e","7343","2022-10-07T19:15:00.000","RIVERSIDE DR / BURTON DR","WESTBOUND","LEFT TURN","true","13","17.077","18.764","17.146","25.656","10","7","2022","19","15","5","900"
"f83a0bddd74778d2978646dcce9a2c6f","7343","2022-10-07T19:15:00.000","RIVERSIDE DR / BURTON DR","WESTBOUND","RIGHT TURN","false","3","0.0","0.0","4.3","1.997","10","7","2022","19","15","5","900"
"c7b475eb8843827a889d188bf04a1d1a","7343","2022-10-07T19:15:00.000","RIVERSIDE DR / BURTON DR","WESTBOUND","RIGHT TURN","true","5","0.0","0.0","14.78","12.346","10","7","2022","19","15","5","900"
"de81bd23f0794798ca5e0fecc28d2ab9","7343","2022-10-07T19:15:00.000","RIVERSIDE DR / BURTON DR","WESTBOUND","THRU","false","153","22.608","15.118","7.218","17.67","10","7","2022","19","15","5","900"
"fe05f692fefb2f25a6aa32759be0f4e8","7343","2022-10-07T19:15:00.000","RIVERSIDE DR / BURTON DR","WESTBOUND","THRU","true","53","25.075","14.287","5.73","15.282","10","7","2022","19","15","5","900"
"badea98a78d6ff7ae4a9dc499f4dae36","7343","2022-10-07T19:30:00.000","RIVERSIDE DR / BURTON DR","EASTBOUND","LEFT TURN","false","6","12.0","3.347","40.15","45.825","10","7","2022","19","30","5","900"
"404c454f4505e46f7984fa02ace7ae7d","7343","2022-10-07T19:30:00.000","RIVERSIDE DR / BURTON DR","EASTBOUND","LEFT TURN","true","2","4.5","6.364","5.95","8.415","10","7","2022","19","30","5","900"
"dc1dc691ab18e8485d191f16c8721e4a","7343","2022-10-07T19:30:00.000","RIVERSIDE DR / BURTON DR","EASTBOUND","RIGHT TURN","true","1","0.0","0.0","10.8","0.0","10","7","2022","19","30","5","900"
"0362f1352c1a5a3b3c63a43b7400ff4c","7343","2022-10-07T19:30:00.000","RIVERSIDE DR / BURTON DR","EASTBOUND","THRU","false","13","19.077","11.579","1.485","1.392","10","7","2022","19","30","5","900"
"ef98c6d058c24efc672ab1b57e9ea4df","7343","2022-10-07T19:30:00.000","RIVERSIDE DR / BURTON DR","EASTBOUND","THRU","true","72","25.014","8.158","4.742","12.135","10","7","2022","19","30","5","900"
"dcf88e790fb86b2116043886c8086a01","7343","2022-10-07T19:30:00.000","RIVERSIDE DR / BURTON DR","NORTHBOUND","LEFT TURN","false","19","15.947","11.394","23.026","26.023","10","7","2022","19","30","5","900"
"0fadc066b46fcea5691f4a33ba0a5049","7343","2022-10-07T19:30:00.000","RIVERSIDE DR / BURTON DR","NORTHBOUND","LEFT TURN","true","9","18.889","14.19","15.433","19.003","10","7","2022","19","30","5","900"
"a30ad0150f0347a30f9761a1aa219037","7343","2022-10-07T19:30:00.000","RIVERSIDE DR / BURTON DR","NORTHBOUND","RIGHT TURN","false","3","18.0","3.606","3.367","2.055","10","7","2022","19","30","5","900"
"a22248f4b14d4011b2b953f014c9a227","7343","2022-10-07T19:30:00.000","RIVERSIDE DR / BURTON DR","NORTHBOUND","RIGHT TURN","true","5","17.4","19.021","2.08","2.894","10","7","2022","19","30","5","900"
"ec82ebf55edfa0b9c496e8abd350ca9d","7343","2022-10-07T19:30:00.000","RIVERSIDE DR / BURTON DR","NORTHBOUND","THRU","false","7","18.857","16.587","13.971","28.842","10","7","2022","19","30","5","900"
"0c38df01239e2488f4a2c473c0c21468","7343","2022-10-07T19:30:00.000","RIVERSIDE DR / BURTON DR","NORTHBOUND","THRU","true","15","16.067","11.151","12.453","20.047","10","7","2022","19","30","5","900"
"9c5a5c6096a25305d9cf30112b886198","7343","2022-10-07T19:30:00.000","RIVERSIDE DR / BURTON DR","SOUTHBOUND","LEFT TURN","false","1","13.0","0.0","75.5","0.0","10","7","2022","19","30","5","900"
"f269fc20e219b186eb18ce6a3e77b7ea","7343","2022-10-07T19:30:00.000","RIVERSIDE DR / BURTON DR","SOUTHBOUND","LEFT TURN","true","4","15.0","2.708","4.75","6.756","10","7","2022","19","30","5","900"
"bf176887673f273700bc91bd05c67936","7343","2022-10-07T19:30:00.000","RIVERSIDE DR / BURTON DR","SOUTHBOUND","RIGHT TURN","false","17","9.765","2.437","18.388","25.086","10","7","2022","19","30","5","900"
"dda5c90d51c8437f67c67763dc708ac8","7343","2022-10-07T19:30:00.000","RIVERSIDE DR / BURTON DR","SOUTHBOUND","RIGHT TURN","true","5","8.6","1.673","9.24","8.478","10","7","2022","19","30","5","900"
"c62f8065b1e127492539a990ed2ab683","7343","2022-10-07T19:30:00.000","RIVERSIDE DR / BURTON DR","SOUTHBOUND","THRU","false","2","20.5","0.707","3.05","0.495","10","7","2022","19","30","5","900"
"d33e0d6b3df5fb942f8e20861061d58c","7343","2022-10-07T19:30:00.000","RIVERSIDE DR / BURTON DR","SOUTHBOUND","THRU","true","9","21.111","5.302","16.178","28.183","10","7","2022","19","30","5","900"
"a800c1e80d3aeef29736784bbb7cb119","7343","2022-10-07T19:30:00.000","RIVERSIDE DR / BURTON DR","WESTBOUND","LEFT TURN","false","8","13.0","6.279","4.75","4.75","10","7","2022","19","30","5","900"
"4f25603f71d96ad6ad4638a50c706e88","7343","2022-10-07T19:30:00.000","RIVERSIDE DR / BURTON DR","WESTBOUND","LEFT TURN","true","16","12.25","4.74","15.25","31.275","10","7","2022","19","30","5","900"
"11066c8e0f0d3945118d7d5e615deeb5","7343","2022-10-07T19:30:00.000","RIVERSIDE DR / BURTON DR","WESTBOUND","RIGHT TURN","false","4","1.0","2.0","5.25","3.472","10","7","2022","19","30","5","900"
"a83cd037999de66aa64bc46d50887de7","7343","2022-10-07T19:30:00.000","RIVERSIDE DR / BURTON DR","WESTBOUND","RIGHT TURN","true","4","0.0","0.0","8.275","4.103","10","7","2022","19","30","5","900"
"cd2fc5c984940dc32728fbc7d4037f0e","7343","2022-10-07T19:30:00.000","RIVERSIDE DR / BURTON DR","WESTBOUND","THRU","false","119","21.563","13.808","9.249","18.509","10","7","2022","19","30","5","900"
"da02cf8b66ac26d8396857bd5cb76191","7343","2022-10-07T19:30:00.000","RIVERSIDE DR / BURTON DR","WESTBOUND","THRU","true","68","20.338","15.764","10.356","20.085","10","7","2022","19","30","5","900"
"90d3cc1a4c45c0b5e701efa9d82be266","7343","2022-10-07T19:45:00.000","RIVERSIDE DR / BURTON DR","EASTBOUND","LEFT TURN","false","7","11.286","0.756","45.786","52.92","10","7","2022","19","45","5","900"
"9ae3ff936b2f8f1804bdf5a206590dc5","7343","2022-10-07T19:45:00.000","RIVERSIDE DR / BURTON DR","EASTBOUND","LEFT TURN","true","3","9.667","1.528","37.9","64.867","10","7","2022","19","45","5","900"
"94d48625cbbec45703b299ce54ddb6a2","7343","2022-10-07T19:45:00.000","RIVERSIDE DR / BURTON DR","EASTBOUND","RIGHT TURN","false","1","0.0","0.0","10.2","0.0","10","7","2022","19","45","5","900"
"805d4f505ae28562e2a4ef74de01ef3a","7343","2022-10-07T19:45:00.000","RIVERSIDE DR / BURTON DR","EASTBOUND","RIGHT TURN","true","9","11.778","6.667","3.8","4.495","10","7","2022","19","45","5","900"
"df0ff24547c70208ebf8680a481f6a3f","7343","2022-10-07T19:45:00.000","RIVERSIDE DR / BURTON DR","EASTBOUND","THRU","false","12","18.25","11.419","3.133","2.838","10","7","2022","19","45","5","900"
"76a24149511a71fd8ac742d6b3b06d43","7343","2022-10-07T19:45:00.000","RIVERSIDE DR / BURTON DR","EASTBOUND","THRU","true","80","24.638","9.531","5.366","13.288","10","7","2022","19","45","5","900"
"139a07d325459ef39dbc8feeff1d3ded","7343","2022-10-07T19:45:00.000","RIVERSIDE DR / BURTON DR","EASTBOUND","U-TURN","true","1","19.0","0.0","1.6","0.0","10","7","2022","19","45","5","900"
"038ac0de37fdd7691ed0f46c521db387","7343","2022-10-07T19:45:00.000","RIVERSIDE DR / BURTON DR","NORTHBOUND","LEFT TURN","false","7","13.857","14.439","13.286","16.672","10","7","2022","19","45","5","900"
"aa7721c741bc2530e3c398b3dbf1b7d9","7343","2022-10-07T19:45:00.000","RIVERSIDE DR / BURTON DR","NORTHBOUND","LEFT TURN","true","8","11.625","13.575","25.1","20.223","10","7","2022","19","45","5","900"
"663bfafb75e779278197f16581f2b70f","7343","2022-10-07T19:45:00.000","RIVERSIDE DR / BURTON DR","NORTHBOUND","RIGHT TURN","true","3","7.667","13.279","0.367","0.551","10","7","2022","19","45","5","900"
"e42182300bde90c164eccaa7e5bbcf80","7343","2022-10-07T19:45:00.000","RIVERSIDE DR / BURTON DR","NORTHBOUND","THRU","false","7","11.857","16.129","3.714","5.462","10","7","2022","19","45","5","900"
"9a1519d9a20984c9e6e299aa68238251","7343","2022-10-07T19:45:00.000","RIVERSIDE DR / BURTON DR","NORTHBOUND","THRU","true","17","14.471","15.199","10.653","16.059","10","7","2022","19","45","5","900"
"972812faaa6eead83f2b068dd5f34cc6","7343","2022-10-07T19:45:00.000","RIVERSIDE DR / BURTON DR","SOUTHBOUND","LEFT TURN","false","2","19.5","4.95","30.35","38.82","10","7","2022","19","45","5","900"
"2b1a73864c041f7c69fa0b7fce94165b","7343","2022-10-07T19:45:00.000","RIVERSIDE DR / BURTON DR","SOUTHBOUND","LEFT TURN","true","7","15.143","1.215","30.5","34.671","10","7","2022","19","45","5","900"
"d8bfdf858ace7453f6fe051ff5a3f95c","7343","2022-10-07T19:45:00.000","RIVERSIDE DR / BURTON DR","SOUTHBOUND","RIGHT TURN","false","19","10.316","2.358","7.484","11.475","10","7","2022","19","45","5","900"
"d3dcb481de02cb3915a6b3c70e5c4f51","7343","2022-10-07T19:45:00.000","RIVERSIDE DR / BURTON DR","SOUTHBOUND","RIGHT TURN","true","7","7.714","3.684","25.629","30.113","10","7","2022","19","45","5","900"
"e4a5d565e4787dda619b73faacfb50b6","7343","2022-10-07T19:45:00.000","RIVERSIDE DR / BURTON DR","SOUTHBOUND","THRU","false","5","19.2","9.985","35.18","45.981","10","7","2022","19","45","5","900"
"eb75a5735dc7742c4e1cbdc4ac41ebf6","7343","2022-10-07T19:45:00.000","RIVERSIDE DR / BURTON DR","SOUTHBOUND","THRU","true","7","16.429","3.409","22.414","30.184","10","7","2022","19","45","5","900"
"faa356162337e43c7471c6b9fee582b5","7343","2022-10-07T19:45:00.000","RIVERSIDE DR / BURTON DR","WESTBOUND","LEFT TURN","false","18","12.444","5.02","16.106","29.918","10","7","2022","19","45","5","900"
"abfbf7b2d3e0180a16ec66f5a50d8098","7343","2022-10-07T19:45:00.000","RIVERSIDE DR / BURTON DR","WESTBOUND","LEFT TURN","true","14","13.5","4.202","17.636","31.013","10","7","2022","19","45","5","900"
"0ebff8ab1a7e1dcdcaf17cc0ef898be8","7343","2022-10-07T19:45:00.000","RIVERSIDE DR / BURTON DR","WESTBOUND","RIGHT TURN","false","8","1.0","1.852","6.812","7.062","10","7","2022","19","45","5","900"
"38c1236b0b6ec1e52f92cd3082ec9095","7343","2022-10-07T19:45:00.000","RIVERSIDE DR / BURTON DR","WESTBOUND","RIGHT TURN","true","3","2.0","3.464","10.933","11.327","10","7","2022","19","45","5","900"
"aa569a66b320178568d545abc032caa4","7343","2022-10-07T19:45:00.000","RIVERSIDE DR / BURTON DR","WESTBOUND","THRU","false","112","19.232","15.308","11.674","21.028","10","7","2022","19","45","5","900"
"349534f8f9ad9cc00b1547ffdb817be6","7343","2022-10-07T19:45:00.000","RIVERSIDE DR / BURTON DR","WESTBOUND","THRU","true","50","19.2","14.511","9.832","17.649","10","7","2022","19","45","5","900"
"2f75670edcc486373831d8bcab0f9fae","7343","2022-10-07T20:00:00.000","RIVERSIDE DR / BURTON DR","EASTBOUND","LEFT TURN","false","11","12.364","2.73","56.755","49.061","10","7","2022","20","0","5","900"
"837ccfb5167e7dee7f775fa0b7038894","7343","2022-10-07T20:00:00.000","RIVERSIDE DR / BURTON DR","EASTBOUND","LEFT TURN","true","6","8.833","7.139","26.567","47.876","10","7","2022","20","0","5","900"
"6ff8b5eacb03aef6042a619236553c83","7343","2022-10-07T20:00:00.000","RIVERSIDE DR / BURTON DR","EASTBOUND","RIGHT TURN","true","1","16.0","0.0","0.0","0.0","10","7","2022","20","0","5","900"
"0e4d4e1d5daa0f364a3cc8b322542847","7343","2022-10-07T20:00:00.000","RIVERSIDE DR / BURTON DR","EASTBOUND","THRU","false","16","16.625","10.178","2.375","2.486","10","7","2022","20","0","5","900"
"0784058a869fc56a6a3e60e73757bd7a","7343","2022-10-07T20:00:00.000","RIVERSIDE DR / BURTON DR","EASTBOUND","THRU","true","81","26.21","9.566","4.29","11.476","10","7","2022","20","0","5","900"
"43a03c0ea4df5e2e88305cbbf7c1d079","7343","2022-10-07T20:00:00.000","RIVERSIDE DR / BURTON DR","EASTBOUND","U-TURN","false","1","9.0","0.0","4.2","0.0","10","7","2022","20","0","5","900"
"647e02e032307f429744dfdc6a8f2b45","7343","2022-10-07T20:00:00.000","RIVERSIDE DR / BURTON DR","NORTHBOUND","LEFT TURN","false","12","18.5","17.16","8.642","10.714","10","7","2022","20","0","5","900"
"d197e4301965679d6c64c1a47fdef690","7343","2022-10-07T20:00:00.000","RIVERSIDE DR / BURTON DR","NORTHBOUND","LEFT TURN","true","7","25.429","17.453","9.314","11.053","10","7","2022","20","0","5","900"
"3af4c352e474eaa72f5f3947af9aac44","7343","2022-10-07T20:00:00.000","RIVERSIDE DR / BURTON DR","NORTHBOUND","RIGHT TURN","false","1","3.0","0.0","29.7","0.0","10","7","2022","20","0","5","900"
"f376715f83c69b9a61b0f77be0bcef38","7343","2022-10-07T20:00:00.000","RIVERSIDE DR / BURTON DR","NORTHBOUND","RIGHT TURN","true","6","12.333","15.371","0.7","1.715","10","7","2022","20","0","5","900"
"df83529a2107c91d1c15c4368cec3558","7343","2022-10-07T20:00:00.000","RIVERSIDE DR / BURTON DR","NORTHBOUND","THRU","false","8","15.0","18.182","19.162","29.401","10","7","2022","20","0","5","900"
"89cff4ffc498fc13bb709631875a3385","7343","2022-10-07T20:00:00.000","RIVERSIDE DR / BURTON DR","NORTHBOUND","THRU","true","16","19.375","19.159","12.15","21.63","10","7","2022","20","0","5","900"
"8e23e7468e3fa1590601799c0830f76a","7343","2022-10-07T20:00:00.000","RIVERSIDE DR / BURTON DR","SOUTHBOUND","LEFT TURN","true","6","16.833","5.269","11.217","12.886","10","7","2022","20","0","5","900"
"0cf19c28878f293f8c64121de3483090","7343","2022-10-07T20:00:00.000","RIVERSIDE DR / BURTON DR","SOUTHBOUND","RIGHT TURN","false","13","8.538","3.479","8.777","12.072","10","7","2022","20","0","5","900"
"845307de3aee47e8c6931f881c4f8aec","7343","2022-10-07T20:00:00.000","RIVERSIDE DR / BURTON DR","SOUTHBOUND","RIGHT TURN","true","8","7.625","3.889","29.962","29.817","10","7","2022","20","0","5","900"
"a74561288ddc56362aa34e7b5a5ce224","7343","2022-10-07T20:00:00.000","RIVERSIDE DR / BURTON DR","SOUTHBOUND","THRU","false","5","16.0","3.162","35.92","37.38","10","7","2022","20","0","5","900"
"6657f79dd2d55ab3fdb78d5ec6961c29","7343","2022-10-07T20:00:00.000","RIVERSIDE DR / BURTON DR","SOUTHBOUND","THRU","true","5","17.4","4.278","37.96","49.483","10","7","2022","20","0","5","900"
"3910419d96d5e695e0e68a76c0c372a9","7343","2022-10-07T20:00:00.000","RIVERSIDE DR / BURTON DR","WESTBOUND","LEFT TURN","false","13","10.846","7.459","5.777","6.898","10","7","2022","20","0","5","900"
"e5ed2dd1b8b1b99195b9bb76e1742fb3","7343","2022-10-07T20:00:00.000","RIVERSIDE DR / BURTON DR","WESTBOUND","LEFT TURN","true","13","14.462","3.178","16.108","25.444","10","7","2022","20","0","5","900"
"8e946db3c1df959a23a599bbb985909c","7343","2022-10-07T20:00:00.000","RIVERSIDE DR / BURTON DR","WESTBOUND","RIGHT TURN","false","11","4.0","3.899","16.564","22.757","10","7","2022","20","0","5","900"
"fc7efcb182e0cf84849f2fcaaa142b41","7343","2022-10-07T20:00:00.000","RIVERSIDE DR / BURTON DR","WESTBOUND","RIGHT TURN","true","2","0.0","0.0","1.6","1.556","10","7","2022","20","0","5","900"
"ac3b5cc5cd67cd18822ffb1da3fe1d8b","7343","2022-10-07T20:00:00.000","RIVERSIDE DR / BURTON DR","WESTBOUND","THRU","false","81","22.296","13.635","6.502","15.685","10","7","2022","20","0","5","900"
"d22452d6a73ff8cb55701f860d002b76","7343","2022-10-07T20:00:00.000","RIVERSIDE DR / BURTON DR","WESTBOUND","THRU","true","63","16.079","13.699","13.011","24.214","10","7","2022","20","0","5","900"
"27ba24b388b54e2d55644bbf7509e91c","7343","2022-10-07T20:00:00.000","RIVERSIDE DR / BURTON DR","WESTBOUND","U-TURN","true","1","10.0","0.0","56.6","0.0","10","7","2022","20","0","5","900"
"1507e930c466cd0cac06a2ac9be2dc9c","7343","2022-10-07T20:15:00.000","RIVERSIDE DR / BURTON DR","EASTBOUND","LEFT TURN","false","18","12.722","4.198","32.289","46.27","10","7","2022","20","15","5","900"
"dca1156e8fb441700e4cc9c0bfc9d332","7343","2022-10-07T20:15:00.000","RIVERSIDE DR / BURTON DR","EASTBOUND","LEFT TURN","true","6","18.333","6.743","2.083","1.504","10","7","2022","20","15","5","900"
"2d4acaecafaa86b901876f224d30d990","7343","2022-10-07T20:15:00.000","RIVERSIDE DR / BURTON DR","EASTBOUND","RIGHT TURN","true","2","10.5","14.849","3.3","3.96","10","7","2022","20","15","5","900"
"413dc714cb818cb5ccae1e19cd7cc8cb","7343","2022-10-07T20:15:00.000","RIVERSIDE DR / BURTON DR","EASTBOUND","THRU","false","12","21.75","10.805","3.167","3.417","10","7","2022","20","15","5","900"
"2d8f5762bcac3cf86d8af058e86fa9f8","7343","2022-10-07T20:15:00.000","RIVERSIDE DR / BURTON DR","EASTBOUND","THRU","true","70","25.3","10.099","5.873","15.185","10","7","2022","20","15","5","900"
"3db3b5324b885da08d37cc9101ebbea6","7343","2022-10-07T20:15:00.000","RIVERSIDE DR / BURTON DR","EASTBOUND","U-TURN","false","2","7.5","2.121","24.95","30.193","10","7","2022","20","15","5","900"
"7ca00e01c529aa70d49d359915dbef6e","7343","2022-10-07T20:15:00.000","RIVERSIDE DR / BURTON DR","EASTBOUND","U-TURN","true","1","6.0","0.0","0.1","0.0","10","7","2022","20","15","5","900"
"ef58302395845c45d54b07cfd76a7df9","7343","2022-10-07T20:15:00.000","RIVERSIDE DR / BURTON DR","NORTHBOUND","LEFT TURN","false","8","7.125","9.628","18.25","27.612","10","7","2022","20","15","5","900"
"487410604954c9ad0e6e66d51c3c9965","7343","2022-10-07T20:15:00.000","RIVERSIDE DR / BURTON DR","NORTHBOUND","LEFT TURN","true","5","20.8","19.176","19.08","33.984","10","7","2022","20","15","5","900"
"887be4c65ec790ad380f3a45956adede","7343","2022-10-07T20:15:00.000","RIVERSIDE DR / BURTON DR","NORTHBOUND","RIGHT TURN","false","2","20.5","0.707","21.2","27.436","10","7","2022","20","15","5","900"
"fd28105d059f33ed8ff8bf474a6ce714","7343","2022-10-07T20:15:00.000","RIVERSIDE DR / BURTON DR","NORTHBOUND","RIGHT TURN","true","6","3.333","6.055","1.783","4.222","10","7","2022","20","15","5","900"
"0092ef25d6db428e498f1b221d1e61aa","7343","2022-10-07T20:15:00.000","RIVERSIDE DR / BURTON DR","NORTHBOUND","THRU","false","10","18.3","13.549","20.83","30.179","10","7","2022","20","15","5","900"
"55f6b7d77b1ee8487aef3999c2e1e704","7343","2022-10-07T20:15:00.000","RIVERSIDE DR / BURTON DR","NORTHBOUND","THRU","true","26","13.885","13.536","11.296","17.027","10","7","2022","20","15","5","900"
"8f247abd1a9ff78c4523e84a2f56babb","7343","2022-10-07T20:15:00.000","RIVERSIDE DR / BURTON DR","SOUTHBOUND","LEFT TURN","false","1","15.0","0.0","48.7","0.0","10","7","2022","20","15","5","900"
"aa9b60fb51dc7361f2d2c7c41eaeec36","7343","2022-10-07T20:15:00.000","RIVERSIDE DR / BURTON DR","SOUTHBOUND","LEFT TURN","true","10","12.0","8.069","23.84","36.367","10","7","2022","20","15","5","900"
"a90e1f95aae8ca4dfee88e9645987c65","7343","2022-10-07T20:15:00.000","RIVERSIDE DR / BURTON DR","SOUTHBOUND","RIGHT TURN","false","12","7.75","2.137","8.983","10.472","10","7","2022","20","15","5","900"
"689b9a4cb8ed523fd1810dffca01287f","7343","2022-10-07T20:15:00.000","RIVERSIDE DR / BURTON DR","SOUTHBOUND","RIGHT TURN","true","11","7.545","5.047","12.091","20.647","10","7","2022","20","15","5","900"
"43634a1a0c81966590ab8b6fac286b69","7343","2022-10-07T20:15:00.000","RIVERSIDE DR / BURTON DR","SOUTHBOUND","THRU","false","5","16.6","8.019","23.54","49.854","10","7","2022","20","15","5","900"
"df42da6036ac308b2edab7b3bb5e4b0d","7343","2022-10-07T20:15:00.000","RIVERSIDE DR / BURTON DR","SOUTHBOUND","THRU","true","7","18.143","3.891","3.086","1.342","10","7","2022","20","15","5","900"
"217e9a4aa28592aed99e7af391863b2d","7343","2022-10-07T20:15:00.000","RIVERSIDE DR / BURTON DR","SOUTHBOUND","U-TURN","false","1","0.0","0.0","7.3","0.0","10","7","2022","20","15","5","900"
"62a9e057035d4d7d72c31b389e1267f2","7343","2022-10-07T20:15:00.000","RIVERSIDE DR / BURTON DR","WESTBOUND","LEFT TURN","false","8","16.25","4.062","14.263","27.403","10","7","2022","20","15","5","900"
"8ada82885a801004c6b4f6bfd4e3b645","7343","2022-10-07T20:15:00.000","RIVERSIDE DR / BURTON DR","WESTBOUND","LEFT TURN","true","8","11.75","4.268","20.025","42.323","10","7","2022","20","15","5","900"
"8892cb46cdd98c7ffabe2eb1e4c8e236","7343","2022-10-07T20:15:00.000","RIVERSIDE DR / BURTON DR","WESTBOUND","RIGHT TURN","false","9","0.889","1.833","12.489","20.575","10","7","2022","20","15","5","900"
"652eba354b60be9c3f65ac9946931996","7343","2022-10-07T20:15:00.000","RIVERSIDE DR / BURTON DR","WESTBOUND","RIGHT TURN","true","7","2.143","5.669","4.5","1.857","10","7","2022","20","15","5","900"
"0d7475288be0d0d0d18021e3ce90df00","7343","2022-10-07T20:15:00.000","RIVERSIDE DR / BURTON DR","WESTBOUND","THRU","false","110","17.536","13.942","9.622","17.921","10","7","2022","20","15","5","900"
"77c33850d00cbd726138be73a0716339","7343","2022-10-07T20:15:00.000","RIVERSIDE DR / BURTON DR","WESTBOUND","THRU","true","56","18.518","15.372","10.83","19.848","10","7","2022","20","15","5","900"
"0b28ad79c64bac80b98935b60399a699","7343","2022-10-07T20:30:00.000","RIVERSIDE DR / BURTON DR","EASTBOUND","LEFT TURN","false","19","14.474","4.182","13.021","30.207","10","7","2022","20","30","5","900"
"0321b8bdd8142fe98b3f6bd236677304","7343","2022-10-07T20:30:00.000","RIVERSIDE DR / BURTON DR","EASTBOUND","LEFT TURN","true","6","8.5","5.992","4.3","4.074","10","7","2022","20","30","5","900"
"6b8fda59492b75b402f8059378fa74e3","7343","2022-10-07T20:30:00.000","RIVERSIDE DR / BURTON DR","EASTBOUND","RIGHT TURN","true","3","11.0","9.849","4.333","3.972","10","7","2022","20","30","5","900"
"d30e0cb08605fd4956e8bed2145d7903","7343","2022-10-07T20:30:00.000","RIVERSIDE DR / BURTON DR","EASTBOUND","THRU","false","12","15.167","10.845","2.233","2.979","10","7","2022","20","30","5","900"
"35ff14d97fa6dc4d8cdd57a3b790adbc","7343","2022-10-07T20:30:00.000","RIVERSIDE DR / BURTON DR","EASTBOUND","THRU","true","72","24.0","9.512","4.319","11.014","10","7","2022","20","30","5","900"
"770c14d3251b5c4cfc9f7d1cb4a02eed","7343","2022-10-07T20:30:00.000","RIVERSIDE DR / BURTON DR","NORTHBOUND","LEFT TURN","false","10","21.7","13.921","3.07","3.09","10","7","2022","20","30","5","900"
"d6529e457181103a51d97b25712bb4a4","7343","2022-10-07T20:30:00.000","RIVERSIDE DR / BURTON DR","NORTHBOUND","LEFT TURN","true","6","16.333","15.578","15.9","32.285","10","7","2022","20","30","5","900"
"7b16044dc6d042f0985877ecde85638b","7343","2022-10-07T20:30:00.000","RIVERSIDE DR / BURTON DR","NORTHBOUND","RIGHT TURN","true","4","6.25","12.5","14.775","28.361","10","7","2022","20","30","5","900"
"4468bcf3eb4159929bfb00b1663187e1","7343","2022-10-07T20:30:00.000","RIVERSIDE DR / BURTON DR","NORTHBOUND","THRU","false","7","11.0","12.728","15.529","30.303","10","7","2022","20","30","5","900"
"4fa49cd32bfcfc23af8e12933dd3e7e0","7343","2022-10-07T20:30:00.000","RIVERSIDE DR / BURTON DR","NORTHBOUND","THRU","true","16","18.875","21.413","3.594","2.832","10","7","2022","20","30","5","900"
"77839cc120867e3df54e1ba581fd1370","7343","2022-10-07T20:30:00.000","RIVERSIDE DR / BURTON DR","SOUTHBOUND","LEFT TURN","false","1","17.0","0.0","22.5","0.0","10","7","2022","20","30","5","900"
"b5511e9dbcfcfd4631076a68153a9ac6","7343","2022-10-07T20:30:00.000","RIVERSIDE DR / BURTON DR","SOUTHBOUND","LEFT TURN","true","1","8.0","0.0","0.4","0.0","10","7","2022","20","30","5","900"
"50aef784561e012d83323bc9b07771fd","7343","2022-10-07T20:30:00.000","RIVERSIDE DR / BURTON DR","SOUTHBOUND","RIGHT TURN","false","11","7.091","2.625","8.418","9.813","10","7","2022","20","30","5","900"
"6372e1a5732c30a74cb3baa46f27b114","7343","2022-10-07T20:30:00.000","RIVERSIDE DR / BURTON DR","SOUTHBOUND","RIGHT TURN","true","8","8.625","4.438","3.0","1.98","10","7","2022","20","30","5","900"
"dafe7e8d20fa4013f5368242e54dc52f","7343","2022-10-07T20:30:00.000","RIVERSIDE DR / BURTON DR","SOUTHBOUND","THRU","false","4","15.75","6.449","20.1","35.123","10","7","2022","20","30","5","900"
"f584d74b6da0fbe9d00c43805766efa4","7343","2022-10-07T20:30:00.000","RIVERSIDE DR / BURTON DR","SOUTHBOUND","THRU","true","7","22.714","7.41","17.443","26.645","10","7","2022","20","30","5","900"
"bab7af4459448acf9cc7dca969129d7f","7343","2022-10-07T20:30:00.000","RIVERSIDE DR / BURTON DR","WESTBOUND","LEFT TURN","false","9","13.222","5.74","22.222","31.048","10","7","2022","20","30","5","900"
"941c2d4701aae6dc1c5cdde0c589740d","7343","2022-10-07T20:30:00.000","RIVERSIDE DR / BURTON DR","WESTBOUND","LEFT TURN","true","12","11.167","6.408","14.008","23.528","10","7","2022","20","30","5","900"
"20f22d9329d2bff0063b4fee02946951","7343","2022-10-07T20:30:00.000","RIVERSIDE DR / BURTON DR","WESTBOUND","RIGHT TURN","false","9","4.667","8.231","3.844","1.475","10","7","2022","20","30","5","900"
"bcdbb57c9e137df308940c8c05f6c589","7343","2022-10-07T20:30:00.000","RIVERSIDE DR / BURTON DR","WESTBOUND","RIGHT TURN","true","2","0.0","0.0","13.35","9.405","10","7","2022","20","30","5","900"
"abb0ba56e524dd01235166ef5c302ce2","7343","2022-10-07T20:30:00.000","RIVERSIDE DR / BURTON DR","WESTBOUND","THRU","false","103","24.058","15.926","9.832","17.188","10","7","2022","20","30","5","900"
"b5907578de8f8643db54241ce6e592a2","7343","2022-10-07T20:30:00.000","RIVERSIDE DR / BURTON DR","WESTBOUND","THRU","true","58","20.966","17.294","8.445","16.433","10","7","2022","20","30","5","900"
"93a41ac1906b634f0f9d5f76e0495744","7343","2022-10-07T20:45:00.000","RIVERSIDE DR / BURTON DR","EASTBOUND","LEFT TURN","false","18","12.167","2.813","44.556","51.837","10","7","2022","20","45","5","900"
"908c65ec444c578ab792ac0b59dcd051","7343","2022-10-07T20:45:00.000","RIVERSIDE DR / BURTON DR","EASTBOUND","LEFT TURN","true","5","11.4","6.731","55.32","48.757","10","7","2022","20","45","5","900"
"95f56290fd34a2c2a2a0491ecc05d0fe","7343","2022-10-07T20:45:00.000","RIVERSIDE DR / BURTON DR","EASTBOUND","RIGHT TURN","true","1","12.0","0.0","9.5","0.0","10","7","2022","20","45","5","900"
"02bb25612d2cfa473846efc69b426fde","7343","2022-10-07T20:45:00.000","RIVERSIDE DR / BURTON DR","EASTBOUND","THRU","false","11","12.727","12.634","6.427","13.675","10","7","2022","20","45","5","900"
"7280c10e170f6b7c32ef31ecf1490d1b","7343","2022-10-07T20:45:00.000","RIVERSIDE DR / BURTON DR","EASTBOUND","THRU","true","98","22.622","7.438","5.154","11.396","10","7","2022","20","45","5","900"
"96995535c7281355b14b4a80098cfe87","7343","2022-10-07T20:45:00.000","RIVERSIDE DR / BURTON DR","NORTHBOUND","LEFT TURN","false","9","18.889","14.435","14.789","27.971","10","7","2022","20","45","5","900"
"a93c4f8b5be7d4e3831344dccd468a37","7343","2022-10-07T20:45:00.000","RIVERSIDE DR / BURTON DR","NORTHBOUND","LEFT TURN","true","10","13.8","15.873","15.76","30.549","10","7","2022","20","45","5","900"
"308943ace0d4d262516b9ee85fc950b9","7343","2022-10-07T20:45:00.000","RIVERSIDE DR / BURTON DR","NORTHBOUND","RIGHT TURN","true","2","10.0","14.142","1.4","0.424","10","7","2022","20","45","5","900"
"9d6d6d06e45a6b2ac4fb6b539f4b88b3","7343","2022-10-07T20:45:00.000","RIVERSIDE DR / BURTON DR","NORTHBOUND","THRU","false","6","8.667","10.231","9.517","9.414","10","7","2022","20","45","5","900"
"e9a3edfa52341e9a651c331940e37837","7343","2022-10-07T20:45:00.000","RIVERSIDE DR / BURTON DR","NORTHBOUND","THRU","true","16","22.875","19.595","7.531","14.566","10","7","2022","20","45","5","900"
"941e873e178f0519a2e0da80be4a5d5e","7343","2022-10-07T20:45:00.000","RIVERSIDE DR / BURTON DR","SOUTHBOUND","LEFT TURN","false","1","17.0","0.0","3.3","0.0","10","7","2022","20","45","5","900"
"c5c499e25494303256c9634783d3bdfb","7343","2022-10-07T20:45:00.000","RIVERSIDE DR / BURTON DR","SOUTHBOUND","LEFT TURN","true","7","13.571","6.554","20.629","31.216","10","7","2022","20","45","5","900"
"8696e411618e814e4d2bc056110ac4a0","7343","2022-10-07T20:45:00.000","RIVERSIDE DR / BURTON DR","SOUTHBOUND","RIGHT TURN","false","10","9.2","3.011","11.97","17.915","10","7","2022","20","45","5","900"
"7968286e24a0f9f24ae2d80d26b3910c","7343","2022-10-07T20:45:00.000","RIVERSIDE DR / BURTON DR","SOUTHBOUND","RIGHT TURN","true","11","7.545","4.034","9.445","11.155","10","7","2022","20","45","5","900"
"3b1379da889cff6640c1a22b48763eec","7343","2022-10-07T20:45:00.000","RIVERSIDE DR / BURTON DR","SOUTHBOUND","THRU","false","1","15.0","0.0","76.4","0.0","10","7","2022","20","45","5","900"
"0fa1c6f47d5cc9c0a44cacd5f9eb7703","7343","2022-10-07T20:45:00.000","RIVERSIDE DR / BURTON DR","SOUTHBOUND","THRU","true","6","21.833","7.055","15.3","29.33","10","7","2022","20","45","5","900"
"e9fd09286a3406804f09147bafb7c03e","7343","2022-10-07T20:45:00.000","RIVERSIDE DR / BURTON DR","WESTBOUND","LEFT TURN","false","8","11.25","5.471","17.125","28.42","10","7","2022","20","45","5","900"
"021983184a455f2ca4cafb7ebc063018","7343","2022-10-07T20:45:00.000","RIVERSIDE DR / BURTON DR","WESTBOUND","LEFT TURN","true","9","9.889","7.833","26.233","41.333","10","7","2022","20","45","5","900"
"940a46aff2e14ae5ab2dc9d0d478328e","7343","2022-10-07T20:45:00.000","RIVERSIDE DR / BURTON DR","WESTBOUND","RIGHT TURN","false","12","0.583","1.379","11.733","15.215","10","7","2022","20","45","5","900"
"ed07e036a7567b28632f7ad32325a2e3","7343","2022-10-07T20:45:00.000","RIVERSIDE DR / BURTON DR","WESTBOUND","RIGHT TURN","true","3","6.667","5.859","4.367","3.968","10","7","2022","20","45","5","900"
"8b29ece936f4b6115e4c51042d6d21fc","7343","2022-10-07T20:45:00.000","RIVERSIDE DR / BURTON DR","WESTBOUND","THRU","false","92","19.891","14.121","5.814","10.951","10","7","2022","20","45","5","900"
"52a5c1191f7bf03ed1ecfe54733a51d2","7343","2022-10-07T20:45:00.000","RIVERSIDE DR / BURTON DR","WESTBOUND","THRU","true","70","20.229","15.938","11.983","20.663","10","7","2022","20","45","5","900"
"282f03e5d5d37e9382a363d076309af3","7343","2022-10-07T21:00:00.000","RIVERSIDE DR / BURTON DR","EASTBOUND","LEFT TURN","false","12","12.0","4.156","28.842","42.516","10","7","2022","21","0","5","900"
"3e991c91e7eecc0c126b9d4b8b4fefec","7343","2022-10-07T21:00:00.000","RIVERSIDE DR / BURTON DR","EASTBOUND","LEFT TURN","true","7","13.857","2.41","21.914","34.793","10","7","2022","21","0","5","900"
"31dd755a600c06353cb0f28b674ffaab","7343","2022-10-07T21:00:00.000","RIVERSIDE DR / BURTON DR","EASTBOUND","RIGHT TURN","true","5","11.4","13.885","2.48","3.255","10","7","2022","21","0","5","900"
"ab7f6fb9ef24f70f79bb28d2c46c1aa1","7343","2022-10-07T21:00:00.000","RIVERSIDE DR / BURTON DR","EASTBOUND","THRU","false","12","17.833","10.65","3.617","4.628","10","7","2022","21","0","5","900"
"9747fc26a8273096849ef5ac8dc92c85","7343","2022-10-07T21:00:00.000","RIVERSIDE DR / BURTON DR","EASTBOUND","THRU","true","85","24.094","10.016","2.409","3.975","10","7","2022","21","0","5","900"
"d6903004a5932f5f778fb26c9aae56f3","7343","2022-10-07T21:00:00.000","RIVERSIDE DR / BURTON DR","NORTHBOUND","LEFT TURN","false","5","12.0","18.33","5.04","4.704","10","7","2022","21","0","5","900"
"1baaa6c30e920d21d1199c552253eb16","7343","2022-10-07T21:00:00.000","RIVERSIDE DR / BURTON DR","NORTHBOUND","LEFT TURN","true","7","9.286","11.87","55.214","42.546","10","7","2022","21","0","5","900"
"61ee02e1d5b1d9dcdaf4135fbe94be32","7343","2022-10-07T21:00:00.000","RIVERSIDE DR / BURTON DR","NORTHBOUND","RIGHT TURN","true","6","12.833","10.284","5.417","8.584","10","7","2022","21","0","5","900"
"735c3defbdc616938424f522cec76b09","7343","2022-10-07T21:00:00.000","RIVERSIDE DR / BURTON DR","NORTHBOUND","THRU","false","4","32.25","17.633","0.9","1.013","10","7","2022","21","0","5","900"
"5b7349663196055bebde71a7e1eb00b1","7343","2022-10-07T21:00:00.000","RIVERSIDE DR / BURTON DR","NORTHBOUND","THRU","true","12","10.0","13.017","19.792","25.907","10","7","2022","21","0","5","900"
"9c1ba2f19dfa0a7aaf9f34327e3a54f5","7343","2022-10-07T21:00:00.000","RIVERSIDE DR / BURTON DR","SOUTHBOUND","LEFT TURN","false","2","6.5","6.364","7.0","5.374","10","7","2022","21","0","5","900"
"c7adca0ab8c478198330349c96445ed6","7343","2022-10-07T21:00:00.000","RIVERSIDE DR / BURTON DR","SOUTHBOUND","LEFT TURN","true","6","16.5","5.891","3.55","3.282","10","7","2022","21","0","5","900"
"1805f067351cabcb88cc2df9eea445b9","7343","2022-10-07T21:00:00.000","RIVERSIDE DR / BURTON DR","SOUTHBOUND","RIGHT TURN","false","7","8.429","1.718","11.986","10.608","10","7","2022","21","0","5","900"
"048e6941d2e857ea324fc04d4d2a1da2","7343","2022-10-07T21:00:00.000","RIVERSIDE DR / BURTON DR","SOUTHBOUND","RIGHT TURN","true","14","9.571","3.652","10.357","8.481","10","7","2022","21","0","5","900"
"ab187607cf7ba4b7db08608f2fb22c66","7343","2022-10-07T21:00:00.000","RIVERSIDE DR / BURTON DR","SOUTHBOUND","THRU","false","7","15.0","5.598","26.514","43.966","10","7","2022","21","0","5","900"
"64972f9829314240edabcc676ed3e996","7343","2022-10-07T21:00:00.000","RIVERSIDE DR / BURTON DR","SOUTHBOUND","THRU","true","10","15.4","10.772","29.84","41.282","10","7","2022","21","0","5","900"
"bde7d71e19f50c8c3b135bf1cb52073d","7343","2022-10-07T21:00:00.000","RIVERSIDE DR / BURTON DR","WESTBOUND","LEFT TURN","false","9","14.556","12.37","15.4","13.945","10","7","2022","21","0","5","900"
"a64a3a37c75419a878662b9a2bfde2cc","7343","2022-10-07T21:00:00.000","RIVERSIDE DR / BURTON DR","WESTBOUND","LEFT TURN","true","7","10.0","5.627","7.414","9.087","10","7","2022","21","0","5","900"
"54a6a05cce09d42da78e46ffabc24df1","7343","2022-10-07T21:00:00.000","RIVERSIDE DR / BURTON DR","WESTBOUND","RIGHT TURN","false","9","1.444","2.242","7.144","5.547","10","7","2022","21","0","5","900"
"c2f45e7b872f337b63d0eafbd77b2cdd","7343","2022-10-07T21:00:00.000","RIVERSIDE DR / BURTON DR","WESTBOUND","RIGHT TURN","true","3","2.0","1.732","4.067","1.815","10","7","2022","21","0","5","900"
"b96527ef49f6def31db2ac6744044754","7343","2022-10-07T21:00:00.000","RIVERSIDE DR / BURTON DR","WESTBOUND","THRU","false","91","33.143","14.613","5.035","9.177","10","7","2022","21","0","5","900"
"63f3c77d87187d4ced1953525d98a46d","7343","2022-10-07T21:00:00.000","RIVERSIDE DR / BURTON DR","WESTBOUND","THRU","true","73","30.0","15.983","6.505","11.389","10","7","2022","21","0","5","900"
"097dc7458ddc9b3ecff6ef5c30770645","7343","2022-10-07T21:00:00.000","RIVERSIDE DR / BURTON DR","WESTBOUND","U-TURN","true","1","28.0","0.0","0.9","0.0","10","7","2022","21","0","5","900"
"150a1454c0d1f85b525f6cdc319a023d","7343","2022-10-07T21:15:00.000","RIVERSIDE DR / BURTON DR","EASTBOUND","LEFT TURN","false","8","12.0","2.726","65.375","41.791","10","7","2022","21","15","5","900"
"cb593e79090c4cd90462ef9fbc8831d6","7343","2022-10-07T21:15:00.000","RIVERSIDE DR / BURTON DR","EASTBOUND","LEFT TURN","true","4","11.0","1.826","86.55","11.506","10","7","2022","21","15","5","900"
"a149c7657b75104051788e286f1312b0","7343","2022-10-07T21:15:00.000","RIVERSIDE DR / BURTON DR","EASTBOUND","RIGHT TURN","true","3","7.667","8.622","13.967","17.72","10","7","2022","21","15","5","900"
"435473585e41a4686448d35a313d30ad","7343","2022-10-07T21:15:00.000","RIVERSIDE DR / BURTON DR","EASTBOUND","THRU","false","12","18.25","16.17","5.358","4.59","10","7","2022","21","15","5","900"
"1dd2b4f2827e424a10abf3068715e507","7343","2022-10-07T21:15:00.000","RIVERSIDE DR / BURTON DR","EASTBOUND","THRU","true","76","24.934","11.187","5.168","12.792","10","7","2022","21","15","5","900"
"b46b2095b523e55bef79a339fcdc254b","7343","2022-10-07T21:15:00.000","RIVERSIDE DR / BURTON DR","EASTBOUND","U-TURN","true","1","9.0","0.0","3.2","0.0","10","7","2022","21","15","5","900"
"a732731331c3fee0b820982c8c4ea3e1","7343","2022-10-07T21:15:00.000","RIVERSIDE DR / BURTON DR","NORTHBOUND","LEFT TURN","false","10","15.8","15.74","21.14","19.615","10","7","2022","21","15","5","900"
"2f927d751be1e2796c5ec66de60b4eed","7343","2022-10-07T21:15:00.000","RIVERSIDE DR / BURTON DR","NORTHBOUND","LEFT TURN","true","7","8.571","13.903","23.8","28.334","10","7","2022","21","15","5","900"
"1eb653a0ee33b250a514cf86463b0676","7343","2022-10-07T21:15:00.000","RIVERSIDE DR / BURTON DR","NORTHBOUND","RIGHT TURN","false","1","23.0","0.0","1.3","0.0","10","7","2022","21","15","5","900"
"c73e5a212262b665910b19225b533739","7343","2022-10-07T21:15:00.000","RIVERSIDE DR / BURTON DR","NORTHBOUND","RIGHT TURN","true","5","10.0","11.554","5.26","8.52","10","7","2022","21","15","5","900"
"5fe1105cdedfbb5d922c2ac08156e2b1","7343","2022-10-07T21:15:00.000","RIVERSIDE DR / BURTON DR","NORTHBOUND","THRU","false","7","8.714","11.772","3.671","5.139","10","7","2022","21","15","5","900"
"1806c6a556a9c61ace4de30f5afd5e41","7343","2022-10-07T21:15:00.000","RIVERSIDE DR / BURTON DR","NORTHBOUND","THRU","true","16","12.312","11.831","13.475","22.953","10","7","2022","21","15","5","900"
"863a77b445aa4ec5c5220f3bf6e903d9","7343","2022-10-07T21:15:00.000","RIVERSIDE DR / BURTON DR","SOUTHBOUND","LEFT TURN","false","1","16.0","0.0","94.7","0.0","10","7","2022","21","15","5","900"
"4c8d90f1d7ebd91ad93ccb417fdcfbca","7343","2022-10-07T21:15:00.000","RIVERSIDE DR / BURTON DR","SOUTHBOUND","LEFT TURN","true","5","8.0","7.616","20.0","38.145","10","7","2022","21","15","5","900"
"8800b0310d162d16a16150053bd31fb6","7343","2022-10-07T21:15:00.000","RIVERSIDE DR / BURTON DR","SOUTHBOUND","RIGHT TURN","false","8","10.125","3.044","9.125","8.492","10","7","2022","21","15","5","900"
"02ffc10dced2470b892d3919f39ae31d","7343","2022-10-07T21:15:00.000","RIVERSIDE DR / BURTON DR","SOUTHBOUND","RIGHT TURN","true","6","7.5","1.378","7.933","7.134","10","7","2022","21","15","5","900"
"ab08acfbd1313f0585bc71b14137e4e0","7343","2022-10-07T21:15:00.000","RIVERSIDE DR / BURTON DR","SOUTHBOUND","THRU","false","4","7.25","5.252","5.05","4.219","10","7","2022","21","15","5","900"
"42d54024b67147c476aa7b030a50bce7","7343","2022-10-07T21:15:00.000","RIVERSIDE DR / BURTON DR","SOUTHBOUND","THRU","true","5","11.6","2.074","24.38","30.914","10","7","2022","21","15","5","900"
"a4683e0720b5c4e352009dbe4e84497c","7343","2022-10-07T21:15:00.000","RIVERSIDE DR / BURTON DR","WESTBOUND","LEFT TURN","false","14","13.5","8.093","25.286","25.027","10","7","2022","21","15","5","900"
"358aa3e83a8953ede1ad16467d97d9e2","7343","2022-10-07T21:15:00.000","RIVERSIDE DR / BURTON DR","WESTBOUND","LEFT TURN","true","6","11.333","6.408","9.367","12.014","10","7","2022","21","15","5","900"
"e31e7c62e94ae5c180aada7af377ff47","7343","2022-10-07T21:15:00.000","RIVERSIDE DR / BURTON DR","WESTBOUND","RIGHT TURN","false","5","1.0","2.236","2.82","1.763","10","7","2022","21","15","5","900"
"6f4ebf6d8a22b9658320c8e28fc10505","7343","2022-10-07T21:15:00.000","RIVERSIDE DR / BURTON DR","WESTBOUND","RIGHT TURN","true","1","3.0","0.0","5.8","0.0","10","7","2022","21","15","5","900"
"46ba4ad7a741bce620da7a3bc3e11483","7343","2022-10-07T21:15:00.000","RIVERSIDE DR / BURTON DR","WESTBOUND","THRU","false","105","29.314","14.427","5.225","9.56","10","7","2022","21","15","5","900"
"ab29832e014085b5787f3e34c34474ae","7343","2022-10-07T21:15:00.000","RIVERSIDE DR / BURTON DR","WESTBOUND","THRU","true","39","24.795","18.384","9.669","15.461","10","7","2022","21","15","5","900"
"3867159fa98334381e054c392d4656b0","7343","2022-10-07T21:30:00.000","RIVERSIDE DR / BURTON DR","EASTBOUND","LEFT TURN","false","9","11.889","2.619","22.822","38.053","10","7","2022","21","30","5","900"
"65986067aa35a8e7e2b4a1e39af825a9","7343","2022-10-07T21:30:00.000","RIVERSIDE DR / BURTON DR","EASTBOUND","LEFT TURN","true","7","11.857","7.967","24.7","40.702","10","7","2022","21","30","5","900"
"cfadcee8a189c36b9b7df7dc90fe4a3a","7343","2022-10-07T21:30:00.000","RIVERSIDE DR / BURTON DR","EASTBOUND","THRU","false","14","21.786","11.969","2.186","2.063","10","7","2022","21","30","5","900"
"c49dfbd370ee00f0d45cf9a97f2380e5","7343","2022-10-07T21:30:00.000","RIVERSIDE DR / BURTON DR","EASTBOUND","THRU","true","61","25.492","10.548","2.249","2.352","10","7","2022","21","30","5","900"
"e1d5294d1de7f95200acd3dedfc6d59e","7343","2022-10-07T21:30:00.000","RIVERSIDE DR / BURTON DR","EASTBOUND","U-TURN","false","2","9.5","2.121","1.7","2.404","10","7","2022","21","30","5","900"
"f81e5a89d8b0bc43c11b8e1873edcd27","7343","2022-10-07T21:30:00.000","RIVERSIDE DR / BURTON DR","NORTHBOUND","LEFT TURN","false","9","9.333","11.325","20.0","22.977","10","7","2022","21","30","5","900"
"20d2ed363e565bf9d804bd7945cf4c4f","7343","2022-10-07T21:30:00.000","RIVERSIDE DR / BURTON DR","NORTHBOUND","LEFT TURN","true","8","8.875","16.898","27.525","31.099","10","7","2022","21","30","5","900"
"2b65ac8d87e3ae60f7ccf397f17b51a0","7343","2022-10-07T21:30:00.000","RIVERSIDE DR / BURTON DR","NORTHBOUND","RIGHT TURN","false","1","26.0","0.0","1.1","0.0","10","7","2022","21","30","5","900"
"28d717ef499ca133b82575d5f41de8f7","7343","2022-10-07T21:30:00.000","RIVERSIDE DR / BURTON DR","NORTHBOUND","RIGHT TURN","true","4","12.5","14.933","0.6","0.952","10","7","2022","21","30","5","900"
"a9477aacf41cf888919a6d9066cfed9d","7343","2022-10-07T21:30:00.000","RIVERSIDE DR / BURTON DR","NORTHBOUND","THRU","false","6","28.833","24.062","5.767","10.87","10","7","2022","21","30","5","900"
"10793ceb1b22345f5fea89676b2844ce","7343","2022-10-07T21:30:00.000","RIVERSIDE DR / BURTON DR","NORTHBOUND","THRU","true","17","6.235","9.934","15.359","21.773","10","7","2022","21","30","5","900"
"e2cad3f60c1308ee4afe8801c6d690c5","7343","2022-10-07T21:30:00.000","RIVERSIDE DR / BURTON DR","SOUTHBOUND","LEFT TURN","false","3","10.0","14.0","3.167","2.155","10","7","2022","21","30","5","900"
"2d00ceb82c90e9b20bc70ee22e253fca","7343","2022-10-07T21:30:00.000","RIVERSIDE DR / BURTON DR","SOUTHBOUND","LEFT TURN","true","5","13.2","12.696","29.72","33.74","10","7","2022","21","30","5","900"
"17e0da4dabd38a538a2df77a34a58143","7343","2022-10-07T21:30:00.000","RIVERSIDE DR / BURTON DR","SOUTHBOUND","RIGHT TURN","false","10","9.1","2.846","19.18","24.368","10","7","2022","21","30","5","900"
"59da280781957664da8c6375f3862183","7343","2022-10-07T21:30:00.000","RIVERSIDE DR / BURTON DR","SOUTHBOUND","RIGHT TURN","true","10","7.7","3.234","7.96","7.199","10","7","2022","21","30","5","900"
"3873001948c9cf75e15e11cdd8799f5a","7343","2022-10-07T21:30:00.000","RIVERSIDE DR / BURTON DR","SOUTHBOUND","THRU","false","1","19.0","0.0","3.2","0.0","10","7","2022","21","30","5","900"
"b5553d80895149b6670decad569fd8ad","7343","2022-10-07T21:30:00.000","RIVERSIDE DR / BURTON DR","SOUTHBOUND","THRU","true","10","18.5","7.397","20.02","29.425","10","7","2022","21","30","5","900"
"d0793aa4cf70a64c265bffa5a341890f","7343","2022-10-07T21:30:00.000","RIVERSIDE DR / BURTON DR","WESTBOUND","LEFT TURN","false","8","8.25","6.944","11.962","11.703","10","7","2022","21","30","5","900"
"e77798bd038b5e372f044da0f045d71c","7343","2022-10-07T21:30:00.000","RIVERSIDE DR / BURTON DR","WESTBOUND","LEFT TURN","true","10","10.6","6.24","27.25","19.655","10","7","2022","21","30","5","900"
"180849bc4fb0d71bd747fad4fd01f52d","7343","2022-10-07T21:30:00.000","RIVERSIDE DR / BURTON DR","WESTBOUND","RIGHT TURN","false","10","0.0","0.0","5.08","3.074","10","7","2022","21","30","5","900"
"e1e3a1767dffe6674344a94f13f44fa0","7343","2022-10-07T21:30:00.000","RIVERSIDE DR / BURTON DR","WESTBOUND","RIGHT TURN","true","7","0.571","1.512","8.114","9.324","10","7","2022","21","30","5","900"
"7640bc1c8b8ec29352c503296d0222da","7343","2022-10-07T21:30:00.000","RIVERSIDE DR / BURTON DR","WESTBOUND","THRU","false","116","29.638","14.603","7.341","14.336","10","7","2022","21","30","5","900"
"e5a8392383d90b3671e489338b06f020","7343","2022-10-07T21:30:00.000","RIVERSIDE DR / BURTON DR","WESTBOUND","THRU","true","48","21.396","16.709","11.342","18.143","10","7","2022","21","30","5","900"
"61488f42e7abef67f46056857dc9e61f","7343","2022-10-07T21:45:00.000","RIVERSIDE DR / BURTON DR","EASTBOUND","LEFT TURN","false","20","9.25","5.27","37.435","50.122","10","7","2022","21","45","5","900"
"4aa7e4c8f99a8ae8a0fbaf4d84cfcb10","7343","2022-10-07T21:45:00.000","RIVERSIDE DR / BURTON DR","EASTBOUND","LEFT TURN","true","7","11.857","2.795","2.1","1.955","10","7","2022","21","45","5","900"
"b68b8be1285c6797d3f40382a7c9351b","7343","2022-10-07T21:45:00.000","RIVERSIDE DR / BURTON DR","EASTBOUND","RIGHT TURN","true","2","16.0","2.828","3.95","5.445","10","7","2022","21","45","5","900"
"f9ea047aaffef141a0975d47c0f49bb6","7343","2022-10-07T21:45:00.000","RIVERSIDE DR / BURTON DR","EASTBOUND","THRU","false","7","17.286","12.984","3.814","4.198","10","7","2022","21","45","5","900"
"f3c0c5bc28db2696c5b1024616cacc45","7343","2022-10-07T21:45:00.000","RIVERSIDE DR / BURTON DR","EASTBOUND","THRU","true","67","26.0","10.847","1.873","2.027","10","7","2022","21","45","5","900"
"23dae20b433d9ee81d555e454e2760d5","7343","2022-10-07T21:45:00.000","RIVERSIDE DR / BURTON DR","NORTHBOUND","LEFT TURN","false","7","15.571","17.358","6.814","5.657","10","7","2022","21","45","5","900"
"891f6d5f3f516716475222c9e5be69fe","7343","2022-10-07T21:45:00.000","RIVERSIDE DR / BURTON DR","NORTHBOUND","LEFT TURN","true","6","6.667","10.633","13.75","15.139","10","7","2022","21","45","5","900"
"bbbd920afa64e115e8fe032d2971fa40","7343","2022-10-07T21:45:00.000","RIVERSIDE DR / BURTON DR","NORTHBOUND","RIGHT TURN","false","1","16.0","0.0","19.0","0.0","10","7","2022","21","45","5","900"
"488d77f65eb694acc879472848580bde","7343","2022-10-07T21:45:00.000","RIVERSIDE DR / BURTON DR","NORTHBOUND","RIGHT TURN","true","3","6.667","9.074","13.4","20.009","10","7","2022","21","45","5","900"
"0d6e9907f49c2617d9489ea4b7e559af","7343","2022-10-07T21:45:00.000","RIVERSIDE DR / BURTON DR","NORTHBOUND","THRU","false","4","17.5","20.355","15.225","17.711","10","7","2022","21","45","5","900"
"b6a4caa39d0f140fa8af96409e31802e","7343","2022-10-07T21:45:00.000","RIVERSIDE DR / BURTON DR","NORTHBOUND","THRU","true","12","8.667","15.541","10.633","14.161","10","7","2022","21","45","5","900"
"11f6b36ad6d9f519462d4cae7bb0d64e","7343","2022-10-07T21:45:00.000","RIVERSIDE DR / BURTON DR","SOUTHBOUND","LEFT TURN","false","4","13.25","8.995","14.575","22.019","10","7","2022","21","45","5","900"
"1cdb24661a2baca0c8299e9967de8139","7343","2022-10-07T21:45:00.000","RIVERSIDE DR / BURTON DR","SOUTHBOUND","LEFT TURN","true","4","9.5","8.426","22.45","39.856","10","7","2022","21","45","5","900"
"f6f0e9e7b94305c88774805823c7d2ae","7343","2022-10-07T21:45:00.000","RIVERSIDE DR / BURTON DR","SOUTHBOUND","RIGHT TURN","false","13","8.385","2.815","17.569","21.627","10","7","2022","21","45","5","900"
"86512ba81f2b036f4f8520894494693e","7343","2022-10-07T21:45:00.000","RIVERSIDE DR / BURTON DR","SOUTHBOUND","RIGHT TURN","true","9","7.556","1.509","12.067","16.974","10","7","2022","21","45","5","900"
"fc699779dac3c7fb8f5cdc39d30cc594","7343","2022-10-07T21:45:00.000","RIVERSIDE DR / BURTON DR","SOUTHBOUND","THRU","false","5","17.6","5.505","16.8","32.56","10","7","2022","21","45","5","900"
"941cb0c57a6f227199676f1426e66e30","7343","2022-10-07T21:45:00.000","RIVERSIDE DR / BURTON DR","SOUTHBOUND","THRU","true","11","15.182","5.115","11.909","18.971","10","7","2022","21","45","5","900"
"8f6bbaf285d693635b13e096ac55b5d7","7343","2022-10-07T21:45:00.000","RIVERSIDE DR / BURTON DR","WESTBOUND","LEFT TURN","false","13","13.846","4.723","9.831","22.96","10","7","2022","21","45","5","900"
"e34de570dda3997d98b321b236e9755f","7343","2022-10-07T21:45:00.000","RIVERSIDE DR / BURTON DR","WESTBOUND","LEFT TURN","true","9","11.889","5.134","25.778","25.624","10","7","2022","21","45","5","900"
"76dba4e675d0c9677838504c16c7bd7e","7343","2022-10-07T21:45:00.000","RIVERSIDE DR / BURTON DR","WESTBOUND","RIGHT TURN","false","10","3.3","3.433","6.01","6.381","10","7","2022","21","45","5","900"
"070ba7df7fa16f54e8686bf35797b3a7","7343","2022-10-07T21:45:00.000","RIVERSIDE DR / BURTON DR","WESTBOUND","RIGHT TURN","true","2","0.0","0.0","3.4","2.404","10","7","2022","21","45","5","900"
"547782d46a68a5ce86011d900ee6738c","7343","2022-10-07T21:45:00.000","RIVERSIDE DR / BURTON DR","WESTBOUND","THRU","false","94","24.426","15.039","8.452","14.756","10","7","2022","21","45","5","900"
"f07d19db03984b3e65ff812828f59a17","7343","2022-10-07T21:45:00.000","RIVERSIDE DR / BURTON DR","WESTBOUND","THRU","true","46","25.848","15.711","5.757","10.994","10","7","2022","21","45","5","900"
"69493124bd19fed1ae7d0d5da459b69e","7343","2022-10-07T22:00:00.000","RIVERSIDE DR / BURTON DR","EASTBOUND","LEFT TURN","false","11","10.909","3.961","32.318","43.915","10","7","2022","22","0","5","900"
"b06d56c21eeebdfb91b9ad4f87aebe30","7343","2022-10-07T22:00:00.000","RIVERSIDE DR / BURTON DR","EASTBOUND","LEFT TURN","true","6","12.0","2.966","2.133","2.546","10","7","2022","22","0","5","900"
"fe68d62199b4723b0d4309f1f23606ad","7343","2022-10-07T22:00:00.000","RIVERSIDE DR / BURTON DR","EASTBOUND","RIGHT TURN","true","1","20.0","0.0","0.1","0.0","10","7","2022","22","0","5","900"
"2b8283e3ec1ecb49d03e176a50001648","7343","2022-10-07T22:00:00.000","RIVERSIDE DR / BURTON DR","EASTBOUND","THRU","false","16","19.188","13.368","3.15","2.523","10","7","2022","22","0","5","900"
"bf1a2e4029049c0a86c7e283179fb105","7343","2022-10-07T22:00:00.000","RIVERSIDE DR / BURTON DR","EASTBOUND","THRU","true","100","24.53","9.737","4.901","11.372","10","7","2022","22","0","5","900"
"2f250468dd26d2edf7637a577cacb114","7343","2022-10-07T22:00:00.000","RIVERSIDE DR / BURTON DR","NORTHBOUND","LEFT TURN","false","17","14.941","16.828","21.741","31.272","10","7","2022","22","0","5","900"
"2484b3b4b5c7f08a7355d11da2048ff0","7343","2022-10-07T22:00:00.000","RIVERSIDE DR / BURTON DR","NORTHBOUND","LEFT TURN","true","7","11.857","15.17","11.329","15.002","10","7","2022","22","0","5","900"
"73ca19e53b62efe6695ead7221a3f963","7343","2022-10-07T22:00:00.000","RIVERSIDE DR / BURTON DR","NORTHBOUND","RIGHT TURN","true","3","8.0","13.856","0.0","0.0","10","7","2022","22","0","5","900"
"85320175cd162c32552fcf115ad40135","7343","2022-10-07T22:00:00.000","RIVERSIDE DR / BURTON DR","NORTHBOUND","THRU","false","3","15.667","10.97","14.4","22.604","10","7","2022","22","0","5","900"
"856f67734dff60bf54af81107fcfd74e","7343","2022-10-07T22:00:00.000","RIVERSIDE DR / BURTON DR","NORTHBOUND","THRU","true","11","16.455","18.146","24.945","31.433","10","7","2022","22","0","5","900"
"153a96ea7188065ea3770c1a8933373f","7343","2022-10-07T22:00:00.000","RIVERSIDE DR / BURTON DR","SOUTHBOUND","LEFT TURN","false","2","10.0","1.414","5.1","1.98","10","7","2022","22","0","5","900"
"06854b55d9196b3791bdc25a85f5ce4a","7343","2022-10-07T22:00:00.000","RIVERSIDE DR / BURTON DR","SOUTHBOUND","LEFT TURN","true","1","0.0","0.0","6.4","0.0","10","7","2022","22","0","5","900"
"faac289e48c28249721f0481341bab01","7343","2022-10-07T22:00:00.000","RIVERSIDE DR / BURTON DR","SOUTHBOUND","RIGHT TURN","false","7","7.571","2.507","8.514","10.441","10","7","2022","22","0","5","900"
"c8524173120e026d677d4a75edb88af8","7343","2022-10-07T22:00:00.000","RIVERSIDE DR / BURTON DR","SOUTHBOUND","RIGHT TURN","true","6","8.0","2.53","10.617","9.895","10","7","2022","22","0","5","900"
"3d2e754cdc7b821816590b9515aa015c","7343","2022-10-07T22:00:00.000","RIVERSIDE DR / BURTON DR","SOUTHBOUND","THRU","false","5","12.2","4.658","22.7","31.16","10","7","2022","22","0","5","900"
"b3b84ba591f43c46b165c38facb6d402","7343","2022-10-07T22:00:00.000","RIVERSIDE DR / BURTON DR","SOUTHBOUND","THRU","true","3","12.0","4.0","26.0","42.175","10","7","2022","22","0","5","900"
"a9b099319fa4a2cdf22983d64b6fce86","7343","2022-10-07T22:00:00.000","RIVERSIDE DR / BURTON DR","WESTBOUND","LEFT TURN","false","9","12.0","4.664","22.167","35.111","10","7","2022","22","0","5","900"
"128d7644ed3cdee78f6552b6476951dc","7343","2022-10-07T22:00:00.000","RIVERSIDE DR / BURTON DR","WESTBOUND","LEFT TURN","true","6","7.833","5.776","29.25","27.584","10","7","2022","22","0","5","900"
"5eacb7ded60b2e7a9d269a4b9e45b24c","7343","2022-10-07T22:00:00.000","RIVERSIDE DR / BURTON DR","WESTBOUND","RIGHT TURN","false","9","0.444","1.333","6.044","2.507","10","7","2022","22","0","5","900"
"69b35d499958e846430830009f3260e4","7343","2022-10-07T22:00:00.000","RIVERSIDE DR / BURTON DR","WESTBOUND","RIGHT TURN","true","3","3.333","5.774","6.6","4.957","10","7","2022","22","0","5","900"
"f220f004d0b7f0775c23338169a5bf10","7343","2022-10-07T22:00:00.000","RIVERSIDE DR / BURTON DR","WESTBOUND","THRU","false","95","29.2","16.492","6.776","12.341","10","7","2022","22","0","5","900"
"8b7bfc1fe230ddde42dbea58505c10c4","7343","2022-10-07T22:00:00.000","RIVERSIDE DR / BURTON DR","WESTBOUND","THRU","true","52","30.0","15.352","5.652","11.114","10","7","2022","22","0","5","900"
"d93ee28df19289d045afe53132aabe97","7343","2022-10-07T22:15:00.000","RIVERSIDE DR / BURTON DR","EASTBOUND","LEFT TURN","false","14","11.857","2.349","45.421","47.011","10","7","2022","22","15","5","900"
"154593091a68ba1fc1bee12bdabd9c43","7343","2022-10-07T22:15:00.000","RIVERSIDE DR / BURTON DR","EASTBOUND","LEFT TURN","true","2","14.0","2.828","2.8","2.263","10","7","2022","22","15","5","900"
"63dad138b5b729332ec7677dd52123c2","7343","2022-10-07T22:15:00.000","RIVERSIDE DR / BURTON DR","EASTBOUND","RIGHT TURN","true","7","12.143","5.984","0.871","2.134","10","7","2022","22","15","5","900"
"d5beb82ec27a090e9028a173281de810","7343","2022-10-07T22:15:00.000","RIVERSIDE DR / BURTON DR","EASTBOUND","THRU","false","17","21.471","11.98","5.971","12.854","10","7","2022","22","15","5","900"
"bd1d10c05a8048e10ae9c65c27b82b24","7343","2022-10-07T22:15:00.000","RIVERSIDE DR / BURTON DR","EASTBOUND","THRU","true","90","25.422","9.326","4.171","9.177","10","7","2022","22","15","5","900"
"d628e027a87bdf74364d0253f16b491f","7343","2022-10-07T22:15:00.000","RIVERSIDE DR / BURTON DR","NORTHBOUND","LEFT TURN","false","11","17.273","18.166","28.482","32.475","10","7","2022","22","15","5","900"
"c3558d4464758000612f8772c6fe136c","7343","2022-10-07T22:15:00.000","RIVERSIDE DR / BURTON DR","NORTHBOUND","LEFT TURN","true","6","15.167","19.354","8.533","9.523","10","7","2022","22","15","5","900"
"c92a848520318d2bf90dbc5c6083bb75","7343","2022-10-07T22:15:00.000","RIVERSIDE DR / BURTON DR","NORTHBOUND","RIGHT TURN","false","1","14.0","0.0","1.4","0.0","10","7","2022","22","15","5","900"
"7427315627391a1ee9dd3e8d2dff2c1a","7343","2022-10-07T22:15:00.000","RIVERSIDE DR / BURTON DR","NORTHBOUND","RIGHT TURN","true","2","20.5","6.364","1.7","2.404","10","7","2022","22","15","5","900"
"d8b8db7d644e96e9c2f24252851767ae","7343","2022-10-07T22:15:00.000","RIVERSIDE DR / BURTON DR","NORTHBOUND","THRU","false","4","18.25","11.786","6.775","9.843","10","7","2022","22","15","5","900"
"b2277265b37213ae8d6bee594441a104","7343","2022-10-07T22:15:00.000","RIVERSIDE DR / BURTON DR","NORTHBOUND","THRU","true","22","15.045","15.924","13.005","26.099","10","7","2022","22","15","5","900"
"bedfef7b27959c8415bf897fa9f9eeff","7343","2022-10-07T22:15:00.000","RIVERSIDE DR / BURTON DR","SOUTHBOUND","LEFT TURN","false","3","8.333","8.021","19.367","26.806","10","7","2022","22","15","5","900"
"81a6e071b08354a3faa6d2ff2efce99b","7343","2022-10-07T22:15:00.000","RIVERSIDE DR / BURTON DR","SOUTHBOUND","LEFT TURN","true","3","13.667","2.517","35.8","35.618","10","7","2022","22","15","5","900"
"20444d5000bfdf2903bd1e3d0b32f15f","7343","2022-10-07T22:15:00.000","RIVERSIDE DR / BURTON DR","SOUTHBOUND","RIGHT TURN","false","15","8.6","3.376","10.18","13.594","10","7","2022","22","15","5","900"
"293f70010db2d16c2ea820cd2e33fef9","7343","2022-10-07T22:15:00.000","RIVERSIDE DR / BURTON DR","SOUTHBOUND","RIGHT TURN","true","12","8.0","3.643","8.833","7.294","10","7","2022","22","15","5","900"
"32d85ae882cb1e64ba824bb1f15a437a","7343","2022-10-07T22:15:00.000","RIVERSIDE DR / BURTON DR","SOUTHBOUND","THRU","false","6","16.333","5.428","22.7","30.413","10","7","2022","22","15","5","900"
"95026a317ba5365a1eec5612ccf2a462","7343","2022-10-07T22:15:00.000","RIVERSIDE DR / BURTON DR","SOUTHBOUND","THRU","true","9","16.111","6.071","8.311","20.549","10","7","2022","22","15","5","900"
"696bee3d75cdbeee8d7253ecea67e01c","7343","2022-10-07T22:15:00.000","RIVERSIDE DR / BURTON DR","WESTBOUND","LEFT TURN","false","8","11.75","3.882","23.425","37.514","10","7","2022","22","15","5","900"
"1a769cfa9c1428ba87b06af19abd13de","7343","2022-10-07T22:15:00.000","RIVERSIDE DR / BURTON DR","WESTBOUND","LEFT TURN","true","7","12.714","5.219","15.857","17.33","10","7","2022","22","15","5","900"
"9cde4e446ad6c49cfbc6786d564bdfaf","7343","2022-10-07T22:15:00.000","RIVERSIDE DR / BURTON DR","WESTBOUND","RIGHT TURN","false","5","0.0","0.0","12.94","18.033","10","7","2022","22","15","5","900"
"9aa384748659fea9d762de3ea6ae66ed","7343","2022-10-07T22:15:00.000","RIVERSIDE DR / BURTON DR","WESTBOUND","RIGHT TURN","true","4","3.0","6.0","3.7","1.683","10","7","2022","22","15","5","900"
"0522fbbe5b4c1f4a15ae76e2cf52d870","7343","2022-10-07T22:15:00.000","RIVERSIDE DR / BURTON DR","WESTBOUND","THRU","false","105","26.952","15.07","8.195","13.921","10","7","2022","22","15","5","900"
"8ce473fce70206592fdac39404fb87b9","7343","2022-10-07T22:15:00.000","RIVERSIDE DR / BURTON DR","WESTBOUND","THRU","true","57","22.14","16.628","8.479","13.781","10","7","2022","22","15","5","900"
"55c80420b288578b2ac74036bf58c31d","7343","2022-10-07T22:30:00.000","RIVERSIDE DR / BURTON DR","EASTBOUND","LEFT TURN","false","9","10.0","4.61","2.967","1.682","10","7","2022","22","30","5","900"
"825e58b91636ebfc27ee3df817f2d724","7343","2022-10-07T22:30:00.000","RIVERSIDE DR / BURTON DR","EASTBOUND","LEFT TURN","true","5","10.2","3.347","49.28","54.513","10","7","2022","22","30","5","900"
"06fabc5499daad0a056af5ed05e059b0","7343","2022-10-07T22:30:00.000","RIVERSIDE DR / BURTON DR","EASTBOUND","THRU","false","15","22.067","13.445","2.667","2.663","10","7","2022","22","30","5","900"
"224be809e72d47a2dd35f2270af8108c","7343","2022-10-07T22:30:00.000","RIVERSIDE DR / BURTON DR","EASTBOUND","THRU","true","74","24.135","10.825","3.536","7.222","10","7","2022","22","30","5","900"
"a6a624d115845f6cf6160208995e5ba4","7343","2022-10-07T22:30:00.000","RIVERSIDE DR / BURTON DR","NORTHBOUND","LEFT TURN","false","12","5.167","8.211","18.725","19.218","10","7","2022","22","30","5","900"
"2d8ac7c84556d4b0a3353cf7041383f9","7343","2022-10-07T22:30:00.000","RIVERSIDE DR / BURTON DR","NORTHBOUND","LEFT TURN","true","5","2.0","3.464","17.76","19.982","10","7","2022","22","30","5","900"
"fe5913680be0d5a85c7e44d42aca179f","7343","2022-10-07T22:30:00.000","RIVERSIDE DR / BURTON DR","NORTHBOUND","RIGHT TURN","false","2","20.0","1.414","0.7","0.849","10","7","2022","22","30","5","900"
"2cf3ad1d46599f795d284865f6f7a32a","7343","2022-10-07T22:30:00.000","RIVERSIDE DR / BURTON DR","NORTHBOUND","RIGHT TURN","true","5","12.0","11.424","11.52","24.064","10","7","2022","22","30","5","900"
"8a2330e61052de50a21a9b51d1d883ad","7343","2022-10-07T22:30:00.000","RIVERSIDE DR / BURTON DR","NORTHBOUND","THRU","false","7","12.714","16.51","17.571","29.012","10","7","2022","22","30","5","900"
"4ceb690978f7aa1b5893faaf6bee7d20","7343","2022-10-07T22:30:00.000","RIVERSIDE DR / BURTON DR","NORTHBOUND","THRU","true","14","17.0","20.157","9.436","14.842","10","7","2022","22","30","5","900"
"38cd715f04422ae2aaabc5b5ca0d420a","7343","2022-10-07T22:30:00.000","RIVERSIDE DR / BURTON DR","NORTHBOUND","U-TURN","true","1","46.0","0.0","0.8","0.0","10","7","2022","22","30","5","900"
"c237872f5721603c802c91728aa235a0","7343","2022-10-07T22:30:00.000","RIVERSIDE DR / BURTON DR","SOUTHBOUND","LEFT TURN","false","1","0.0","0.0","6.5","0.0","10","7","2022","22","30","5","900"
"cc4d11e8de23fc71392873974569e618","7343","2022-10-07T22:30:00.000","RIVERSIDE DR / BURTON DR","SOUTHBOUND","LEFT TURN","true","8","12.125","5.842","18.425","31.182","10","7","2022","22","30","5","900"
"b63492202f74d3d9c01ebbf55892580c","7343","2022-10-07T22:30:00.000","RIVERSIDE DR / BURTON DR","SOUTHBOUND","RIGHT TURN","false","18","9.333","1.94","6.328","6.4","10","7","2022","22","30","5","900"
"160c80f0e09bcff4c3c872ed75c43d7f","7343","2022-10-07T22:30:00.000","RIVERSIDE DR / BURTON DR","SOUTHBOUND","RIGHT TURN","true","8","8.125","2.642","3.875","2.86","10","7","2022","22","30","5","900"
"e9114ba86df3f4c61168a434646b7500","7343","2022-10-07T22:30:00.000","RIVERSIDE DR / BURTON DR","SOUTHBOUND","THRU","false","7","14.571","8.121","16.8","30.861","10","7","2022","22","30","5","900"
"e0130621db21a45ebf66560805a86208","7343","2022-10-07T22:30:00.000","RIVERSIDE DR / BURTON DR","SOUTHBOUND","THRU","true","10","15.2","7.436","12.97","25.703","10","7","2022","22","30","5","900"
"50460ea7e58e7c7458c4c5c17362a4f0","7343","2022-10-07T22:30:00.000","RIVERSIDE DR / BURTON DR","WESTBOUND","LEFT TURN","false","9","12.0","5.05","17.411","29.383","10","7","2022","22","30","5","900"
"11203fff2a2180d0a98126ea0b37a853","7343","2022-10-07T22:30:00.000","RIVERSIDE DR / BURTON DR","WESTBOUND","LEFT TURN","true","7","8.0","6.904","26.257","32.355","10","7","2022","22","30","5","900"
"2982664a8b9e10d24888cf7f24469d8c","7343","2022-10-07T22:30:00.000","RIVERSIDE DR / BURTON DR","WESTBOUND","RIGHT TURN","false","1","4.0","0.0","1.4","0.0","10","7","2022","22","30","5","900"
"168a612c16a5ffa78be6a1cde5eca91e","7343","2022-10-07T22:30:00.000","RIVERSIDE DR / BURTON DR","WESTBOUND","RIGHT TURN","true","4","2.5","3.0","4.7","1.512","10","7","2022","22","30","5","900"
"136f252d64d06af3ebf46241699ac3de","7343","2022-10-07T22:30:00.000","RIVERSIDE DR / BURTON DR","WESTBOUND","THRU","false","110","28.309","16.811","7.194","13.54","10","7","2022","22","30","5","900"
"aded7097aa9a11d4c99292e71970bc1c","7343","2022-10-07T22:30:00.000","RIVERSIDE DR / BURTON DR","WESTBOUND","THRU","true","46","26.935","16.221","7.713","13.772","10","7","2022","22","30","5","900"
"ba54d2702ca53bb2bd6e3286bde19cce","7343","2022-10-07T22:45:00.000","RIVERSIDE DR / BURTON DR","EASTBOUND","LEFT TURN","false","16","11.188","1.328","41.081","50.918","10","7","2022","22","45","5","900"
"4d4ce81af28453455b8076ddaefeb288","7343","2022-10-07T22:45:00.000","RIVERSIDE DR / BURTON DR","EASTBOUND","LEFT TURN","true","7","10.714","1.89","47.729","57.942","10","7","2022","22","45","5","900"
"6746c19037375115ae17b3bfd8dd9980","7343","2022-10-07T22:45:00.000","RIVERSIDE DR / BURTON DR","EASTBOUND","RIGHT TURN","true","1","8.0","0.0","0.0","0.0","10","7","2022","22","45","5","900"
"7a3ea7755095ed857e43cd292a898586","7343","2022-10-07T22:45:00.000","RIVERSIDE DR / BURTON DR","EASTBOUND","THRU","false","10","21.2","7.036","3.66","2.229","10","7","2022","22","45","5","900"
"2e0cd88332d057fbbe9a662dc080d082","7343","2022-10-07T22:45:00.000","RIVERSIDE DR / BURTON DR","EASTBOUND","THRU","true","108","24.361","8.344","3.786","10.918","10","7","2022","22","45","5","900"
"937ba7a792431f1d9846f08dbd2f333f","7343","2022-10-07T22:45:00.000","RIVERSIDE DR / BURTON DR","NORTHBOUND","LEFT TURN","false","14","3.929","7.966","38.986","33.36","10","7","2022","22","45","5","900"
"bd35046e1fe5fd30a9ce8ebddd03cd2a","7343","2022-10-07T22:45:00.000","RIVERSIDE DR / BURTON DR","NORTHBOUND","LEFT TURN","true","7","6.857","11.052","10.657","11.365","10","7","2022","22","45","5","900"
"7588056d6fb7a8676c2039bdd1cf0699","7343","2022-10-07T22:45:00.000","RIVERSIDE DR / BURTON DR","NORTHBOUND","RIGHT TURN","false","1","15.0","0.0","3.3","0.0","10","7","2022","22","45","5","900"
"e494385c75a793fb0b8da2190a08026f","7343","2022-10-07T22:45:00.000","RIVERSIDE DR / BURTON DR","NORTHBOUND","RIGHT TURN","true","4","6.0","10.708","3.125","3.019","10","7","2022","22","45","5","900"
"e5752b8f44b53cae150509b5f6fbc672","7343","2022-10-07T22:45:00.000","RIVERSIDE DR / BURTON DR","NORTHBOUND","THRU","false","8","22.875","12.529","9.8","21.425","10","7","2022","22","45","5","900"
"43f4e266fdaf138d12461ffa196d222e","7343","2022-10-07T22:45:00.000","RIVERSIDE DR / BURTON DR","NORTHBOUND","THRU","true","10","10.0","11.126","25.04","38.461","10","7","2022","22","45","5","900"
"f0a3e01a4c2e05bebb2e7764abfb7783","7343","2022-10-07T22:45:00.000","RIVERSIDE DR / BURTON DR","SOUTHBOUND","LEFT TURN","false","2","1.0","0.0","18.55","13.789","10","7","2022","22","45","5","900"
"8144313ec1e3573e3d718fe89cfbc412","7343","2022-10-07T22:45:00.000","RIVERSIDE DR / BURTON DR","SOUTHBOUND","LEFT TURN","true","7","13.857","6.644","11.143","20.437","10","7","2022","22","45","5","900"
"6e69c16931b4f889bb991d83353dab9b","7343","2022-10-07T22:45:00.000","RIVERSIDE DR / BURTON DR","SOUTHBOUND","RIGHT TURN","false","23","8.261","1.789","12.365","14.919","10","7","2022","22","45","5","900"
"05ee3b0339b175ef47badb3b529fe21f","7343","2022-10-07T22:45:00.000","RIVERSIDE DR / BURTON DR","SOUTHBOUND","RIGHT TURN","true","3","9.333","2.082","4.033","0.751","10","7","2022","22","45","5","900"
"21fe468f7b5a71a09090420865d9785a","7343","2022-10-07T22:45:00.000","RIVERSIDE DR / BURTON DR","SOUTHBOUND","THRU","false","3","13.333","3.512","11.2","13.015","10","7","2022","22","45","5","900"
"5c50e82b2c13ac2c8c03d2f3832c5b9b","7343","2022-10-07T22:45:00.000","RIVERSIDE DR / BURTON DR","SOUTHBOUND","THRU","true","8","13.625","4.868","18.65","25.339","10","7","2022","22","45","5","900"
"40a39f8cf0132d3831f1c170551300cc","7343","2022-10-07T22:45:00.000","RIVERSIDE DR / BURTON DR","WESTBOUND","LEFT TURN","false","13","11.615","2.987","28.954","35.52","10","7","2022","22","45","5","900"
"1257b32d46b52cfeb955cac1dc0311be","7343","2022-10-07T22:45:00.000","RIVERSIDE DR / BURTON DR","WESTBOUND","LEFT TURN","true","3","14.0","2.646","41.3","35.13","10","7","2022","22","45","5","900"
"fe358176124e3b259eb7e4929f471454","7343","2022-10-07T22:45:00.000","RIVERSIDE DR / BURTON DR","WESTBOUND","RIGHT TURN","false","8","1.875","2.949","3.588","2.085","10","7","2022","22","45","5","900"
"20451cd5960050cd82d5e4ea544ea502","7343","2022-10-07T22:45:00.000","RIVERSIDE DR / BURTON DR","WESTBOUND","RIGHT TURN","true","4","0.0","0.0","5.4","5.327","10","7","2022","22","45","5","900"
"26a21101a46ee9d7b71bc3379a659d2c","7343","2022-10-07T22:45:00.000","RIVERSIDE DR / BURTON DR","WESTBOUND","THRU","false","94","28.649","16.482","6.814","11.88","10","7","2022","22","45","5","900"
"a1d84beb8a998560917498eacbac3554","7343","2022-10-07T22:45:00.000","RIVERSIDE DR / BURTON DR","WESTBOUND","THRU","true","55","27.255","16.906","5.855","10.731","10","7","2022","22","45","5","900"
"f865d05c3729c3e942b62c5d7cf6532e","7343","2022-10-07T23:00:00.000","RIVERSIDE DR / BURTON DR","EASTBOUND","LEFT TURN","false","18","10.667","3.447","31.611","47.716","10","7","2022","23","0","5","900"
"a5aa64fa53c825d63b2036a6b5531a57","7343","2022-10-07T23:00:00.000","RIVERSIDE DR / BURTON DR","EASTBOUND","LEFT TURN","true","5","14.0","13.323","1.28","1.657","10","7","2022","23","0","5","900"
"e04993cac184183da8d68c31d952bd24","7343","2022-10-07T23:00:00.000","RIVERSIDE DR / BURTON DR","EASTBOUND","RIGHT TURN","true","4","8.25","6.85","0.5","1.0","10","7","2022","23","0","5","900"
"b009ebaffd8b4702143292b247329be9","7343","2022-10-07T23:00:00.000","RIVERSIDE DR / BURTON DR","EASTBOUND","THRU","false","9","24.0","13.295","1.167","1.192","10","7","2022","23","0","5","900"
"2e6157b2cbd2aac4e416b2c3296f9d85","7343","2022-10-07T23:00:00.000","RIVERSIDE DR / BURTON DR","EASTBOUND","THRU","true","78","25.91","9.921","3.968","12.063","10","7","2022","23","0","5","900"
"c8c6db6811752714490febac2891d17c","7343","2022-10-07T23:00:00.000","RIVERSIDE DR / BURTON DR","EASTBOUND","U-TURN","false","1","11.0","0.0","2.7","0.0","10","7","2022","23","0","5","900"
"c9914ee8d692a544813b687bb67da93e","7343","2022-10-07T23:00:00.000","RIVERSIDE DR / BURTON DR","NORTHBOUND","LEFT TURN","false","7","6.571","9.289","35.071","41.752","10","7","2022","23","0","5","900"
"19ebcca9b7e425e8be480625e4235a00","7343","2022-10-07T23:00:00.000","RIVERSIDE DR / BURTON DR","NORTHBOUND","LEFT TURN","true","8","2.25","4.301","47.05","61.243","10","7","2022","23","0","5","900"
"556e260788d8026f53eb00a3a93e9e39","7343","2022-10-07T23:00:00.000","RIVERSIDE DR / BURTON DR","NORTHBOUND","RIGHT TURN","false","2","13.0","2.828","5.05","0.071","10","7","2022","23","0","5","900"
"aa410fc499013d14252535e7d617aed7","7343","2022-10-07T23:00:00.000","RIVERSIDE DR / BURTON DR","NORTHBOUND","RIGHT TURN","true","4","8.25","16.5","30.325","60.384","10","7","2022","23","0","5","900"
"df391b2f03b163980163ad11493a24c3","7343","2022-10-07T23:00:00.000","RIVERSIDE DR / BURTON DR","NORTHBOUND","THRU","false","6","15.333","14.024","3.567","4.354","10","7","2022","23","0","5","900"
"ed5b5e8fcc5fd679c2bc66a47920038f","7343","2022-10-07T23:00:00.000","RIVERSIDE DR / BURTON DR","NORTHBOUND","THRU","true","16","14.625","16.544","9.237","15.6","10","7","2022","23","0","5","900"
"c1810dcd6cc64d8cbe27ef9f072eed88","7343","2022-10-07T23:00:00.000","RIVERSIDE DR / BURTON DR","SOUTHBOUND","LEFT TURN","false","1","0.0","0.0","5.2","0.0","10","7","2022","23","0","5","900"
"18e3884867f6b5c53973f441511e9833","7343","2022-10-07T23:00:00.000","RIVERSIDE DR / BURTON DR","SOUTHBOUND","LEFT TURN","true","6","8.333","8.824","6.783","7.807","10","7","2022","23","0","5","900"
"05182965ea794fc442dcb1964c0350b7","7343","2022-10-07T23:00:00.000","RIVERSIDE DR / BURTON DR","SOUTHBOUND","RIGHT TURN","false","12","9.0","2.0","4.567","2.206","10","7","2022","23","0","5","900"
"14cd1f6ba47322307b74600a143a9aab","7343","2022-10-07T23:00:00.000","RIVERSIDE DR / BURTON DR","SOUTHBOUND","RIGHT TURN","true","7","8.714","1.799","11.671","19.668","10","7","2022","23","0","5","900"
"eb0c8cee624832f012e980c9c530530b","7343","2022-10-07T23:00:00.000","RIVERSIDE DR / BURTON DR","SOUTHBOUND","THRU","false","3","15.0","3.606","13.267","17.119","10","7","2022","23","0","5","900"
"4bf98e67e2634f5731c5235514ca29e0","7343","2022-10-07T23:00:00.000","RIVERSIDE DR / BURTON DR","SOUTHBOUND","THRU","true","11","14.091","5.974","20.645","29.022","10","7","2022","23","0","5","900"
"235ca406809f0b0110170a5053be6866","7343","2022-10-07T23:00:00.000","RIVERSIDE DR / BURTON DR","SOUTHBOUND","U-TURN","true","1","11.0","0.0","0.7","0.0","10","7","2022","23","0","5","900"
"009848db77e4625c022e0f7ad43c626f","7343","2022-10-07T23:00:00.000","RIVERSIDE DR / BURTON DR","WESTBOUND","LEFT TURN","false","6","15.667","2.422","17.683","14.911","10","7","2022","23","0","5","900"
"c11f0d3784e0747ab9b04eb0efb70bb6","7343","2022-10-07T23:00:00.000","RIVERSIDE DR / BURTON DR","WESTBOUND","LEFT TURN","true","11","12.455","4.845","21.255","18.589","10","7","2022","23","0","5","900"
"e7d36855527d572db8232bd813992d7a","7343","2022-10-07T23:00:00.000","RIVERSIDE DR / BURTON DR","WESTBOUND","RIGHT TURN","false","9","0.0","0.0","8.444","6.099","10","7","2022","23","0","5","900"
"2b29860b95b97a6c4267b42f107f0759","7343","2022-10-07T23:00:00.000","RIVERSIDE DR / BURTON DR","WESTBOUND","RIGHT TURN","true","1","0.0","0.0","5.0","0.0","10","7","2022","23","0","5","900"
"59973981997462930a550627d5a6d6c4","7343","2022-10-07T23:00:00.000","RIVERSIDE DR / BURTON DR","WESTBOUND","THRU","false","95","26.316","16.405","8.192","13.077","10","7","2022","23","0","5","900"
"bdf8a91142b68637e4179220c4744bbe","7343","2022-10-07T23:00:00.000","RIVERSIDE DR / BURTON DR","WESTBOUND","THRU","true","46","28.283","16.418","6.467","10.171","10","7","2022","23","0","5","900"
"3661879f296732d1c2a91d8266c27dfd","7343","2022-10-07T23:15:00.000","RIVERSIDE DR / BURTON DR","EASTBOUND","LEFT TURN","false","12","12.25","3.019","34.983","47.871","10","7","2022","23","15","5","900"
"ce5b82621b1b41cc5851189a7e5f357d","7343","2022-10-07T23:15:00.000","RIVERSIDE DR / BURTON DR","EASTBOUND","LEFT TURN","true","5","10.0","5.385","23.34","47.959","10","7","2022","23","15","5","900"
"346033bf887c7583304698f09c47859f","7343","2022-10-07T23:15:00.000","RIVERSIDE DR / BURTON DR","EASTBOUND","RIGHT TURN","true","3","7.0","1.732","3.733","5.954","10","7","2022","23","15","5","900"
"d25f9bb399b37a5176dd40f54e15dde1","7343","2022-10-07T23:15:00.000","RIVERSIDE DR / BURTON DR","EASTBOUND","THRU","false","6","23.5","8.093","2.467","4.194","10","7","2022","23","15","5","900"
"d6ec60e8933d0bbb291b83ca5ba59d67","7343","2022-10-07T23:15:00.000","RIVERSIDE DR / BURTON DR","EASTBOUND","THRU","true","78","24.628","10.538","3.699","6.634","10","7","2022","23","15","5","900"
"26f1bdcf6fb8bf34b4560f20545d3465","7343","2022-10-07T23:15:00.000","RIVERSIDE DR / BURTON DR","NORTHBOUND","LEFT TURN","false","14","10.143","11.488","21.214","24.688","10","7","2022","23","15","5","900"
"d682f586edf7062ee8945c9ab2f3ccdb","7343","2022-10-07T23:15:00.000","RIVERSIDE DR / BURTON DR","NORTHBOUND","LEFT TURN","true","13","8.385","11.701","12.754","15.319","10","7","2022","23","15","5","900"
"926e35cb4679ef358bf0ec22c56f08e6","7343","2022-10-07T23:15:00.000","RIVERSIDE DR / BURTON DR","NORTHBOUND","RIGHT TURN","false","1","19.0","0.0","0.7","0.0","10","7","2022","23","15","5","900"
"9864348d17b036bc1dd2773a5ed63d1b","7343","2022-10-07T23:15:00.000","RIVERSIDE DR / BURTON DR","NORTHBOUND","RIGHT TURN","true","5","15.6","11.327","7.14","15.139","10","7","2022","23","15","5","900"
"ba0a8bcc478090f5d7e5f6b946a6368f","7343","2022-10-07T23:15:00.000","RIVERSIDE DR / BURTON DR","NORTHBOUND","THRU","false","10","23.3","25.377","13.23","19.282","10","7","2022","23","15","5","900"
"27eaa0a6c19fbf9abb31c07c69ae1095","7343","2022-10-07T23:15:00.000","RIVERSIDE DR / BURTON DR","NORTHBOUND","THRU","true","12","6.083","7.821","18.083","23.56","10","7","2022","23","15","5","900"
"95e42dbf7df5a4d2aa295cf39355b189","7343","2022-10-07T23:15:00.000","RIVERSIDE DR / BURTON DR","SOUTHBOUND","LEFT TURN","false","3","13.667","5.859","24.6","40.369","10","7","2022","23","15","5","900"
"206c996892602630c7284a7eabf43184","7343","2022-10-07T23:15:00.000","RIVERSIDE DR / BURTON DR","SOUTHBOUND","LEFT TURN","true","4","12.75","14.975","2.85","2.228","10","7","2022","23","15","5","900"
"2eac1e671b4cc83649929e0679296d36","7343","2022-10-07T23:15:00.000","RIVERSIDE DR / BURTON DR","SOUTHBOUND","RIGHT TURN","false","15","7.733","1.907","7.213","11.131","10","7","2022","23","15","5","900"
"12a4d32b96953d41f4416aba1835fc88","7343","2022-10-07T23:15:00.000","RIVERSIDE DR / BURTON DR","SOUTHBOUND","RIGHT TURN","true","10","7.7","1.252","10.19","10.401","10","7","2022","23","15","5","900"
"6ee44b256e4f596f565d2c2574d60dbf","7343","2022-10-07T23:15:00.000","RIVERSIDE DR / BURTON DR","SOUTHBOUND","THRU","false","3","16.0","2.646","44.333","36.144","10","7","2022","23","15","5","900"
"a570499322ca1361bc8ba3ccb2753c3c","7343","2022-10-07T23:15:00.000","RIVERSIDE DR / BURTON DR","SOUTHBOUND","THRU","true","10","12.2","5.308","20.33","22.473","10","7","2022","23","15","5","900"
"dc2165143d38b0459b457e8ecb5336f5","7343","2022-10-07T23:15:00.000","RIVERSIDE DR / BURTON DR","WESTBOUND","LEFT TURN","false","10","11.6","5.621","21.46","16.779","10","7","2022","23","15","5","900"
"d7545538c07f5d636c295489312ccb92","7343","2022-10-07T23:15:00.000","RIVERSIDE DR / BURTON DR","WESTBOUND","LEFT TURN","true","8","8.875","5.592","13.4","17.353","10","7","2022","23","15","5","900"
"8a00d5cf108555c739e711fbc75f4f8c","7343","2022-10-07T23:15:00.000","RIVERSIDE DR / BURTON DR","WESTBOUND","RIGHT TURN","false","6","0.0","0.0","4.4","1.787","10","7","2022","23","15","5","900"
"23883140dec14b18125c829c1694b9a3","7343","2022-10-07T23:15:00.000","RIVERSIDE DR / BURTON DR","WESTBOUND","RIGHT TURN","true","2","0.0","0.0","5.15","0.071","10","7","2022","23","15","5","900"
"baf0a7e92ca06459b48ecbe098b6c7aa","7343","2022-10-07T23:15:00.000","RIVERSIDE DR / BURTON DR","WESTBOUND","THRU","false","83","26.88","16.92","8.053","13.483","10","7","2022","23","15","5","900"
"582b388d7df8cbc43ac61bac1de34eca","7343","2022-10-07T23:15:00.000","RIVERSIDE DR / BURTON DR","WESTBOUND","THRU","true","43","24.791","18.824","7.735","12.81","10","7","2022","23","15","5","900"
"b7bbe5e93f8d61726f33f74bb7bf24ca","7343","2022-10-07T23:30:00.000","RIVERSIDE DR / BURTON DR","EASTBOUND","LEFT TURN","false","11","10.545","4.132","31.582","48.528","10","7","2022","23","30","5","900"
"dae62b77e039a5243a0971a2517212d3","7343","2022-10-07T23:30:00.000","RIVERSIDE DR / BURTON DR","EASTBOUND","LEFT TURN","true","7","10.714","2.812","49.386","48.768","10","7","2022","23","30","5","900"
"0868ad6c06444abd3d65fd27ee9075b1","7343","2022-10-07T23:30:00.000","RIVERSIDE DR / BURTON DR","EASTBOUND","RIGHT TURN","true","1","8.0","0.0","10.0","0.0","10","7","2022","23","30","5","900"
"1341ba1c37293f634194c68ef0576d42","7343","2022-10-07T23:30:00.000","RIVERSIDE DR / BURTON DR","EASTBOUND","THRU","false","9","30.333","7.599","2.589","2.265","10","7","2022","23","30","5","900"
"4054d5788da2d973e21c8d2dae399aec","7343","2022-10-07T23:30:00.000","RIVERSIDE DR / BURTON DR","EASTBOUND","THRU","true","68","27.441","9.96","1.665","1.306","10","7","2022","23","30","5","900"
"f0f7e785b0406d172175c608d7fecc22","7343","2022-10-07T23:30:00.000","RIVERSIDE DR / BURTON DR","EASTBOUND","U-TURN","false","2","7.5","2.121","59.5","78.347","10","7","2022","23","30","5","900"
"c151a280961404e87f5f868b23257666","7343","2022-10-07T23:30:00.000","RIVERSIDE DR / BURTON DR","NORTHBOUND","LEFT TURN","false","18","14.722","10.549","12.567","21.618","10","7","2022","23","30","5","900"
"f8d5d502559278cfac89f00561c167be","7343","2022-10-07T23:30:00.000","RIVERSIDE DR / BURTON DR","NORTHBOUND","LEFT TURN","true","9","6.889","9.981","14.411","13.099","10","7","2022","23","30","5","900"
"fefa9305e4acc16df1822bfcd4e918f6","7343","2022-10-07T23:30:00.000","RIVERSIDE DR / BURTON DR","NORTHBOUND","RIGHT TURN","true","2","10.5","14.849","1.2","1.697","10","7","2022","23","30","5","900"
"337bc44a6340ed194c03239504253ab1","7343","2022-10-07T23:30:00.000","RIVERSIDE DR / BURTON DR","NORTHBOUND","THRU","false","7","14.286","14.75","8.757","19.72","10","7","2022","23","30","5","900"
"945dd0b8f6413090662c1e2b96221f0b","7343","2022-10-07T23:30:00.000","RIVERSIDE DR / BURTON DR","NORTHBOUND","THRU","true","18","12.611","13.904","18.211","28.993","10","7","2022","23","30","5","900"
"acb7246d4d5ac1421ba4adda1a4a774b","7343","2022-10-07T23:30:00.000","RIVERSIDE DR / BURTON DR","SOUTHBOUND","LEFT TURN","false","3","6.0","5.196","10.6","13.564","10","7","2022","23","30","5","900"
"667e36b0f6c018295b3c6927f560f87d","7343","2022-10-07T23:30:00.000","RIVERSIDE DR / BURTON DR","SOUTHBOUND","LEFT TURN","true","4","16.0","4.082","36.45","49.511","10","7","2022","23","30","5","900"
"383607863d6a5aab95514209d3245174","7343","2022-10-07T23:30:00.000","RIVERSIDE DR / BURTON DR","SOUTHBOUND","RIGHT TURN","false","16","9.75","2.176","8.094","8.774","10","7","2022","23","30","5","900"
"e85811cfcccae274d4007424af231753","7343","2022-10-07T23:30:00.000","RIVERSIDE DR / BURTON DR","SOUTHBOUND","RIGHT TURN","true","9","7.333","3.202","6.878","6.072","10","7","2022","23","30","5","900"
"c28c5c915ea01f4c72fe79267a063520","7343","2022-10-07T23:30:00.000","RIVERSIDE DR / BURTON DR","SOUTHBOUND","THRU","false","3","12.667","4.509","49.233","42.535","10","7","2022","23","30","5","900"
"670a3610eba53874a22a181b99d352f7","7343","2022-10-07T23:30:00.000","RIVERSIDE DR / BURTON DR","SOUTHBOUND","THRU","true","9","18.333","6.062","18.689","28.44","10","7","2022","23","30","5","900"
"5ec4b0c9a6012cd8d82b8d97bfcf324d","7343","2022-10-07T23:30:00.000","RIVERSIDE DR / BURTON DR","WESTBOUND","LEFT TURN","false","8","9.625","7.891","9.25","13.414","10","7","2022","23","30","5","900"
"7f62e2321d277553d002def2c1030b90","7343","2022-10-07T23:30:00.000","RIVERSIDE DR / BURTON DR","WESTBOUND","LEFT TURN","true","4","8.25","5.56","24.375","46.052","10","7","2022","23","30","5","900"
"be38abf7197567e4a4968e7729655160","7343","2022-10-07T23:30:00.000","RIVERSIDE DR / BURTON DR","WESTBOUND","RIGHT TURN","false","7","4.0","5.508","7.357","4.793","10","7","2022","23","30","5","900"
"63574e9d4a82a2ac6c7e6f50f7b1684e","7343","2022-10-07T23:30:00.000","RIVERSIDE DR / BURTON DR","WESTBOUND","RIGHT TURN","true","2","0.0","0.0","8.0","3.96","10","7","2022","23","30","5","900"
"c2a27fc2b94bd5c873e6333c1f6c8f77","7343","2022-10-07T23:30:00.000","RIVERSIDE DR / BURTON DR","WESTBOUND","THRU","false","87","31.356","15.228","7.829","13.191","10","7","2022","23","30","5","900"
"f25f84b0e05c131d70c4ecc9d4defd7a","7343","2022-10-07T23:30:00.000","RIVERSIDE DR / BURTON DR","WESTBOUND","THRU","true","34","31.324","14.051","6.188","11.158","10","7","2022","23","30","5","900"
"8a47e0aa4007820993678534863e93ce","7343","2022-10-07T23:30:00.000","RIVERSIDE DR / BURTON DR","WESTBOUND","U-TURN","true","1","4.0","0.0","3.0","0.0","10","7","2022","23","30","5","900"
"4f982209001a0cf697448b1440f22841","7343","2022-10-07T23:45:00.000","RIVERSIDE DR / BURTON DR","EASTBOUND","LEFT TURN","false","18","11.944","2.555","23.222","40.275","10","7","2022","23","45","5","900"
"c3329232292047de1c8233a264201197","7343","2022-10-07T23:45:00.000","RIVERSIDE DR / BURTON DR","EASTBOUND","LEFT TURN","true","7","11.429","1.134","56.971","55.291","10","7","2022","23","45","5","900"
"0205fd0c716a695e31cfb316c81f276a","7343","2022-10-07T23:45:00.000","RIVERSIDE DR / BURTON DR","EASTBOUND","RIGHT TURN","false","1","6.0","0.0","0.7","0.0","10","7","2022","23","45","5","900"
"c94a72e016b290dfb884ac8cdfc6e327","7343","2022-10-07T23:45:00.000","RIVERSIDE DR / BURTON DR","EASTBOUND","RIGHT TURN","true","1","3.0","0.0","0.0","0.0","10","7","2022","23","45","5","900"
"866b87104e89afb0eb3ceae30f38a717","7343","2022-10-07T23:45:00.000","RIVERSIDE DR / BURTON DR","EASTBOUND","THRU","false","10","26.0","11.738","1.81","1.554","10","7","2022","23","45","5","900"
"0f6693c31465726c34ce70bd097d09aa","7343","2022-10-07T23:45:00.000","RIVERSIDE DR / BURTON DR","EASTBOUND","THRU","true","64","26.766","8.62","3.208","8.377","10","7","2022","23","45","5","900"
"00f06af48c615ab6ac48e7a3ed45482d","7343","2022-10-07T23:45:00.000","RIVERSIDE DR / BURTON DR","EASTBOUND","U-TURN","false","1","7.0","0.0","104.9","0.0","10","7","2022","23","45","5","900"
"d1cc490a4943e12d94cc03204eb174f9","7343","2022-10-07T23:45:00.000","RIVERSIDE DR / BURTON DR","NORTHBOUND","LEFT TURN","false","13","5.154","9.547","20.177","25.21","10","7","2022","23","45","5","900"
"d2a7de8cbc549328f2a021ad2a476198","7343","2022-10-07T23:45:00.000","RIVERSIDE DR / BURTON DR","NORTHBOUND","LEFT TURN","true","9","10.778","11.167","16.211","19.541","10","7","2022","23","45","5","900"
"1c882434df792f7a7cdb4c809f6bd473","7343","2022-10-07T23:45:00.000","RIVERSIDE DR / BURTON DR","NORTHBOUND","RIGHT TURN","true","5","0.0","0.0","1.16","2.594","10","7","2022","23","45","5","900"
"be7ffeceb8882c16bd9983a23f98db76","7343","2022-10-07T23:45:00.000","RIVERSIDE DR / BURTON DR","NORTHBOUND","THRU","false","7","11.429","15.778","22.886","26.493","10","7","2022","23","45","5","900"
"577b66a7e42a8ac15568654b9221994d","7343","2022-10-07T23:45:00.000","RIVERSIDE DR / BURTON DR","NORTHBOUND","THRU","true","8","5.75","9.528","9.588","13.405","10","7","2022","23","45","5","900"
"1fc8a462ce7d0d2dbf99b163a3ccfec4","7343","2022-10-07T23:45:00.000","RIVERSIDE DR / BURTON DR","SOUTHBOUND","LEFT TURN","false","1","7.0","0.0","3.2","0.0","10","7","2022","23","45","5","900"
"e401cf329e7f7ba6c374f918ae4481f5","7343","2022-10-07T23:45:00.000","RIVERSIDE DR / BURTON DR","SOUTHBOUND","LEFT TURN","true","2","10.5","4.95","78.55","25.668","10","7","2022","23","45","5","900"
"3d9e6ddf3e9023b99d545693b3949529","7343","2022-10-07T23:45:00.000","RIVERSIDE DR / BURTON DR","SOUTHBOUND","RIGHT TURN","false","10","8.2","3.12","6.56","3.434","10","7","2022","23","45","5","900"
"0b0bf070c2dfcb61a4b229681bc99068","7343","2022-10-07T23:45:00.000","RIVERSIDE DR / BURTON DR","SOUTHBOUND","RIGHT TURN","true","6","9.167","3.125","15.95","11.792","10","7","2022","23","45","5","900"
"6ea593b585f76eaaef66db850104fdb1","7343","2022-10-07T23:45:00.000","RIVERSIDE DR / BURTON DR","SOUTHBOUND","THRU","false","4","5.5","3.697","40.175","40.631","10","7","2022","23","45","5","900"
"9c8c3c3d251d66860aa7034318e0e85c","7343","2022-10-07T23:45:00.000","RIVERSIDE DR / BURTON DR","SOUTHBOUND","THRU","true","10","15.9","6.42","3.72","5.047","10","7","2022","23","45","5","900"
"6a3caef00865c580bfc07a72a460f5a4","7343","2022-10-07T23:45:00.000","RIVERSIDE DR / BURTON DR","WESTBOUND","LEFT TURN","false","6","11.5","6.058","20.7","24.32","10","7","2022","23","45","5","900"
"2bcb6c1f88f3d709c4614e6ad88ac8ff","7343","2022-10-07T23:45:00.000","RIVERSIDE DR / BURTON DR","WESTBOUND","LEFT TURN","true","10","10.7","5.889","27.5","22.311","10","7","2022","23","45","5","900"
"dbb40f47809a07615801404618302c61","7343","2022-10-07T23:45:00.000","RIVERSIDE DR / BURTON DR","WESTBOUND","RIGHT TURN","false","3","0.0","0.0","9.133","10.7","10","7","2022","23","45","5","900"
"01c0beb9c21391d4b03925a5e56ef775","7343","2022-10-07T23:45:00.000","RIVERSIDE DR / BURTON DR","WESTBOUND","RIGHT TURN","true","3","0.0","0.0","9.5","4.996","10","7","2022","23","45","5","900"
"b023a07e72983a572eb1052c68287b22","7343","2022-10-07T23:45:00.000","RIVERSIDE DR / BURTON DR","WESTBOUND","THRU","false","82","29.049","18.249","6.102","10.064","10","7","2022","23","45","5","900"
"7fbcb8411e721691e3aafccacd39f3f6","7343","2022-10-07T23:45:00.000","RIVERSIDE DR / BURTON DR","WESTBOUND","THRU","true","40","24.6","17.283","6.827","10.166","10","7","2022","23","45","5","900"
"b05ea45d48b8f1fa2d6d33969d0769ad","6881","2022-10-07T00:00:00.000","SLAUGHTER LN / LINDSHIRE LN","EASTBOUND","THRU","false","6","37.5","10.31","1.45","0.251","10","7","2022","0","0","5","900"
"d907834a75d75cdba03c3caa0be946e9","6881","2022-10-07T00:00:00.000","SLAUGHTER LN / LINDSHIRE LN","EASTBOUND","THRU","true","4","24.25","7.676","0.225","0.05","10","7","2022","0","0","5","900"
"bbff82ac8855c9604887649b7bbcd4f5","6881","2022-10-07T00:00:00.000","SLAUGHTER LN / LINDSHIRE LN","NORTHBOUND","LEFT TURN","true","1","0.0","0.0","10.2","0.0","10","7","2022","0","0","5","900"
"9515b29f4259576091d8e5580b80c342","6881","2022-10-07T00:00:00.000","SLAUGHTER LN / LINDSHIRE LN","NORTHBOUND","RIGHT TURN","false","1","3.0","0.0","0.2","0.0","10","7","2022","0","0","5","900"
"d37e174ce1a31527a98ddc97bebf22f1","6881","2022-10-07T00:00:00.000","SLAUGHTER LN / LINDSHIRE LN","WESTBOUND","THRU","false","11","30.818","3.157","2.027","0.28","10","7","2022","0","0","5","900"
"6d4d9b5eb28681dddc9d1f0dbbf9b16e","6881","2022-10-07T00:00:00.000","SLAUGHTER LN / LINDSHIRE LN","WESTBOUND","THRU","true","23","29.826","3.512","2.1","0.33","10","7","2022","0","0","5","900"
"abe586feb8e215c559f9ba31fa6927b1","6881","2022-10-07T00:15:00.000","SLAUGHTER LN / LINDSHIRE LN","EASTBOUND","THRU","false","4","28.25","14.151","0.8","0.762","10","7","2022","0","15","5","900"
"867d94f5cbf88bc92a04c8a9c4944957","6881","2022-10-07T00:15:00.000","SLAUGHTER LN / LINDSHIRE LN","EASTBOUND","THRU","true","7","27.143","9.335","0.657","0.68","10","7","2022","0","15","5","900"
"486cfe4631a6acb49077eb622ddef382","6881","2022-10-07T00:15:00.000","SLAUGHTER LN / LINDSHIRE LN","NORTHBOUND","LEFT TURN","true","1","6.0","0.0","0.1","0.0","10","7","2022","0","15","5","900"
"7271e9cfc357a613a155a7ec03010f3d","6881","2022-10-07T00:15:00.000","SLAUGHTER LN / LINDSHIRE LN","NORTHBOUND","RIGHT TURN","false","1","5.0","0.0","0.2","0.0","10","7","2022","0","15","5","900"
"800cdfb2e2912ec05f5868cb5b9ce86c","6881","2022-10-07T00:15:00.000","SLAUGHTER LN / LINDSHIRE LN","NORTHBOUND","RIGHT TURN","true","1","5.0","0.0","4.8","0.0","10","7","2022","0","15","5","900"
"ae1873db93e5aaae9d8caaecf5ab73ff","6881","2022-10-07T00:15:00.000","SLAUGHTER LN / LINDSHIRE LN","WESTBOUND","LEFT TURN","true","1","12.0","0.0","2.8","0.0","10","7","2022","0","15","5","900"
"7e4805d124077e8cf70c231b331b5cfe","6881","2022-10-07T00:15:00.000","SLAUGHTER LN / LINDSHIRE LN","WESTBOUND","THRU","false","12","32.417","5.728","1.858","0.284","10","7","2022","0","15","5","900"
"c8b1659426e7f3ee62ee630e44ebaa11","6881","2022-10-07T00:15:00.000","SLAUGHTER LN / LINDSHIRE LN","WESTBOUND","THRU","true","16","28.438","3.915","2.181","0.261","10","7","2022","0","15","5","900"
"1d863002734d2413dd442c5faba0ffa7","6881","2022-10-07T00:30:00.000","SLAUGHTER LN / LINDSHIRE LN","EASTBOUND","THRU","false","2","36.0","4.243","0.8","0.849","10","7","2022","0","30","5","900"
"291e2a924d91722f6346052bcbc1a04c","6881","2022-10-07T00:30:00.000","SLAUGHTER LN / LINDSHIRE LN","EASTBOUND","THRU","true","4","31.0","12.987","0.45","0.574","10","7","2022","0","30","5","900"
"0e204a443cc8a3a178ab530168563228","6881","2022-10-07T00:30:00.000","SLAUGHTER LN / LINDSHIRE LN","NORTHBOUND","LEFT TURN","false","1","3.0","0.0","11.6","0.0","10","7","2022","0","30","5","900"
"d96be60e149f5d80a398c245e1c44d43","6881","2022-10-07T00:30:00.000","SLAUGHTER LN / LINDSHIRE LN","WESTBOUND","LEFT TURN","false","5","8.8","0.837","2.68","2.191","10","7","2022","0","30","5","900"
"2a1c97f8f14bfa43f73607686092d4a5","6881","2022-10-07T00:30:00.000","SLAUGHTER LN / LINDSHIRE LN","WESTBOUND","LEFT TURN","true","1","9.0","0.0","4.8","0.0","10","7","2022","0","30","5","900"
"970b53232e6ffcc8160f4405e11486b6","6881","2022-10-07T00:30:00.000","SLAUGHTER LN / LINDSHIRE LN","WESTBOUND","THRU","false","7","30.714","2.498","2.071","0.35","10","7","2022","0","30","5","900"
"a719e34fdd3ba86cb8a94b817536d833","6881","2022-10-07T00:30:00.000","SLAUGHTER LN / LINDSHIRE LN","WESTBOUND","THRU","true","11","30.545","3.267","2.127","0.326","10","7","2022","0","30","5","900"
"e5eb68c8d3065f96c2d10ea148f63811","6881","2022-10-07T00:45:00.000","SLAUGHTER LN / LINDSHIRE LN","EASTBOUND","THRU","false","2","35.0","2.828","0.9","1.131","10","7","2022","0","45","5","900"
"5e0e5e6822cb1e20a14ba44fed2d8db8","6382","2022-10-07T00:00:00.000","FM 620 RD / DEERBROOK TRL","EASTBOUND","THRU","false","26","31.115","14.876","2.735","3.498","10","7","2022","0","0","5","900"
"28dab3f46c5d11ad7ed759354330b1cb","6382","2022-10-07T00:00:00.000","FM 620 RD / DEERBROOK TRL","EASTBOUND","THRU","true","15","35.733","12.853","2.833","3.775","10","7","2022","0","0","5","900"
"e377bb24336ac715a0d12e3320df875d","6382","2022-10-07T00:00:00.000","FM 620 RD / DEERBROOK TRL","NORTHBOUND","LEFT TURN","false","1","8.0","0.0","10.8","0.0","10","7","2022","0","0","5","900"
"d1312b7dab409436eb9928255f97a2a2","6382","2022-10-07T00:00:00.000","FM 620 RD / DEERBROOK TRL","NORTHBOUND","RIGHT TURN","false","3","5.0","2.0","3.2","4.335","10","7","2022","0","0","5","900"
"ae44a0a24eea805556a710069ab9d071","6382","2022-10-07T00:00:00.000","FM 620 RD / DEERBROOK TRL","NORTHBOUND","RIGHT TURN","true","1","0.0","0.0","0.4","0.0","10","7","2022","0","0","5","900"
"a967ee0a3e0226a02b4ae119fa4fc71c","6382","2022-10-07T00:00:00.000","FM 620 RD / DEERBROOK TRL","WESTBOUND","LEFT TURN","false","2","10.0","2.828","0.85","0.919","10","7","2022","0","0","5","900"
"d72335f326aab77c88986dbb2633d192","6382","2022-10-07T00:00:00.000","FM 620 RD / DEERBROOK TRL","WESTBOUND","LEFT TURN","true","1","15.0","0.0","0.9","0.0","10","7","2022","0","0","5","900"
"925cbcba01f0f4bad3b12d019cf329a6","6382","2022-10-07T00:00:00.000","FM 620 RD / DEERBROOK TRL","WESTBOUND","THRU","false","17","29.882","13.444","1.788","1.256","10","7","2022","0","0","5","900"
"8f2631b86d2917073f266f6dc5038107","6382","2022-10-07T00:00:00.000","FM 620 RD / DEERBROOK TRL","WESTBOUND","THRU","true","8","19.25","11.793","3.113","2.766","10","7","2022","0","0","5","900"
"c6782db1716a77552fee865a75c3af23","6382","2022-10-07T00:15:00.000","FM 620 RD / DEERBROOK TRL","EASTBOUND","THRU","false","12","34.333","15.114","2.392","2.897","10","7","2022","0","15","5","900"
"b8646e60d72f597e968ba520bec358e9","6382","2022-10-07T00:15:00.000","FM 620 RD / DEERBROOK TRL","EASTBOUND","THRU","true","6","34.167","17.904","2.667","2.617","10","7","2022","0","15","5","900"
"286c27f01281efe8bc29ddea6f6e01fa","6382","2022-10-07T00:15:00.000","FM 620 RD / DEERBROOK TRL","NORTHBOUND","RIGHT TURN","true","1","6.0","0.0","5.2","0.0","10","7","2022","0","15","5","900"
"3d6a4b980b39eae928f7ed77b83c4cba","6382","2022-10-07T00:15:00.000","FM 620 RD / DEERBROOK TRL","WESTBOUND","LEFT TURN","false","2","12.0","7.071","2.25","0.071","10","7","2022","0","15","5","900"
"2feebc03dc518613483993b8a1ca8392","6382","2022-10-07T00:15:00.000","FM 620 RD / DEERBROOK TRL","WESTBOUND","THRU","false","17","32.294","10.221","1.106","0.733","10","7","2022","0","15","5","900"
"7e1840be3094aee3b6fb83ec5c97644d","6382","2022-10-07T00:15:00.000","FM 620 RD / DEERBROOK TRL","WESTBOUND","THRU","true","10","34.5","8.885","2.47","3.615","10","7","2022","0","15","5","900"
"181037f49360eb921127309623984596","6382","2022-10-07T00:30:00.000","FM 620 RD / DEERBROOK TRL","EASTBOUND","RIGHT TURN","true","1","12.0","0.0","0.1","0.0","10","7","2022","0","30","5","900"
"3f2a58a23976351e71e3da0b8255f8da","6382","2022-10-07T00:30:00.000","FM 620 RD / DEERBROOK TRL","EASTBOUND","THRU","false","19","33.0","13.76","3.542","4.3","10","7","2022","0","30","5","900"
"b0e3ea33f5206deb2c9952166b2dd103","6382","2022-10-07T00:30:00.000","FM 620 RD / DEERBROOK TRL","EASTBOUND","THRU","true","9","35.667","13.426","1.467","2.172","10","7","2022","0","30","5","900"
"41aa0dfcaa3ebffffd57eadb44971984","6382","2022-10-07T00:30:00.000","FM 620 RD / DEERBROOK TRL","NORTHBOUND","RIGHT TURN","false","2","8.0","2.828","7.55","4.031","10","7","2022","0","30","5","900"
"acac406a7a5060a4f18cb72a88b97005","6382","2022-10-07T00:30:00.000","FM 620 RD / DEERBROOK TRL","WESTBOUND","LEFT TURN","false","2","14.5","3.536","0.95","0.071","10","7","2022","0","30","5","900"
"92c06cb347967f5a33b06f06665ec073","6382","2022-10-07T00:30:00.000","FM 620 RD / DEERBROOK TRL","WESTBOUND","THRU","false","10","30.3","11.304","1.58","1.072","10","7","2022","0","30","5","900"
"799940a89ec96c0a38c5df31975d5b26","6382","2022-10-07T00:30:00.000","FM 620 RD / DEERBROOK TRL","WESTBOUND","THRU","true","7","17.714","12.257","1.943","1.13","10","7","2022","0","30","5","900"
"937e7a3ee596176932996487c792e742","6382","2022-10-07T00:45:00.000","FM 620 RD / DEERBROOK TRL","EASTBOUND","THRU","false","14","31.857","17.078","2.879","3.324","10","7","2022","0","45","5","900"
"89c2d7d25fba66fece93a55b3775f44e","6382","2022-10-07T00:45:00.000","FM 620 RD / DEERBROOK TRL","EASTBOUND","THRU","true","5","39.2","15.643","1.82","1.674","10","7","2022","0","45","5","900"
"8b1f785f5c443a364495fc438038da9e","6382","2022-10-07T00:45:00.000","FM 620 RD / DEERBROOK TRL","EASTBOUND","U-TURN","true","1","3.0","0.0","0.9","0.0","10","7","2022","0","45","5","900"
"051d332d724f695e6e684510b5cec37e","6382","2022-10-07T00:45:00.000","FM 620 RD / DEERBROOK TRL","NORTHBOUND","RIGHT TURN","false","2","6.5","2.121","8.75","0.919","10","7","2022","0","45","5","900"
"6554e15bae5218a2762ee12081313864","6382","2022-10-07T00:45:00.000","FM 620 RD / DEERBROOK TRL","WESTBOUND","LEFT TURN","false","2","12.5","2.121","0.2","0.0","10","7","2022","0","45","5","900"
"0d66902a285d7fca0decd7a59690f41b","6382","2022-10-07T00:45:00.000","FM 620 RD / DEERBROOK TRL","WESTBOUND","THRU","false","6","29.833","17.44","2.117","2.155","10","7","2022","0","45","5","900"
"8e3916a1fb80e8b6064076eda89b2668","6382","2022-10-07T00:45:00.000","FM 620 RD / DEERBROOK TRL","WESTBOUND","THRU","true","13","23.692","15.212","3.146","3.88","10","7","2022","0","45","5","900"
"8182b48ad1921e274bfb2f6f77d855bb","6382","2022-10-07T01:00:00.000","FM 620 RD / DEERBROOK TRL","EASTBOUND","THRU","false","8","34.875","12.449","2.038","1.526","10","7","2022","1","0","5","900"
"b0158bdef5176d507a8e4e8caa34c3bf","6382","2022-10-07T01:00:00.000","FM 620 RD / DEERBROOK TRL","EASTBOUND","THRU","true","14","34.643","11.692","3.093","4.614","10","7","2022","1","0","5","900"
"c5c2a880db60d88371029fef06966b4b","6382","2022-10-07T01:00:00.000","FM 620 RD / DEERBROOK TRL","WESTBOUND","LEFT TURN","true","1","8.0","0.0","12.5","0.0","10","7","2022","1","0","5","900"
"27adf32c8c931551fae81e101622bcd4","6382","2022-10-07T01:00:00.000","FM 620 RD / DEERBROOK TRL","WESTBOUND","THRU","false","10","34.6","11.881","1.15","0.613","10","7","2022","1","0","5","900"
"99047923f4c9682e0aefdba9c7d59d6e","6382","2022-10-07T01:00:00.000","FM 620 RD / DEERBROOK TRL","WESTBOUND","THRU","true","3","26.667","23.861","1.167","0.569","10","7","2022","1","0","5","900"
"8f0f813cf3a8ca67eb53435138d6b7c2","6382","2022-10-07T01:15:00.000","FM 620 RD / DEERBROOK TRL","EASTBOUND","THRU","false","3","18.333","21.502","2.467","3.044","10","7","2022","1","15","5","900"
"8ec0f6a2022eea3c3a03cd195749d96e","6382","2022-10-07T01:15:00.000","FM 620 RD / DEERBROOK TRL","EASTBOUND","THRU","true","9","33.333","15.19","2.222","1.952","10","7","2022","1","15","5","900"
"f4aabfce1e247145c90509f82a4f7f05","6382","2022-10-07T01:15:00.000","FM 620 RD / DEERBROOK TRL","NORTHBOUND","RIGHT TURN","false","1","9.0","0.0","9.1","0.0","10","7","2022","1","15","5","900"
"0db7cb8a7d7d95c68ae2c70f116de99c","6382","2022-10-07T01:15:00.000","FM 620 RD / DEERBROOK TRL","NORTHBOUND","RIGHT TURN","true","1","8.0","0.0","6.8","0.0","10","7","2022","1","15","5","900"
"1381e7b4351c525044a0998bf4f18376","6382","2022-10-07T01:15:00.000","FM 620 RD / DEERBROOK TRL","WESTBOUND","THRU","false","7","22.286","12.244","4.3","5.708","10","7","2022","1","15","5","900"
"d70c1543b84928c042ef5a44e8704a99","6382","2022-10-07T01:15:00.000","FM 620 RD / DEERBROOK TRL","WESTBOUND","THRU","true","6","34.667","7.737","1.183","1.007","10","7","2022","1","15","5","900"
"7e306cdda4e66ffbf1c9ed88ff3dd1fc","6382","2022-10-07T01:30:00.000","FM 620 RD / DEERBROOK TRL","EASTBOUND","THRU","false","8","40.75","10.99","1.725","1.502","10","7","2022","1","30","5","900"
"3d3bee29554ddf0df210fcc5b8defa0b","6382","2022-10-07T01:30:00.000","FM 620 RD / DEERBROOK TRL","EASTBOUND","THRU","true","7","37.143","7.777","1.6","0.451","10","7","2022","1","30","5","900"
"655e9ddcc4e7997d3341c5e5f797c082","6382","2022-10-07T01:30:00.000","FM 620 RD / DEERBROOK TRL","WESTBOUND","LEFT TURN","false","3","14.333","2.082","1.333","1.079","10","7","2022","1","30","5","900"
"e4a3ccc1e328f28e1db813c046835948","6382","2022-10-07T01:30:00.000","FM 620 RD / DEERBROOK TRL","WESTBOUND","THRU","false","6","24.333","14.909","2.417","1.286","10","7","2022","1","30","5","900"
"aa622b0cb119040c4d491d22f278e957","6382","2022-10-07T01:30:00.000","FM 620 RD / DEERBROOK TRL","WESTBOUND","THRU","true","9","20.556","12.758","3.456","3.525","10","7","2022","1","30","5","900"
"d1f86ead32609b1bd4b03489ce2fad48","6382","2022-10-07T01:45:00.000","FM 620 RD / DEERBROOK TRL","EASTBOUND","THRU","false","10","38.2","7.671","1.18","0.752","10","7","2022","1","45","5","900"
"716cfff2433eabf3fb791b1b30449bc7","6382","2022-10-07T01:45:00.000","FM 620 RD / DEERBROOK TRL","EASTBOUND","THRU","true","4","31.25","17.933","1.9","1.192","10","7","2022","1","45","5","900"
"ce169d7804c4de3848d946b33cd60bac","6382","2022-10-07T01:45:00.000","FM 620 RD / DEERBROOK TRL","NORTHBOUND","RIGHT TURN","false","1","7.0","0.0","21.6","0.0","10","7","2022","1","45","5","900"
"f5d0ae8f2a1681af48f971f2a6c3beed","6382","2022-10-07T01:45:00.000","FM 620 RD / DEERBROOK TRL","WESTBOUND","LEFT TURN","false","1","13.0","0.0","2.8","0.0","10","7","2022","1","45","5","900"
"eef0a013e05a4051aa0f12bc8e74c9a1","6382","2022-10-07T01:45:00.000","FM 620 RD / DEERBROOK TRL","WESTBOUND","THRU","false","4","28.5","5.916","1.575","1.379","10","7","2022","1","45","5","900"
"d6b89aea390c62e394b5b0dcc2edfaad","6382","2022-10-07T01:45:00.000","FM 620 RD / DEERBROOK TRL","WESTBOUND","THRU","true","6","23.833","17.543","3.283","3.062","10","7","2022","1","45","5","900"
"ed6a4b9e148aac50f964a536234ba3cc","6382","2022-10-07T01:45:00.000","FM 620 RD / DEERBROOK TRL","WESTBOUND","U-TURN","true","1","9.0","0.0","18.8","0.0","10","7","2022","1","45","5","900"
"0c0d908c168b530768381eba6344b9a8","6382","2022-10-07T02:00:00.000","FM 620 RD / DEERBROOK TRL","EASTBOUND","THRU","false","8","28.125","14.894","4.15","4.931","10","7","2022","2","0","5","900"
"448b5b7ef08fdca7318efb4217440874","6382","2022-10-07T02:00:00.000","FM 620 RD / DEERBROOK TRL","EASTBOUND","THRU","true","3","39.333","7.371","0.533","0.586","10","7","2022","2","0","5","900"
"98d0f32909b5814c5e69a104b9324214","6382","2022-10-07T02:00:00.000","FM 620 RD / DEERBROOK TRL","WESTBOUND","THRU","false","3","27.667","16.258","0.833","0.503","10","7","2022","2","0","5","900"
"39a1ff33ac0cc4b534c13603514825f6","6382","2022-10-07T02:00:00.000","FM 620 RD / DEERBROOK TRL","WESTBOUND","THRU","true","2","22.5","19.092","6.85","8.273","10","7","2022","2","0","5","900"
"afbf644d813e6c37564a62aa8faf61b3","6382","2022-10-07T02:15:00.000","FM 620 RD / DEERBROOK TRL","EASTBOUND","THRU","false","3","31.333","10.263","1.767","1.002","10","7","2022","2","15","5","900"
"b46b96c781fbbaa63731352b0188c92c","6382","2022-10-07T02:15:00.000","FM 620 RD / DEERBROOK TRL","EASTBOUND","THRU","true","2","24.5","24.749","8.7","10.324","10","7","2022","2","15","5","900"
"3dc374ecde2f084052c3ef4f39e992ad","6382","2022-10-07T02:15:00.000","FM 620 RD / DEERBROOK TRL","NORTHBOUND","LEFT TURN","false","1","5.0","0.0","5.7","0.0","10","7","2022","2","15","5","900"
"1e518fd501012c18f5a41b0261594931","6382","2022-10-07T02:15:00.000","FM 620 RD / DEERBROOK TRL","NORTHBOUND","RIGHT TURN","false","2","8.5","0.707","9.6","1.414","10","7","2022","2","15","5","900"
"7bedd64b56af0e72eb7a3ef9337537fa","6382","2022-10-07T02:15:00.000","FM 620 RD / DEERBROOK TRL","NORTHBOUND","RIGHT TURN","true","1","0.0","0.0","5.3","0.0","10","7","2022","2","15","5","900"
"8c2fd840e6df702849a00a6552a308a1","6382","2022-10-07T02:15:00.000","FM 620 RD / DEERBROOK TRL","WESTBOUND","THRU","false","5","29.6","11.171","2.54","2.296","10","7","2022","2","15","5","900"
"90e4a474b1edb9588ead89951f472430","6382","2022-10-07T02:15:00.000","FM 620 RD / DEERBROOK TRL","WESTBOUND","THRU","true","5","22.8","12.677","2.78","1.408","10","7","2022","2","15","5","900"
"bb0f93f359697b4e1a09eb409222d0a3","6382","2022-10-07T02:30:00.000","FM 620 RD / DEERBROOK TRL","EASTBOUND","THRU","false","10","41.0","12.365","2.01","2.94","10","7","2022","2","30","5","900"
"a5af6a27831d9640a9df81ccae9e660d","6382","2022-10-07T02:30:00.000","FM 620 RD / DEERBROOK TRL","EASTBOUND","THRU","true","4","38.0","19.235","3.725","5.052","10","7","2022","2","30","5","900"
"296f5fe798e5dd1475343442bfe0660f","6382","2022-10-07T02:30:00.000","FM 620 RD / DEERBROOK TRL","WESTBOUND","LEFT TURN","true","1","14.0","0.0","2.0","0.0","10","7","2022","2","30","5","900"
"acbd842c197996d6efe2b6f4cd32d3f8","6382","2022-10-07T02:30:00.000","FM 620 RD / DEERBROOK TRL","WESTBOUND","THRU","false","2","42.0","4.243","0.8","0.141","10","7","2022","2","30","5","900"
"8ab74bde251a3d3a4f20170a0999e392","6382","2022-10-07T02:30:00.000","FM 620 RD / DEERBROOK TRL","WESTBOUND","THRU","true","3","31.667","20.502","2.667","3.233","10","7","2022","2","30","5","900"
"417e97608eafb5eb124500b57b0a59eb","6382","2022-10-07T02:45:00.000","FM 620 RD / DEERBROOK TRL","EASTBOUND","LEFT TURN","true","1","7.0","0.0","0.1","0.0","10","7","2022","2","45","5","900"
"76cdef0ec31c133491aef3fedffeb79d","6382","2022-10-07T02:45:00.000","FM 620 RD / DEERBROOK TRL","EASTBOUND","THRU","false","10","27.1","15.394","3.11","3.201","10","7","2022","2","45","5","900"
"6a0ddf8c1f594e8b96ed7b773fedb162","6382","2022-10-07T02:45:00.000","FM 620 RD / DEERBROOK TRL","EASTBOUND","THRU","true","5","31.0","18.18","5.32","6.124","10","7","2022","2","45","5","900"
"1c35eada42b0582f4a54a5d9677e7f54","6382","2022-10-07T02:45:00.000","FM 620 RD / DEERBROOK TRL","NORTHBOUND","RIGHT TURN","false","1","11.0","0.0","4.0","0.0","10","7","2022","2","45","5","900"
"90a2ac4e7532426199ee1b232227e2c5","6382","2022-10-07T02:45:00.000","FM 620 RD / DEERBROOK TRL","NORTHBOUND","RIGHT TURN","true","1","7.0","0.0","7.8","0.0","10","7","2022","2","45","5","900"
"4ce944c525abf45925e5b85c31affacb","6382","2022-10-07T02:45:00.000","FM 620 RD / DEERBROOK TRL","WESTBOUND","LEFT TURN","false","1","17.0","0.0","0.8","0.0","10","7","2022","2","45","5","900"
"bc286afb464f69a6d1db5d058c3c05b4","6382","2022-10-07T02:45:00.000","FM 620 RD / DEERBROOK TRL","WESTBOUND","LEFT TURN","true","2","6.0","8.485","3.9","3.111","10","7","2022","2","45","5","900"
"a128e220469e60e82347a5d6ee950179","6382","2022-10-07T02:45:00.000","FM 620 RD / DEERBROOK TRL","WESTBOUND","THRU","false","4","25.75","12.121","2.0","1.211","10","7","2022","2","45","5","900"
"3682ad7eb68d95c0e07f58d80b6bdd25","6382","2022-10-07T02:45:00.000","FM 620 RD / DEERBROOK TRL","WESTBOUND","THRU","true","9","30.667","15.588","1.589","1.166","10","7","2022","2","45","5","900"
"33358af98ae6bfff3e9f3ba04122b162","6382","2022-10-07T03:00:00.000","FM 620 RD / DEERBROOK TRL","EASTBOUND","THRU","false","10","36.8","11.612","2.23","3.507","10","7","2022","3","0","5","900"
"c9685e9b14c066e958c51408a8c70518","6382","2022-10-07T03:00:00.000","FM 620 RD / DEERBROOK TRL","EASTBOUND","THRU","true","4","39.25","10.813","1.0","0.648","10","7","2022","3","0","5","900"
"057b53a2161a7a117e627a70208f0770","6382","2022-10-07T03:00:00.000","FM 620 RD / DEERBROOK TRL","NORTHBOUND","RIGHT TURN","false","1","10.0","0.0","4.9","0.0","10","7","2022","3","0","5","900"
"776862699a6d66429d9be978e1b92d8c","6382","2022-10-07T03:00:00.000","FM 620 RD / DEERBROOK TRL","WESTBOUND","THRU","false","6","20.167","13.408","1.767","1.078","10","7","2022","3","0","5","900"
"472158e6acdc6e667fe456530613eaf5","6382","2022-10-07T03:00:00.000","FM 620 RD / DEERBROOK TRL","WESTBOUND","THRU","true","4","30.25","6.292","0.975","0.45","10","7","2022","3","0","5","900"
"6f21640b795ec29fc1c8c1fc34498e34","6382","2022-10-07T03:15:00.000","FM 620 RD / DEERBROOK TRL","EASTBOUND","THRU","false","7","38.143","17.563","3.014","4.011","10","7","2022","3","15","5","900"
"ddd37f12aed2879b85c4f409bdb54f14","6382","2022-10-07T03:15:00.000","FM 620 RD / DEERBROOK TRL","EASTBOUND","THRU","true","7","29.0","11.15","2.9","3.495","10","7","2022","3","15","5","900"
"63f316a3005914fde86fbb6e603371a5","6382","2022-10-07T03:15:00.000","FM 620 RD / DEERBROOK TRL","NORTHBOUND","RIGHT TURN","false","1","10.0","0.0","4.9","0.0","10","7","2022","3","15","5","900"
"e83b4b8295b7705176d7c53510e3465f","6382","2022-10-07T03:15:00.000","FM 620 RD / DEERBROOK TRL","WESTBOUND","LEFT TURN","false","1","13.0","0.0","1.0","0.0","10","7","2022","3","15","5","900"
"c3bb314cb521a970efc5a30aee3f22ae","6382","2022-10-07T03:15:00.000","FM 620 RD / DEERBROOK TRL","WESTBOUND","THRU","false","7","24.571","13.673","1.243","0.776","10","7","2022","3","15","5","900"
"89ab5e96ba6ae0076ad2b675b8ba8927","6382","2022-10-07T03:15:00.000","FM 620 RD / DEERBROOK TRL","WESTBOUND","THRU","true","1","38.0","0.0","3.5","0.0","10","7","2022","3","15","5","900"
"a4264b7a344e96cc68afbc56eba7e557","6382","2022-10-07T03:30:00.000","FM 620 RD / DEERBROOK TRL","EASTBOUND","THRU","false","6","37.333","20.422","2.85","2.762","10","7","2022","3","30","5","900"
"b4b8b888e5b74f474cc5ccbaefa722cd","6382","2022-10-07T03:30:00.000","FM 620 RD / DEERBROOK TRL","EASTBOUND","THRU","true","7","31.0","17.493","2.3","2.751","10","7","2022","3","30","5","900"
"04ec93c532087cd5d190b754d23e73f8","6382","2022-10-07T03:30:00.000","FM 620 RD / DEERBROOK TRL","NORTHBOUND","RIGHT TURN","false","1","8.0","0.0","23.3","0.0","10","7","2022","3","30","5","900"
"43c762b62ab16ded30382606459416da","6382","2022-10-07T03:30:00.000","FM 620 RD / DEERBROOK TRL","WESTBOUND","THRU","false","4","21.0","14.72","1.575","1.014","10","7","2022","3","30","5","900"
"dd8cef0e470ee33e44b3443ca363b863","6382","2022-10-07T03:30:00.000","FM 620 RD / DEERBROOK TRL","WESTBOUND","THRU","true","4","31.75","6.076","0.9","0.566","10","7","2022","3","30","5","900"
"6f05d54ee0f53dff80e3cd5fdc9f9fbe","6382","2022-10-07T03:45:00.000","FM 620 RD / DEERBROOK TRL","EASTBOUND","THRU","false","7","37.286","11.629","1.771","1.17","10","7","2022","3","45","5","900"
"78abda1e4f65c773bce0c74a2a3ff190","6382","2022-10-07T03:45:00.000","FM 620 RD / DEERBROOK TRL","EASTBOUND","THRU","true","2","46.5","2.121","1.2","0.141","10","7","2022","3","45","5","900"
"29edfbc81ce3a7d232965d19a3db828d","6382","2022-10-07T03:45:00.000","FM 620 RD / DEERBROOK TRL","WESTBOUND","THRU","false","7","38.0","12.987","1.057","0.382","10","7","2022","3","45","5","900"
"5d62f230123ab1fd01c1e12939a959ee","6382","2022-10-07T03:45:00.000","FM 620 RD / DEERBROOK TRL","WESTBOUND","THRU","true","2","20.0","21.213","0.55","0.636","10","7","2022","3","45","5","900"
"3193db71ac4c15b5bbf1b12205a6d518","6382","2022-10-07T04:00:00.000","FM 620 RD / DEERBROOK TRL","EASTBOUND","THRU","false","4","35.25","16.998","3.275","4.284","10","7","2022","4","0","5","900"
"d6240b27daacd696660420eafe850411","6382","2022-10-07T04:00:00.000","FM 620 RD / DEERBROOK TRL","EASTBOUND","THRU","true","5","33.2","18.13","4.36","4.314","10","7","2022","4","0","5","900"
"63232a0ed929fcccad368f407f843c4d","6382","2022-10-07T04:00:00.000","FM 620 RD / DEERBROOK TRL","WESTBOUND","THRU","false","5","35.2","12.071","1.06","0.451","10","7","2022","4","0","5","900"
"8452110977d1ca4fb59aba0db9b9f2bc","6382","2022-10-07T04:00:00.000","FM 620 RD / DEERBROOK TRL","WESTBOUND","THRU","true","2","26.0","19.799","5.6","6.647","10","7","2022","4","0","5","900"
"6a9b939ecbd0d039ea8e41c4885b98a7","6382","2022-10-07T04:15:00.000","FM 620 RD / DEERBROOK TRL","EASTBOUND","THRU","false","8","43.25","12.256","2.362","3.457","10","7","2022","4","15","5","900"
"8bc0b07a94e7a7f8e7f0161a586aa52d","6382","2022-10-07T04:15:00.000","FM 620 RD / DEERBROOK TRL","EASTBOUND","THRU","true","6","42.167","7.223","1.2","0.219","10","7","2022","4","15","5","900"
"f25682b05f83e06af33ce368e7218c4e","6382","2022-10-07T04:15:00.000","FM 620 RD / DEERBROOK TRL","WESTBOUND","LEFT TURN","true","2","5.5","7.778","4.1","4.808","10","7","2022","4","15","5","900"
"1bf55150a5d33a4903565bddb1ae8b0e","6382","2022-10-07T04:15:00.000","FM 620 RD / DEERBROOK TRL","WESTBOUND","THRU","false","4","18.25","14.975","4.425","5.852","10","7","2022","4","15","5","900"
"158e298ff868b7d86b5c406eac6640b7","6382","2022-10-07T04:15:00.000","FM 620 RD / DEERBROOK TRL","WESTBOUND","THRU","true","5","17.4","14.91","2.0","0.48","10","7","2022","4","15","5","900"
"b48bde612c3bfb55656fcc1252e9c8cd","6382","2022-10-07T04:30:00.000","FM 620 RD / DEERBROOK TRL","EASTBOUND","THRU","false","18","29.389","15.726","4.056","6.285","10","7","2022","4","30","5","900"
"3d86a22c421e893abc2623d161aa2556","6382","2022-10-07T04:30:00.000","FM 620 RD / DEERBROOK TRL","EASTBOUND","THRU","true","7","37.286","11.658","1.857","1.985","10","7","2022","4","30","5","900"
"8a174ec358ad7b719cba4f0b1947f011","6382","2022-10-07T04:30:00.000","FM 620 RD / DEERBROOK TRL","NORTHBOUND","RIGHT TURN","true","1","6.0","0.0","0.1","0.0","10","7","2022","4","30","5","900"
"ba854d15cac60251f0a632e8e320f6e2","6382","2022-10-07T04:30:00.000","FM 620 RD / DEERBROOK TRL","WESTBOUND","RIGHT TURN","false","1","11.0","0.0","1.3","0.0","10","7","2022","4","30","5","900"
"1e0b7a3449578c17fb5adbae64be1e45","6382","2022-10-07T04:30:00.000","FM 620 RD / DEERBROOK TRL","WESTBOUND","THRU","false","7","22.571","13.138","1.814","0.932","10","7","2022","4","30","5","900"
"02ad8be78f9af51e840dc0db3173acee","6382","2022-10-07T04:30:00.000","FM 620 RD / DEERBROOK TRL","WESTBOUND","THRU","true","10","24.8","15.69","1.25","0.952","10","7","2022","4","30","5","900"
"8173593db28428ff6f41ac31d240fb63","6382","2022-10-07T04:45:00.000","FM 620 RD / DEERBROOK TRL","EASTBOUND","THRU","false","15","39.6","16.331","2.327","3.486","10","7","2022","4","45","5","900"
"b1e716f1f86b903f07c7413e221077d2","6382","2022-10-07T04:45:00.000","FM 620 RD / DEERBROOK TRL","EASTBOUND","THRU","true","7","39.286","16.317","2.114","2.644","10","7","2022","4","45","5","900"
"868b08980c170df4979d1566fd7dd2d0","6382","2022-10-07T04:45:00.000","FM 620 RD / DEERBROOK TRL","EASTBOUND","U-TURN","true","1","43.0","0.0","0.3","0.0","10","7","2022","4","45","5","900"
"e7c11d46450c0a528fcee4348ab3f02b","6382","2022-10-07T04:45:00.000","FM 620 RD / DEERBROOK TRL","NORTHBOUND","RIGHT TURN","false","1","8.0","0.0","10.7","0.0","10","7","2022","4","45","5","900"
"c8d31119fa5ea231dbbef8852ea6708d","6382","2022-10-07T04:45:00.000","FM 620 RD / DEERBROOK TRL","WESTBOUND","THRU","false","9","34.222","13.526","1.478","1.934","10","7","2022","4","45","5","900"
"f1588f717f096f05a040e8045af477da","6382","2022-10-07T04:45:00.000","FM 620 RD / DEERBROOK TRL","WESTBOUND","THRU","true","11","24.818","12.311","2.855","4.043","10","7","2022","4","45","5","900"
"bfd8981e43c96ca9f00fe68f00525b9f","6382","2022-10-07T05:00:00.000","FM 620 RD / DEERBROOK TRL","EASTBOUND","THRU","false","19","37.947","11.9","1.584","1.077","10","7","2022","5","0","5","900"
"708fd3f65c65c5c272c2530998312749","6382","2022-10-07T05:00:00.000","FM 620 RD / DEERBROOK TRL","EASTBOUND","THRU","true","8","33.625","17.427","2.088","1.961","10","7","2022","5","0","5","900"
"966b7a53feb7f6155aebc0e8c11df84e","6382","2022-10-07T05:00:00.000","FM 620 RD / DEERBROOK TRL","NORTHBOUND","LEFT TURN","false","1","8.0","0.0","37.6","0.0","10","7","2022","5","0","5","900"
"80b2a9daff02e1b238970094920211fa","6382","2022-10-07T05:00:00.000","FM 620 RD / DEERBROOK TRL","NORTHBOUND","RIGHT TURN","true","1","8.0","0.0","10.6","0.0","10","7","2022","5","0","5","900"
"2ed19afbbdc3795cc7fe8f038eb99e19","6382","2022-10-07T05:00:00.000","FM 620 RD / DEERBROOK TRL","WESTBOUND","THRU","false","9","35.778","13.908","1.989","1.524","10","7","2022","5","0","5","900"
"b625289b4c82205efe9b24f8187f1787","6382","2022-10-07T05:00:00.000","FM 620 RD / DEERBROOK TRL","WESTBOUND","THRU","true","6","22.0","17.641","2.983","4.412","10","7","2022","5","0","5","900"
"d8106d78cd037a916bf55294a821b40d","6382","2022-10-07T05:15:00.000","FM 620 RD / DEERBROOK TRL","EASTBOUND","THRU","false","28","35.429","14.738","3.043","3.665","10","7","2022","5","15","5","900"
"7a7a3a205d40c90ce6ddacf6985f2b5c","6382","2022-10-07T05:15:00.000","FM 620 RD / DEERBROOK TRL","EASTBOUND","THRU","true","15","37.6","13.902","2.887","4.169","10","7","2022","5","15","5","900"
"b689c74f681e3da0653293a5cdbe6dfe","6382","2022-10-07T05:15:00.000","FM 620 RD / DEERBROOK TRL","NORTHBOUND","RIGHT TURN","false","6","6.833","2.483","5.917","5.222","10","7","2022","5","15","5","900"
"44c41811da79478ed317ed9e7938ca2d","6382","2022-10-07T05:15:00.000","FM 620 RD / DEERBROOK TRL","NORTHBOUND","RIGHT TURN","true","2","9.0","4.243","7.0","3.818","10","7","2022","5","15","5","900"
"e25104643067757f10fa21c835ba5561","6382","2022-10-07T05:15:00.000","FM 620 RD / DEERBROOK TRL","WESTBOUND","LEFT TURN","true","1","8.0","0.0","3.3","0.0","10","7","2022","5","15","5","900"
"230abba2849f121cf98f1e1dfa6d2571","6382","2022-10-07T05:15:00.000","FM 620 RD / DEERBROOK TRL","WESTBOUND","THRU","false","22","31.091","12.943","1.764","1.882","10","7","2022","5","15","5","900"
"202fdb4940ab1943d754541061efd975","6382","2022-10-07T05:15:00.000","FM 620 RD / DEERBROOK TRL","WESTBOUND","THRU","true","15","32.2","13.702","1.76","0.988","10","7","2022","5","15","5","900"
"7cccdf593d65a831d6a59839a36cb318","6382","2022-10-07T05:30:00.000","FM 620 RD / DEERBROOK TRL","EASTBOUND","RIGHT TURN","false","1","14.0","0.0","2.4","0.0","10","7","2022","5","30","5","900"
"02a218b96eb7a14ae5db7b8bf9d9b7ce","6382","2022-10-07T05:30:00.000","FM 620 RD / DEERBROOK TRL","EASTBOUND","THRU","false","39","45.667","7.22","1.336","2.15","10","7","2022","5","30","5","900"
"414039ae53cb0bb5c04d33ff6fed4170","6382","2022-10-07T05:30:00.000","FM 620 RD / DEERBROOK TRL","EASTBOUND","THRU","true","26","45.615","4.809","1.046","0.247","10","7","2022","5","30","5","900"
"465c5b85ba7cf63b40fa7bce6415046d","6382","2022-10-07T05:30:00.000","FM 620 RD / DEERBROOK TRL","NORTHBOUND","RIGHT TURN","false","5","7.6","0.894","7.56","6.978","10","7","2022","5","30","5","900"
"f86eb8f2eed0c63c4fb5071e1420b7c5","6382","2022-10-07T05:30:00.000","FM 620 RD / DEERBROOK TRL","WESTBOUND","LEFT TURN","true","1","9.0","0.0","2.2","0.0","10","7","2022","5","30","5","900"
"fc22c409597342e6b037d1c8ed542d05","6382","2022-10-07T05:30:00.000","FM 620 RD / DEERBROOK TRL","WESTBOUND","THRU","false","36","38.667","9.508","1.369","0.91","10","7","2022","5","30","5","900"
"47ffed4595450e0a4d071ff5abe3bc47","6382","2022-10-07T05:30:00.000","FM 620 RD / DEERBROOK TRL","WESTBOUND","THRU","true","16","32.938","9.889","1.362","1.407","10","7","2022","5","30","5","900"
"dcc8e2347269a81d9336d78d9f6748fd","6382","2022-10-07T05:45:00.000","FM 620 RD / DEERBROOK TRL","EASTBOUND","THRU","false","52","46.769","9.209","1.192","0.52","10","7","2022","5","45","5","900"
"840ff3e34883ca254ba8f1c8c575fe04","6382","2022-10-07T05:45:00.000","FM 620 RD / DEERBROOK TRL","EASTBOUND","THRU","true","27","44.481","8.206","1.23","1.766","10","7","2022","5","45","5","900"
"124d7a7b819f050bf16166a1d183f55e","6382","2022-10-07T05:45:00.000","FM 620 RD / DEERBROOK TRL","NORTHBOUND","RIGHT TURN","false","4","8.25","0.5","4.65","3.797","10","7","2022","5","45","5","900"
"2b0670cab71879d4ae68a328d22f251e","6382","2022-10-07T05:45:00.000","FM 620 RD / DEERBROOK TRL","NORTHBOUND","RIGHT TURN","true","3","9.0","2.646","7.433","2.73","10","7","2022","5","45","5","900"
"ab3a15252efc1864d8efae1aa87fa4ca","6382","2022-10-07T05:45:00.000","FM 620 RD / DEERBROOK TRL","WESTBOUND","LEFT TURN","false","1","16.0","0.0","0.8","0.0","10","7","2022","5","45","5","900"
"0b44cf06f626a26790917a389098e68b","6382","2022-10-07T05:45:00.000","FM 620 RD / DEERBROOK TRL","WESTBOUND","LEFT TURN","true","3","10.0","8.718","2.167","2.196","10","7","2022","5","45","5","900"
"f92f4179a883f790d22d4f7e5715753e","6382","2022-10-07T05:45:00.000","FM 620 RD / DEERBROOK TRL","WESTBOUND","THRU","false","31","39.194","6.7","1.565","0.991","10","7","2022","5","45","5","900"
"fbd1e705acb2e36a292b60b6c41eab42","6382","2022-10-07T05:45:00.000","FM 620 RD / DEERBROOK TRL","WESTBOUND","THRU","true","19","40.526","4.563","1.574","1.1","10","7","2022","5","45","5","900"
"4bc2f487af30e7c8c319cbf631f2bd3c","6382","2022-10-07T06:00:00.000","FM 620 RD / DEERBROOK TRL","EASTBOUND","THRU","false","60","46.633","8.77","1.332","1.771","10","7","2022","6","0","5","900"
"1e5705feaa5d5562c37c2ee36a6c76a9","6382","2022-10-07T06:00:00.000","FM 620 RD / DEERBROOK TRL","EASTBOUND","THRU","true","46","44.804","6.195","1.139","0.5","10","7","2022","6","0","5","900"
"e174d700d2842f9ac9de46414a719f50","6382","2022-10-07T06:00:00.000","FM 620 RD / DEERBROOK TRL","NORTHBOUND","LEFT TURN","false","1","12.0","0.0","45.5","0.0","10","7","2022","6","0","5","900"
"223820b434b021072908caeb701a081a","6382","2022-10-07T06:00:00.000","FM 620 RD / DEERBROOK TRL","NORTHBOUND","RIGHT TURN","false","3","6.333","0.577","7.4","6.001","10","7","2022","6","0","5","900"
"4e11eff80ef9ffbcfc65412a6210241f","6382","2022-10-07T06:00:00.000","FM 620 RD / DEERBROOK TRL","NORTHBOUND","RIGHT TURN","true","1","9.0","0.0","8.7","0.0","10","7","2022","6","0","5","900"
"fc2b50ca066619a92d07953d8d942795","6382","2022-10-07T06:00:00.000","FM 620 RD / DEERBROOK TRL","WESTBOUND","LEFT TURN","false","1","15.0","0.0","2.4","0.0","10","7","2022","6","0","5","900"
"207c42588ff8af22a697c9c53dac0739","6382","2022-10-07T06:00:00.000","FM 620 RD / DEERBROOK TRL","WESTBOUND","LEFT TURN","true","2","10.5","3.536","1.2","1.131","10","7","2022","6","0","5","900"
"2570d884e7c296c538447b1af5ad98b3","6382","2022-10-07T06:00:00.000","FM 620 RD / DEERBROOK TRL","WESTBOUND","THRU","false","42","40.857","4.927","1.279","0.798","10","7","2022","6","0","5","900"
"24598b7db345b00f68df819adc74c826","6382","2022-10-07T06:00:00.000","FM 620 RD / DEERBROOK TRL","WESTBOUND","THRU","true","27","37.444","8.546","1.274","0.864","10","7","2022","6","0","5","900"
"1ae09ad3cc95dfc95c93ea8cbf7bd104","6382","2022-10-07T06:15:00.000","FM 620 RD / DEERBROOK TRL","EASTBOUND","THRU","false","79","46.797","5.765","1.258","1.561","10","7","2022","6","15","5","900"
"9bcc92412ade010d041588c3ef51a071","6382","2022-10-07T06:15:00.000","FM 620 RD / DEERBROOK TRL","EASTBOUND","THRU","true","51","45.392","6.815","1.298","1.388","10","7","2022","6","15","5","900"
"53425b84ac32ea034ce6e8f8841aa4d5","6382","2022-10-07T06:15:00.000","FM 620 RD / DEERBROOK TRL","NORTHBOUND","RIGHT TURN","false","4","5.75","0.957","8.275","11.014","10","7","2022","6","15","5","900"
"94214ca928c44e0b9b9cf35d22119999","6382","2022-10-07T06:15:00.000","FM 620 RD / DEERBROOK TRL","WESTBOUND","LEFT TURN","true","4","6.25","7.5","1.625","2.341","10","7","2022","6","15","5","900"
"fdc6b047384cead5b8f6241a97e61c53","6382","2022-10-07T06:15:00.000","FM 620 RD / DEERBROOK TRL","WESTBOUND","THRU","false","48","36.833","10.253","1.144","0.632","10","7","2022","6","15","5","900"
"7da8baf575816c8a62775b2b17369d58","6382","2022-10-07T06:15:00.000","FM 620 RD / DEERBROOK TRL","WESTBOUND","THRU","true","48","37.458","6.401","1.344","1.019","10","7","2022","6","15","5","900"
"d0779b4b5972e12ac2db67962699815a","6382","2022-10-07T06:30:00.000","FM 620 RD / DEERBROOK TRL","EASTBOUND","THRU","false","99","38.232","11.833","2.798","5.975","10","7","2022","6","30","5","900"
"3003f84d85bfd868f48b2b34a09068e2","6382","2022-10-07T06:30:00.000","FM 620 RD / DEERBROOK TRL","EASTBOUND","THRU","true","31","39.194","11.574","2.058","4.345","10","7","2022","6","30","5","900"
"86187e593c9952b73650c2a2860a9878","6382","2022-10-07T06:30:00.000","FM 620 RD / DEERBROOK TRL","NORTHBOUND","RIGHT TURN","false","8","7.0","1.927","11.3","8.17","10","7","2022","6","30","5","900"
"4cdeee2b18ecd67bb62467c024a1a8b2","6382","2022-10-07T06:30:00.000","FM 620 RD / DEERBROOK TRL","NORTHBOUND","RIGHT TURN","true","7","7.0","2.0","14.057","10.302","10","7","2022","6","30","5","900"
"b8ec06a6fd879feb374c071f3953ea47","6382","2022-10-07T06:30:00.000","FM 620 RD / DEERBROOK TRL","WESTBOUND","LEFT TURN","false","2","6.5","9.192","3.3","3.253","10","7","2022","6","30","5","900"
"95c1f759b2f7d01fb7573cafd162c68e","6382","2022-10-07T06:30:00.000","FM 620 RD / DEERBROOK TRL","WESTBOUND","THRU","false","80","37.7","8.051","1.323","1.525","10","7","2022","6","30","5","900"
"82e5ee29cffbede4892d4265c028fa27","6382","2022-10-07T06:30:00.000","FM 620 RD / DEERBROOK TRL","WESTBOUND","THRU","true","57","37.456","5.117","1.46","1.027","10","7","2022","6","30","5","900"
"3987a28865e55e822808e3794aed50be","6382","2022-10-07T06:45:00.000","FM 620 RD / DEERBROOK TRL","EASTBOUND","RIGHT TURN","true","1","13.0","0.0","2.7","0.0","10","7","2022","6","45","5","900"
"bdb98db79dd9a7def050a5ddeee0282e","6382","2022-10-07T06:45:00.000","FM 620 RD / DEERBROOK TRL","EASTBOUND","THRU","false","120","37.175","11.517","1.933","3.538","10","7","2022","6","45","5","900"
"4197895f768eba94e097d1db2b804883","6382","2022-10-07T06:45:00.000","FM 620 RD / DEERBROOK TRL","EASTBOUND","THRU","true","58","36.19","11.522","2.631","6.011","10","7","2022","6","45","5","900"
"af0e64a87869c9fb668462734b22c348","6382","2022-10-07T06:45:00.000","FM 620 RD / DEERBROOK TRL","NORTHBOUND","LEFT TURN","false","2","7.5","0.707","2.1","2.828","10","7","2022","6","45","5","900"
"c5e829e2eb72d114f8237c91b3288327","6382","2022-10-07T06:45:00.000","FM 620 RD / DEERBROOK TRL","NORTHBOUND","RIGHT TURN","false","8","7.375","1.188","7.288","5.424","10","7","2022","6","45","5","900"
"2c950e4dee1b5fa3ae6b0e183485fc78","6382","2022-10-07T06:45:00.000","FM 620 RD / DEERBROOK TRL","NORTHBOUND","RIGHT TURN","true","5","4.8","2.95","9.62","11.199","10","7","2022","6","45","5","900"
"19e3764c179d7910689d105bd4437f5a","6382","2022-10-07T06:45:00.000","FM 620 RD / DEERBROOK TRL","WESTBOUND","LEFT TURN","false","3","11.667","2.082","1.7","0.458","10","7","2022","6","45","5","900"
"ee36f9df2d7996da154ce30ab9cf5921","6382","2022-10-07T06:45:00.000","FM 620 RD / DEERBROOK TRL","WESTBOUND","LEFT TURN","true","4","9.5","4.933","1.4","1.137","10","7","2022","6","45","5","900"
"27eb279166b97f15f712774f4e76bbbd","6382","2022-10-07T06:45:00.000","FM 620 RD / DEERBROOK TRL","WESTBOUND","THRU","false","84","37.619","6.99","1.249","1.955","10","7","2022","6","45","5","900"
"7743c620ba4681ba35964b09e72f32a4","6382","2022-10-07T06:45:00.000","FM 620 RD / DEERBROOK TRL","WESTBOUND","THRU","true","49","36.959","7.497","1.376","0.986","10","7","2022","6","45","5","900"
"2c38e263dea5194bd69586b38e5d8ce5","6382","2022-10-07T07:00:00.000","FM 620 RD / DEERBROOK TRL","EASTBOUND","THRU","false","214","35.664","10.672","1.709","2.316","10","7","2022","7","0","5","900"
"dd5d305c8004c853f72c431f3361ff76","6382","2022-10-07T07:00:00.000","FM 620 RD / DEERBROOK TRL","EASTBOUND","THRU","true","15","37.2","9.85","1.407","1.069","10","7","2022","7","0","5","900"
"27f868df0c60263c5c5784f4edcdebfd","6382","2022-10-07T07:00:00.000","FM 620 RD / DEERBROOK TRL","NORTHBOUND","RIGHT TURN","false","14","4.929","3.149","12.171","11.135","10","7","2022","7","0","5","900"
"301717c62304eff14f508be9004c2ebd","6382","2022-10-07T07:00:00.000","FM 620 RD / DEERBROOK TRL","NORTHBOUND","RIGHT TURN","true","2","7.5","2.121","12.05","16.051","10","7","2022","7","0","5","900"
"65966bd6e97a7d7bc1e984530462207c","6382","2022-10-07T07:00:00.000","FM 620 RD / DEERBROOK TRL","NORTHBOUND","THRU","true","1","7.0","0.0","5.3","0.0","10","7","2022","7","0","5","900"
"937dceec7511dc9b931bb95612696b92","6382","2022-10-07T07:00:00.000","FM 620 RD / DEERBROOK TRL","WESTBOUND","LEFT TURN","false","9","11.0","5.545","0.622","0.68","10","7","2022","7","0","5","900"
"467ab1a5661fc963cdb34508dae587a5","6382","2022-10-07T07:00:00.000","FM 620 RD / DEERBROOK TRL","WESTBOUND","LEFT TURN","true","2","0.0","0.0","6.45","1.061","10","7","2022","7","0","5","900"
"73dcaa47a58302bf420ca675060bd0d7","6382","2022-10-07T07:00:00.000","FM 620 RD / DEERBROOK TRL","WESTBOUND","THRU","false","194","35.778","7.334","0.985","0.587","10","7","2022","7","0","5","900"
"527935f2f262860ac5efa449b97ce13a","6382","2022-10-07T07:00:00.000","FM 620 RD / DEERBROOK TRL","WESTBOUND","THRU","true","20","38.15","5.254","0.82","0.543","10","7","2022","7","0","5","900"
"88e32a48ef1c723ad4bbf5253ff60736","6382","2022-10-07T07:15:00.000","FM 620 RD / DEERBROOK TRL","EASTBOUND","RIGHT TURN","false","3","25.333","18.771","1.267","0.777","10","7","2022","7","15","5","900"
"e2308988c1179aad30f73ebda8536ba2","6382","2022-10-07T07:15:00.000","FM 620 RD / DEERBROOK TRL","EASTBOUND","THRU","false","274","33.577","9.481","1.385","1.358","10","7","2022","7","15","5","900"
"067093e572b5af171191ca0ab4fc1692","6382","2022-10-07T07:15:00.000","FM 620 RD / DEERBROOK TRL","EASTBOUND","THRU","true","20","30.8","11.247","1.65","2.332","10","7","2022","7","15","5","900"
"1ced3c964e3e15485b35ef1eeae05757","6382","2022-10-07T07:15:00.000","FM 620 RD / DEERBROOK TRL","NORTHBOUND","LEFT TURN","false","1","8.0","0.0","42.4","0.0","10","7","2022","7","15","5","900"
"bc36348cc648d7dcbab1870ab4e9193b","6382","2022-10-07T07:15:00.000","FM 620 RD / DEERBROOK TRL","NORTHBOUND","RIGHT TURN","false","12","4.0","2.73","19.792","19.587","10","7","2022","7","15","5","900"
"708571cae0e75d86ae52275ef1c0a116","6382","2022-10-07T07:15:00.000","FM 620 RD / DEERBROOK TRL","NORTHBOUND","RIGHT TURN","true","6","6.0","3.406","52.0","60.673","10","7","2022","7","15","5","900"
"824fc48fafe6534febfe55d82b2298d7","6382","2022-10-07T07:15:00.000","FM 620 RD / DEERBROOK TRL","NORTHBOUND","THRU","false","2","5.5","7.778","23.3","32.81","10","7","2022","7","15","5","900"
"5852975236bd3a2571cd865e347e1a15","6382","2022-10-07T07:15:00.000","FM 620 RD / DEERBROOK TRL","WESTBOUND","LEFT TURN","false","22","11.727","11.432","12.686","31.142","10","7","2022","7","15","5","900"
"eafde66722bdad29a1aaae2d6a11a985","6382","2022-10-07T07:15:00.000","FM 620 RD / DEERBROOK TRL","WESTBOUND","LEFT TURN","true","2","9.0","2.828","2.55","3.606","10","7","2022","7","15","5","900"
"c6cfd4ce648aab39ceacea1adafdf125","6382","2022-10-07T07:15:00.000","FM 620 RD / DEERBROOK TRL","WESTBOUND","THRU","false","381","33.916","7.188","1.328","2.644","10","7","2022","7","15","5","900"
"d95cfbb2b3095fc98dc274c88bd4b3ce","6382","2022-10-07T07:15:00.000","FM 620 RD / DEERBROOK TRL","WESTBOUND","THRU","true","18","37.056","4.659","0.844","0.313","10","7","2022","7","15","5","900"
"483014cb00a83c2b7904019a2471769a","6382","2022-10-07T07:30:00.000","FM 620 RD / DEERBROOK TRL","EASTBOUND","RIGHT TURN","false","4","13.25","2.363","1.075","0.974","10","7","2022","7","30","5","900"
"94fede7d5ad97e24674154b714d9af05","6382","2022-10-07T07:30:00.000","FM 620 RD / DEERBROOK TRL","EASTBOUND","THRU","false","331","31.429","9.759","1.771","3.893","10","7","2022","7","30","5","900"
"2e26717d1a8aa665171a4b3f0aba07d2","6382","2022-10-07T07:30:00.000","FM 620 RD / DEERBROOK TRL","EASTBOUND","THRU","true","22","31.455","8.337","2.168","5.58","10","7","2022","7","30","5","900"
"e92d1d13a12ecfae183f2cf43f78a607","6382","2022-10-07T07:30:00.000","FM 620 RD / DEERBROOK TRL","NORTHBOUND","LEFT TURN","false","4","8.25","0.957","71.175","57.898","10","7","2022","7","30","5","900"
"d98c54d879a06de0fbb07b2e3be135b4","6382","2022-10-07T07:30:00.000","FM 620 RD / DEERBROOK TRL","NORTHBOUND","RIGHT TURN","false","22","3.182","3.002","27.691","37.145","10","7","2022","7","30","5","900"
"bbbba14fc4c297501ff1a696de48302e","6382","2022-10-07T07:30:00.000","FM 620 RD / DEERBROOK TRL","NORTHBOUND","RIGHT TURN","true","2","4.5","0.707","16.4","23.052","10","7","2022","7","30","5","900"
"5ef98fb97012b1a701edff97152dd4eb","6382","2022-10-07T07:30:00.000","FM 620 RD / DEERBROOK TRL","NORTHBOUND","THRU","false","1","40.0","0.0","8.2","0.0","10","7","2022","7","30","5","900"
"3be8360e95efc950cb3cccdfa371da91","6382","2022-10-07T07:30:00.000","FM 620 RD / DEERBROOK TRL","WESTBOUND","LEFT TURN","false","27","11.407","7.702","3.27","7.511","10","7","2022","7","30","5","900"
"0725fb62e1efc21dede40ec517acdb5e","6382","2022-10-07T07:30:00.000","FM 620 RD / DEERBROOK TRL","WESTBOUND","LEFT TURN","true","3","7.667","2.517","28.133","19.237","10","7","2022","7","30","5","900"
"3f9571dbf639a8a6a3156cd9b46a1d94","6382","2022-10-07T07:30:00.000","FM 620 RD / DEERBROOK TRL","WESTBOUND","RIGHT TURN","false","1","18.0","0.0","1.7","0.0","10","7","2022","7","30","5","900"
"e86bd4698625f62520c379f7349ca147","6382","2022-10-07T07:30:00.000","FM 620 RD / DEERBROOK TRL","WESTBOUND","THRU","false","365","35.118","7.275","1.192","2.221","10","7","2022","7","30","5","900"
"9dae981d66d502104613e4ee29c53820","6382","2022-10-07T07:30:00.000","FM 620 RD / DEERBROOK TRL","WESTBOUND","THRU","true","26","35.462","7.485","1.219","1.995","10","7","2022","7","30","5","900"
"f35a7bc17a2527f59c06265355013db8","6382","2022-10-07T07:45:00.000","FM 620 RD / DEERBROOK TRL","EASTBOUND","RIGHT TURN","false","5","17.0","7.28","1.46","0.76","10","7","2022","7","45","5","900"
"3baed50c693f1ca22ee757daeb2d8cf0","6382","2022-10-07T07:45:00.000","FM 620 RD / DEERBROOK TRL","EASTBOUND","THRU","false","292","34.134","10.976","1.654","3.522","10","7","2022","7","45","5","900"
"9d71d6f5c5fdaed4341fc2335535146f","6382","2022-10-07T07:45:00.000","FM 620 RD / DEERBROOK TRL","EASTBOUND","THRU","true","17","39.765","9.203","1.106","1.336","10","7","2022","7","45","5","900"
"8aa560ac0a65e4f5fa79bc7b58887b79","6382","2022-10-07T07:45:00.000","FM 620 RD / DEERBROOK TRL","NORTHBOUND","LEFT TURN","false","4","6.75","3.202","20.225","25.172","10","7","2022","7","45","5","900"
"0b687c856c9b3973ac1785bb5c5edc13","6382","2022-10-07T07:45:00.000","FM 620 RD / DEERBROOK TRL","NORTHBOUND","RIGHT TURN","false","25","3.76","2.919","19.04","21.119","10","7","2022","7","45","5","900"
"f74eb50fbee74868949060f609205f06","6382","2022-10-07T07:45:00.000","FM 620 RD / DEERBROOK TRL","NORTHBOUND","RIGHT TURN","true","2","4.5","6.364","43.6","3.253","10","7","2022","7","45","5","900"
"2396a00abc870d1d3df2f651b3c5ae5f","6382","2022-10-07T07:45:00.000","FM 620 RD / DEERBROOK TRL","NORTHBOUND","THRU","false","2","18.5","3.536","6.45","6.152","10","7","2022","7","45","5","900"
"28ef44226c0153e097cdf6ce5c617791","6382","2022-10-07T07:45:00.000","FM 620 RD / DEERBROOK TRL","WESTBOUND","LEFT TURN","false","22","16.136","12.56","13.436","30.784","10","7","2022","7","45","5","900"
"1695e85d694165774416b9ab8ca67a25","6382","2022-10-07T07:45:00.000","FM 620 RD / DEERBROOK TRL","WESTBOUND","LEFT TURN","true","2","14.0","4.243","2.7","1.697","10","7","2022","7","45","5","900"
"bf326078befb0e70b0bae9e0333d82fb","6382","2022-10-07T07:45:00.000","FM 620 RD / DEERBROOK TRL","WESTBOUND","RIGHT TURN","false","1","18.0","0.0","1.7","0.0","10","7","2022","7","45","5","900"
"14f1756923908cd0a4220839aab5589d","6382","2022-10-07T07:45:00.000","FM 620 RD / DEERBROOK TRL","WESTBOUND","THRU","false","348","34.773","7.226","1.141","1.949","10","7","2022","7","45","5","900"
"edc90b63dc34ab047c7241b6bcb5e3d1","6382","2022-10-07T07:45:00.000","FM 620 RD / DEERBROOK TRL","WESTBOUND","THRU","true","27","34.185","4.279","0.83","0.406","10","7","2022","7","45","5","900"
"9661037004955b2bfcec1ae80c26c598","6382","2022-10-07T08:00:00.000","FM 620 RD / DEERBROOK TRL","EASTBOUND","RIGHT TURN","false","13","16.385","12.38","1.154","0.956","10","7","2022","8","0","5","900"
"947cbc4f696b622787dda6df0f6cdf87","6382","2022-10-07T08:00:00.000","FM 620 RD / DEERBROOK TRL","EASTBOUND","RIGHT TURN","true","1","28.0","0.0","1.1","0.0","10","7","2022","8","0","5","900"
"2a88dade23dbd5b6149d9fb1f0018dc6","6382","2022-10-07T08:00:00.000","FM 620 RD / DEERBROOK TRL","EASTBOUND","THRU","false","279","33.48","11.422","1.638","3.111","10","7","2022","8","0","5","900"
"97b105796fb6b646653be219fb3554f0","6382","2022-10-07T08:00:00.000","FM 620 RD / DEERBROOK TRL","EASTBOUND","THRU","true","9","44.667","15.516","0.944","0.493","10","7","2022","8","0","5","900"
"792d3b6a023e1daa045c9ffc08ab9376","6382","2022-10-07T08:00:00.000","FM 620 RD / DEERBROOK TRL","NORTHBOUND","LEFT TURN","false","8","9.0","8.194","64.762","56.879","10","7","2022","8","0","5","900"
"8488d02f2a499b54a5f0b46a6c03175e","6382","2022-10-07T08:00:00.000","FM 620 RD / DEERBROOK TRL","NORTHBOUND","RIGHT TURN","false","22","4.045","3.0","13.759","18.584","10","7","2022","8","0","5","900"
"a97064405d1e621efd3f44099e665f30","6382","2022-10-07T08:00:00.000","FM 620 RD / DEERBROOK TRL","NORTHBOUND","RIGHT TURN","true","1","2.0","0.0","8.9","0.0","10","7","2022","8","0","5","900"
"c6df455ec2428e0f8c6c0a509c6faae2","6382","2022-10-07T08:00:00.000","FM 620 RD / DEERBROOK TRL","NORTHBOUND","THRU","false","1","0.0","0.0","7.0","0.0","10","7","2022","8","0","5","900"
"8996eaf51febc97163a82e44c2662e36","6382","2022-10-07T08:00:00.000","FM 620 RD / DEERBROOK TRL","SOUTHBOUND","LEFT TURN","false","1","6.0","0.0","115.1","0.0","10","7","2022","8","0","5","900"
"ed88ef1cc1fe1302eff1c5b2ce52d39a","6382","2022-10-07T08:00:00.000","FM 620 RD / DEERBROOK TRL","WESTBOUND","LEFT TURN","false","15","9.933","3.807","5.173","17.268","10","7","2022","8","0","5","900"
"9e67d51e125413d99a2a2f1c7c52fced","6382","2022-10-07T08:00:00.000","FM 620 RD / DEERBROOK TRL","WESTBOUND","LEFT TURN","true","2","13.0","4.243","4.6","6.505","10","7","2022","8","0","5","900"
"101829af1d92ba81dc659be5524357b0","6382","2022-10-07T08:00:00.000","FM 620 RD / DEERBROOK TRL","WESTBOUND","RIGHT TURN","false","1","11.0","0.0","2.6","0.0","10","7","2022","8","0","5","900"
"f7342736c5c15aeae345acece354f272","6382","2022-10-07T08:00:00.000","FM 620 RD / DEERBROOK TRL","WESTBOUND","THRU","false","347","33.559","8.724","1.231","1.731","10","7","2022","8","0","5","900"
"7f364b11f2ad44e3bd22deae0e7b8475","6382","2022-10-07T08:00:00.000","FM 620 RD / DEERBROOK TRL","WESTBOUND","THRU","true","11","33.455","9.802","2.973","6.515","10","7","2022","8","0","5","900"
"3ca7b8315929b5a549d4917cff29498b","6382","2022-10-07T08:15:00.000","FM 620 RD / DEERBROOK TRL","EASTBOUND","RIGHT TURN","false","3","14.667","1.155","1.967","0.115","10","7","2022","8","15","5","900"
"fce58dfaeed46aacd096f434e8aa7408","6382","2022-10-07T08:15:00.000","FM 620 RD / DEERBROOK TRL","EASTBOUND","RIGHT TURN","true","1","14.0","0.0","1.4","0.0","10","7","2022","8","15","5","900"
"8141b357b66abcb0338dff4ac09e2b03","6382","2022-10-07T08:15:00.000","FM 620 RD / DEERBROOK TRL","EASTBOUND","THRU","false","289","38.945","9.819","1.143","1.318","10","7","2022","8","15","5","900"
"12780d1d12cd2b3c7065e7162c60e44e","6382","2022-10-07T08:15:00.000","FM 620 RD / DEERBROOK TRL","EASTBOUND","THRU","true","22","29.864","16.949","4.8","5.68","10","7","2022","8","15","5","900"
"c2da72cff890d468c618e484f35e08ac","6382","2022-10-07T08:15:00.000","FM 620 RD / DEERBROOK TRL","NORTHBOUND","LEFT TURN","false","3","5.667","1.155","102.3","81.575","10","7","2022","8","15","5","900"
"cb97dbb4fabab6c4c587ad8477544e1e","6382","2022-10-07T08:15:00.000","FM 620 RD / DEERBROOK TRL","NORTHBOUND","RIGHT TURN","false","15","1.933","1.534","24.367","22.467","10","7","2022","8","15","5","900"
"08baeac2c6b2c875b5290a64f14042d0","6382","2022-10-07T08:15:00.000","FM 620 RD / DEERBROOK TRL","WESTBOUND","LEFT TURN","false","15","11.467","13.33","9.173","28.823","10","7","2022","8","15","5","900"
"56436a7a485af59cdac6adcda6dccdc7","6382","2022-10-07T08:15:00.000","FM 620 RD / DEERBROOK TRL","WESTBOUND","THRU","false","333","34.583","8.229","1.19","2.041","10","7","2022","8","15","5","900"
"24828560c9b9f8c8bda6676da4331014","6382","2022-10-07T08:15:00.000","FM 620 RD / DEERBROOK TRL","WESTBOUND","THRU","true","32","33.906","10.702","1.137","0.832","10","7","2022","8","15","5","900"
"e27ec0b5dc6462812b36abe2f0f6c112","6382","2022-10-07T08:30:00.000","FM 620 RD / DEERBROOK TRL","EASTBOUND","LEFT TURN","false","1","43.0","0.0","0.1","0.0","10","7","2022","8","30","5","900"
"a478e19eb3ea085b79cba226b59c4640","6382","2022-10-07T08:30:00.000","FM 620 RD / DEERBROOK TRL","EASTBOUND","RIGHT TURN","false","1","13.0","0.0","1.4","0.0","10","7","2022","8","30","5","900"
"78c1ec3ebe0e75dc0943c086ef8e5b7f","6382","2022-10-07T08:30:00.000","FM 620 RD / DEERBROOK TRL","EASTBOUND","THRU","false","295","34.647","10.445","1.465","3.004","10","7","2022","8","30","5","900"
"f33ec9714d368d724acea8d9facff96b","6382","2022-10-07T08:30:00.000","FM 620 RD / DEERBROOK TRL","EASTBOUND","THRU","true","22","34.545","11.01","1.123","0.7","10","7","2022","8","30","5","900"
"62a2ff0f17c02c0e715d277a2404dbb3","6382","2022-10-07T08:30:00.000","FM 620 RD / DEERBROOK TRL","NORTHBOUND","LEFT TURN","false","3","7.667","2.082","67.067","90.634","10","7","2022","8","30","5","900"
"4db41d5f52aff3a1a8cdd1753f71db5a","6382","2022-10-07T08:30:00.000","FM 620 RD / DEERBROOK TRL","NORTHBOUND","LEFT TURN","true","1","10.0","0.0","0.0","0.0","10","7","2022","8","30","5","900"
"d9dad3676eba23d24b3212d0c1d5c8b6","6382","2022-10-07T08:30:00.000","FM 620 RD / DEERBROOK TRL","NORTHBOUND","RIGHT TURN","false","21","4.095","3.618","10.529","12.113","10","7","2022","8","30","5","900"
"40eabb494d61191547dd238fbe2a8dfa","6382","2022-10-07T08:30:00.000","FM 620 RD / DEERBROOK TRL","NORTHBOUND","RIGHT TURN","true","1","4.0","0.0","0.1","0.0","10","7","2022","8","30","5","900"
"a5454d35e166f5b485c8bdc334c02265","6382","2022-10-07T08:30:00.000","FM 620 RD / DEERBROOK TRL","NORTHBOUND","THRU","false","1","7.0","0.0","2.1","0.0","10","7","2022","8","30","5","900"
"3ade4f8ebf04aa659d89196c0f02d787","6382","2022-10-07T08:30:00.000","FM 620 RD / DEERBROOK TRL","WESTBOUND","LEFT TURN","false","16","12.375","10.449","1.225","2.882","10","7","2022","8","30","5","900"
"0634870e45968219614d854246db9bc7","6382","2022-10-07T08:30:00.000","FM 620 RD / DEERBROOK TRL","WESTBOUND","LEFT TURN","true","3","10.333","2.082","16.4","25.636","10","7","2022","8","30","5","900"
"055b30e7b6b06b2f32fb63bef116b1b9","6382","2022-10-07T08:30:00.000","FM 620 RD / DEERBROOK TRL","WESTBOUND","THRU","false","321","35.009","7.568","1.266","2.288","10","7","2022","8","30","5","900"
"ab8b64875683bbca14fad2a100b3836a","6382","2022-10-07T08:30:00.000","FM 620 RD / DEERBROOK TRL","WESTBOUND","THRU","true","22","37.227","5.546","0.782","0.418","10","7","2022","8","30","5","900"
"f98e3f5536eef1630743574c4ed7eb15","6382","2022-10-07T08:45:00.000","FM 620 RD / DEERBROOK TRL","EASTBOUND","RIGHT TURN","false","6","28.167","21.292","1.083","0.854","10","7","2022","8","45","5","900"
"c1859338a320c8a9d07471e12e820450","6382","2022-10-07T08:45:00.000","FM 620 RD / DEERBROOK TRL","EASTBOUND","THRU","false","295","34.525","10.61","1.332","1.62","10","7","2022","8","45","5","900"
"d9cdd6e8f53e43d891df8572b88104a5","6382","2022-10-07T08:45:00.000","FM 620 RD / DEERBROOK TRL","EASTBOUND","THRU","true","31","38.452","9.902","1.281","1.992","10","7","2022","8","45","5","900"
"b90b53b417b027efe55efd6e2808d1f8","6382","2022-10-07T08:45:00.000","FM 620 RD / DEERBROOK TRL","NORTHBOUND","LEFT TURN","false","4","4.75","2.63","88.25","57.887","10","7","2022","8","45","5","900"
"d2514635a64c7a9147b9603cc8dba7b8","6382","2022-10-07T08:45:00.000","FM 620 RD / DEERBROOK TRL","NORTHBOUND","RIGHT TURN","false","21","4.19","4.49","22.005","26.441","10","7","2022","8","45","5","900"
"13a8a72b48ab85744a4e6685092bdbb1","6382","2022-10-07T08:45:00.000","FM 620 RD / DEERBROOK TRL","NORTHBOUND","RIGHT TURN","true","3","2.0","1.732","12.0","20.611","10","7","2022","8","45","5","900"
"50ae0691854a8add26ea6bb460e17163","6382","2022-10-07T08:45:00.000","FM 620 RD / DEERBROOK TRL","WESTBOUND","LEFT TURN","false","12","10.0","5.117","3.492","10.974","10","7","2022","8","45","5","900"
"63413e575a696b36b720b9d8b2433586","6382","2022-10-07T08:45:00.000","FM 620 RD / DEERBROOK TRL","WESTBOUND","LEFT TURN","true","4","7.5","2.517","1.15","1.852","10","7","2022","8","45","5","900"
"88183e13e39081c6cbaf0f59c44fd07c","6382","2022-10-07T08:45:00.000","FM 620 RD / DEERBROOK TRL","WESTBOUND","THRU","false","292","35.654","6.977","1.099","1.6","10","7","2022","8","45","5","900"
"d11d768e351a4094d5d85b6bf094c368","6382","2022-10-07T08:45:00.000","FM 620 RD / DEERBROOK TRL","WESTBOUND","THRU","true","44","36.273","6.215","0.934","0.507","10","7","2022","8","45","5","900"
"d3fb50318642e8cdae304140a487eb62","6382","2022-10-07T09:00:00.000","FM 620 RD / DEERBROOK TRL","EASTBOUND","RIGHT TURN","false","2","15.5","0.707","1.65","0.354","10","7","2022","9","0","5","900"
"3c1536465d334d5e9474ba45947a4c88","6382","2022-10-07T09:00:00.000","FM 620 RD / DEERBROOK TRL","EASTBOUND","THRU","false","286","36.108","11.087","1.267","1.891","10","7","2022","9","0","5","900"
"438f3ec042050c321686a6d32bb9b442","6382","2022-10-07T09:00:00.000","FM 620 RD / DEERBROOK TRL","EASTBOUND","THRU","true","12","35.333","7.912","1.233","0.629","10","7","2022","9","0","5","900"
"f2d0baed482a1f9f9a9f64aaf4aa3228","6382","2022-10-07T09:00:00.000","FM 620 RD / DEERBROOK TRL","NORTHBOUND","LEFT TURN","false","3","6.333","1.528","72.267","62.505","10","7","2022","9","0","5","900"
"d4b30d2143575fff55c7a88ed7e1b0bf","6382","2022-10-07T09:00:00.000","FM 620 RD / DEERBROOK TRL","NORTHBOUND","RIGHT TURN","false","20","4.75","3.768","17.3","27.035","10","7","2022","9","0","5","900"
"d9a6aa592856ddfecef2a4914fb72131","6382","2022-10-07T09:00:00.000","FM 620 RD / DEERBROOK TRL","NORTHBOUND","RIGHT TURN","true","2","1.5","0.707","43.7","43.841","10","7","2022","9","0","5","900"
"79841865175a7a47add64991810ab55f","6382","2022-10-07T09:00:00.000","FM 620 RD / DEERBROOK TRL","WESTBOUND","LEFT TURN","false","10","11.4","4.377","7.98","21.701","10","7","2022","9","0","5","900"
"2d6ceb7e9dad93dd8d89959c8b4f55f9","6382","2022-10-07T09:00:00.000","FM 620 RD / DEERBROOK TRL","WESTBOUND","LEFT TURN","true","2","9.0","7.071","7.45","7.99","10","7","2022","9","0","5","900"
"c99f5f815bbd20f61f37891e5278e61b","6382","2022-10-07T09:00:00.000","FM 620 RD / DEERBROOK TRL","WESTBOUND","THRU","false","290","35.493","7.505","1.19","1.92","10","7","2022","9","0","5","900"
"06fa9301d84187f7b773e98dc63e50a8","6382","2022-10-07T09:00:00.000","FM 620 RD / DEERBROOK TRL","WESTBOUND","THRU","true","22","36.091","8.309","0.723","0.596","10","7","2022","9","0","5","900"
"82104bc316d7e4ffec63e121873c5190","6382","2022-10-07T09:15:00.000","FM 620 RD / DEERBROOK TRL","EASTBOUND","LEFT TURN","false","1","43.0","0.0","0.1","0.0","10","7","2022","9","15","5","900"
"e669a5ecc01404728d6285b7bb80b4b0","6382","2022-10-07T09:15:00.000","FM 620 RD / DEERBROOK TRL","EASTBOUND","RIGHT TURN","false","4","13.0","3.162","1.375","0.95","10","7","2022","9","15","5","900"
"a53b475e5c8d271cd888bdcb90f8337d","6382","2022-10-07T09:15:00.000","FM 620 RD / DEERBROOK TRL","EASTBOUND","RIGHT TURN","true","1","31.0","0.0","0.5","0.0","10","7","2022","9","15","5","900"
"a55a850081abbd904362db82b9ba516c","6382","2022-10-07T09:15:00.000","FM 620 RD / DEERBROOK TRL","EASTBOUND","THRU","false","267","31.285","10.447","1.579","2.81","10","7","2022","9","15","5","900"
"6dbc6623583e38b99e545e597a71e211","6382","2022-10-07T09:15:00.000","FM 620 RD / DEERBROOK TRL","EASTBOUND","THRU","true","32","29.594","12.773","3.347","6.663","10","7","2022","9","15","5","900"
"9f5a4159cf28022610667b03396e696f","6382","2022-10-07T09:15:00.000","FM 620 RD / DEERBROOK TRL","NORTHBOUND","LEFT TURN","false","6","6.333","1.633","71.017","77.88","10","7","2022","9","15","5","900"
"1fdf73c33ccc43f7dd63a678aaab28f7","6382","2022-10-07T09:15:00.000","FM 620 RD / DEERBROOK TRL","NORTHBOUND","RIGHT TURN","false","17","3.235","2.751","16.388","22.272","10","7","2022","9","15","5","900"
"264db7cd1f7e238521079bc484f259ca","6382","2022-10-07T09:15:00.000","FM 620 RD / DEERBROOK TRL","NORTHBOUND","RIGHT TURN","true","1","1.0","0.0","0.1","0.0","10","7","2022","9","15","5","900"
"50037f3df03fff863169506f6f9b1054","6382","2022-10-07T09:15:00.000","FM 620 RD / DEERBROOK TRL","WESTBOUND","LEFT TURN","false","7","8.571","4.158","6.314","9.03","10","7","2022","9","15","5","900"
"ca7b3f7ac1833b73902a2a6718d8bee3","6382","2022-10-07T09:15:00.000","FM 620 RD / DEERBROOK TRL","WESTBOUND","LEFT TURN","true","4","14.0","3.83","1.125","0.763","10","7","2022","9","15","5","900"
"14e933fcfc6af48a4409a270bc2168cf","6382","2022-10-07T09:15:00.000","FM 620 RD / DEERBROOK TRL","WESTBOUND","THRU","false","267","35.094","8.593","1.471","2.707","10","7","2022","9","15","5","900"
"2e9c75544a71fec825a8d4b57531198e","6382","2022-10-07T09:15:00.000","FM 620 RD / DEERBROOK TRL","WESTBOUND","THRU","true","27","37.704","7.508","0.952","0.659","10","7","2022","9","15","5","900"
"837e9cd905d594e4d8ec4f69ff7d8ef5","6382","2022-10-07T09:30:00.000","FM 620 RD / DEERBROOK TRL","EASTBOUND","LEFT TURN","false","1","17.0","0.0","0.3","0.0","10","7","2022","9","30","5","900"
"805ad980fd07053ccfbcf6ebad9b5c3c","6382","2022-10-07T09:30:00.000","FM 620 RD / DEERBROOK TRL","EASTBOUND","RIGHT TURN","false","1","10.0","0.0","0.0","0.0","10","7","2022","9","30","5","900"
"7d4c593a5c74175ceed60b87e5915680","6382","2022-10-07T09:30:00.000","FM 620 RD / DEERBROOK TRL","EASTBOUND","THRU","false","267","35.809","9.555","1.702","3.59","10","7","2022","9","30","5","900"
"10f15e265b609552bc71899fa424ca60","6382","2022-10-07T09:30:00.000","FM 620 RD / DEERBROOK TRL","EASTBOUND","THRU","true","33","36.97","9.436","1.376","2.422","10","7","2022","9","30","5","900"
"4bf2f722634e395095c691162488d17d","6382","2022-10-07T09:30:00.000","FM 620 RD / DEERBROOK TRL","NORTHBOUND","LEFT TURN","false","2","6.0","1.414","88.4","0.141","10","7","2022","9","30","5","900"
"3236f6c677e4b622ae98875f1b740f59","6382","2022-10-07T09:30:00.000","FM 620 RD / DEERBROOK TRL","NORTHBOUND","RIGHT TURN","false","23","5.043","2.654","19.022","23.515","10","7","2022","9","30","5","900"
"9a79327c10cff564a7a926b9d1cd5e08","6382","2022-10-07T09:30:00.000","FM 620 RD / DEERBROOK TRL","NORTHBOUND","RIGHT TURN","true","5","4.0","3.808","37.24","28.171","10","7","2022","9","30","5","900"
"2dbadbc15a76b27852ed86f680cce495","6382","2022-10-07T09:30:00.000","FM 620 RD / DEERBROOK TRL","NORTHBOUND","THRU","false","1","104.0","0.0","0.3","0.0","10","7","2022","9","30","5","900"
"57e87773cba246430e1dea07c7eb8693","6382","2022-10-07T09:30:00.000","FM 620 RD / DEERBROOK TRL","WESTBOUND","LEFT TURN","false","8","10.875","4.39","11.788","19.88","10","7","2022","9","30","5","900"
"0b9a401e523da3fbc47696812e1542c8","6382","2022-10-07T09:30:00.000","FM 620 RD / DEERBROOK TRL","WESTBOUND","LEFT TURN","true","1","13.0","0.0","2.2","0.0","10","7","2022","9","30","5","900"
"33856a10575396e2871aca4a3f66e078","6382","2022-10-07T09:30:00.000","FM 620 RD / DEERBROOK TRL","WESTBOUND","THRU","false","272","33.949","8.105","1.585","3.227","10","7","2022","9","30","5","900"
"cfb3a2e892b7d94b57b9e48ec9edba74","6382","2022-10-07T09:30:00.000","FM 620 RD / DEERBROOK TRL","WESTBOUND","THRU","true","29","36.586","6.577","1.19","1.716","10","7","2022","9","30","5","900"
"7dc8a422b6059af9b1d22d01898310ef","6382","2022-10-07T09:45:00.000","FM 620 RD / DEERBROOK TRL","EASTBOUND","RIGHT TURN","false","1","6.0","0.0","5.8","0.0","10","7","2022","9","45","5","900"
"26d6a3fffa5dff6b17332768f21a223a","6382","2022-10-07T09:45:00.000","FM 620 RD / DEERBROOK TRL","EASTBOUND","THRU","false","220","36.291","10.428","1.642","3.924","10","7","2022","9","45","5","900"
"b999689cbfe6a2c9ebf49f939d103293","6382","2022-10-07T09:45:00.000","FM 620 RD / DEERBROOK TRL","EASTBOUND","THRU","true","21","34.524","15.725","3.31","5.786","10","7","2022","9","45","5","900"
"81b5a2dfb3468664327525a97414f877","6382","2022-10-07T09:45:00.000","FM 620 RD / DEERBROOK TRL","NORTHBOUND","LEFT TURN","false","1","7.0","0.0","42.1","0.0","10","7","2022","9","45","5","900"
"7887cdec73e21c2567b7952667e06eb7","6382","2022-10-07T09:45:00.000","FM 620 RD / DEERBROOK TRL","NORTHBOUND","RIGHT TURN","false","8","2.625","2.56","17.038","17.403","10","7","2022","9","45","5","900"
"738d78d221ee9fce8c8de3863f791426","6382","2022-10-07T09:45:00.000","FM 620 RD / DEERBROOK TRL","NORTHBOUND","RIGHT TURN","true","1","6.0","0.0","0.1","0.0","10","7","2022","9","45","5","900"
"96b9c06c5ea344dfa2a365cee071022d","6382","2022-10-07T09:45:00.000","FM 620 RD / DEERBROOK TRL","WESTBOUND","LEFT TURN","false","10","11.5","5.039","7.16","20.443","10","7","2022","9","45","5","900"
"237457d44d1f6787364ee6c108819eee","6382","2022-10-07T09:45:00.000","FM 620 RD / DEERBROOK TRL","WESTBOUND","LEFT TURN","true","3","11.0","7.0","1.333","0.929","10","7","2022","9","45","5","900"
"db6da19a02ea56b55f2083dc59b17c24","6382","2022-10-07T09:45:00.000","FM 620 RD / DEERBROOK TRL","WESTBOUND","THRU","false","255","34.651","6.748","1.113","1.492","10","7","2022","9","45","5","900"
"c36a5b5d7ef980334f8c975c6e150943","6382","2022-10-07T09:45:00.000","FM 620 RD / DEERBROOK TRL","WESTBOUND","THRU","true","35","33.486","7.394","1.243","1.695","10","7","2022","9","45","5","900"
"8769921e6d0ae556db59f3b015e56679","6382","2022-10-07T10:00:00.000","FM 620 RD / DEERBROOK TRL","EASTBOUND","LEFT TURN","true","1","23.0","0.0","0.2","0.0","10","7","2022","10","0","5","900"
"48e389582cb38bf2b6c9a865f79eb213","6382","2022-10-07T10:00:00.000","FM 620 RD / DEERBROOK TRL","EASTBOUND","RIGHT TURN","false","3","11.333","1.528","1.033","0.85","10","7","2022","10","0","5","900"
"3f6f96ce9b37f37270354b01deb80736","6382","2022-10-07T10:00:00.000","FM 620 RD / DEERBROOK TRL","EASTBOUND","RIGHT TURN","true","3","13.333","1.528","1.767","1.021","10","7","2022","10","0","5","900"
"12341fcb436bfa300fa0a3fd3f4d1227","6382","2022-10-07T10:00:00.000","FM 620 RD / DEERBROOK TRL","EASTBOUND","THRU","false","292","34.688","11.23","1.707","3.563","10","7","2022","10","0","5","900"
"5c17f7bb019c9ab6b8b9ad572a137d44","6382","2022-10-07T10:00:00.000","FM 620 RD / DEERBROOK TRL","EASTBOUND","THRU","true","30","36.433","18.643","1.237","0.885","10","7","2022","10","0","5","900"
"2ae9866140c6fea1254177b42b8fbcc2","6382","2022-10-07T10:00:00.000","FM 620 RD / DEERBROOK TRL","NORTHBOUND","LEFT TURN","false","4","15.5","22.338","24.05","27.086","10","7","2022","10","0","5","900"
"07643498b51ed8b158d006212ff411d8","6382","2022-10-07T10:00:00.000","FM 620 RD / DEERBROOK TRL","NORTHBOUND","RIGHT TURN","false","25","4.32","2.34","19.116","20.042","10","7","2022","10","0","5","900"
"23a5251faf0cab6c028ccab067c928ea","6382","2022-10-07T10:00:00.000","FM 620 RD / DEERBROOK TRL","NORTHBOUND","RIGHT TURN","true","1","6.0","0.0","52.3","0.0","10","7","2022","10","0","5","900"
"2e8e606cba1a90127a3b6e7847e39d7c","6382","2022-10-07T10:00:00.000","FM 620 RD / DEERBROOK TRL","WESTBOUND","LEFT TURN","false","8","11.5","3.586","4.812","9.89","10","7","2022","10","0","5","900"
"6f464bce65d6de8f0161cc4e31dcf63e","6382","2022-10-07T10:00:00.000","FM 620 RD / DEERBROOK TRL","WESTBOUND","LEFT TURN","true","2","14.5","2.121","1.45","0.636","10","7","2022","10","0","5","900"
"456f8863bf71d1dca1e0c94620b36dc4","6382","2022-10-07T10:00:00.000","FM 620 RD / DEERBROOK TRL","WESTBOUND","THRU","false","229","31.773","8.2","1.566","2.921","10","7","2022","10","0","5","900"
"297f413c89a239f0c4af8aba1f35576f","6382","2022-10-07T10:00:00.000","FM 620 RD / DEERBROOK TRL","WESTBOUND","THRU","true","31","33.129","8.789","1.971","4.296","10","7","2022","10","0","5","900"
"94056ba51a4b46348e0a0a5cafc1e9bf","6382","2022-10-07T10:15:00.000","FM 620 RD / DEERBROOK TRL","EASTBOUND","LEFT TURN","false","1","34.0","0.0","0.2","0.0","10","7","2022","10","15","5","900"
"88d006a3898232f42fb5398d53f3351b","6382","2022-10-07T10:15:00.000","FM 620 RD / DEERBROOK TRL","EASTBOUND","RIGHT TURN","false","4","16.5","4.796","0.45","0.465","10","7","2022","10","15","5","900"
"f0adc7dbb4b50aa52a986dae542d98fd","6382","2022-10-07T10:15:00.000","FM 620 RD / DEERBROOK TRL","EASTBOUND","THRU","false","248","36.782","10.651","1.312","1.586","10","7","2022","10","15","5","900"
"1da1e2e37ace819e23bfc97099a09910","6382","2022-10-07T10:15:00.000","FM 620 RD / DEERBROOK TRL","EASTBOUND","THRU","true","27","32.333","11.8","1.911","3.24","10","7","2022","10","15","5","900"
"416a747ca6d1fd0ecc9c083b76d22703","6382","2022-10-07T10:15:00.000","FM 620 RD / DEERBROOK TRL","NORTHBOUND","LEFT TURN","false","3","5.333","3.055","44.6","22.666","10","7","2022","10","15","5","900"
"02666ed94a7bd6108061384eadcd6f8d","6382","2022-10-07T10:15:00.000","FM 620 RD / DEERBROOK TRL","NORTHBOUND","RIGHT TURN","false","11","4.091","1.375","18.282","17.489","10","7","2022","10","15","5","900"
"939042f5d356eca44e0af02a7891cd78","6382","2022-10-07T10:15:00.000","FM 620 RD / DEERBROOK TRL","NORTHBOUND","RIGHT TURN","true","1","3.0","0.0","9.7","0.0","10","7","2022","10","15","5","900"
"69044de854e08ae631912c306f0ee6a6","6382","2022-10-07T10:15:00.000","FM 620 RD / DEERBROOK TRL","WESTBOUND","LEFT TURN","false","14","10.643","4.651","2.321","5.329","10","7","2022","10","15","5","900"
"e296f8e8349cad432766db466bd3481d","6382","2022-10-07T10:15:00.000","FM 620 RD / DEERBROOK TRL","WESTBOUND","THRU","false","246","35.341","6.376","1.067","1.18","10","7","2022","10","15","5","900"
"d61fca4dc27e44efba4fdb7b94b9fc62","6382","2022-10-07T10:15:00.000","FM 620 RD / DEERBROOK TRL","WESTBOUND","THRU","true","25","34.48","8.12","1.04","0.63","10","7","2022","10","15","5","900"
"5e28b38ef133e63a8a5495202793a5ef","6382","2022-10-07T10:15:00.000","FM 620 RD / DEERBROOK TRL","WESTBOUND","U-TURN","false","1","16.0","0.0","1.8","0.0","10","7","2022","10","15","5","900"
"4789533f62f4f9422e982f241c981017","6382","2022-10-07T10:30:00.000","FM 620 RD / DEERBROOK TRL","EASTBOUND","RIGHT TURN","false","3","12.0","1.0","0.167","0.058","10","7","2022","10","30","5","900"
"e46b8e233f0790ec89cdac510815f5fe","6382","2022-10-07T10:30:00.000","FM 620 RD / DEERBROOK TRL","EASTBOUND","THRU","false","265","35.796","11.021","2.169","5.315","10","7","2022","10","30","5","900"
"c83cd2809b6fd8ac144b5dde7d7aa8e4","6382","2022-10-07T10:30:00.000","FM 620 RD / DEERBROOK TRL","EASTBOUND","THRU","true","28","31.214","12.685","2.15","3.494","10","7","2022","10","30","5","900"
"e794aaff0fae5d668f7ae6acc503808f","6382","2022-10-07T10:30:00.000","FM 620 RD / DEERBROOK TRL","EASTBOUND","U-TURN","false","1","10.0","0.0","1.4","0.0","10","7","2022","10","30","5","900"
"43599e0d5673111e6adac8aaf5fdeca5","6382","2022-10-07T10:30:00.000","FM 620 RD / DEERBROOK TRL","NORTHBOUND","LEFT TURN","false","2","5.0","1.414","64.75","74.034","10","7","2022","10","30","5","900"
"1d916d04924582d43427f60718e292b0","6382","2022-10-07T10:30:00.000","FM 620 RD / DEERBROOK TRL","NORTHBOUND","RIGHT TURN","false","19","4.158","2.774","22.216","24.329","10","7","2022","10","30","5","900"
"9d4189c4489d99cd6561c8b5415a144d","6382","2022-10-07T10:30:00.000","FM 620 RD / DEERBROOK TRL","NORTHBOUND","RIGHT TURN","true","1","1.0","0.0","21.4","0.0","10","7","2022","10","30","5","900"
"36adc3b450fa8e2fc5d69b6145243558","6382","2022-10-07T10:30:00.000","FM 620 RD / DEERBROOK TRL","WESTBOUND","LEFT TURN","false","11","10.182","5.056","7.091","20.257","10","7","2022","10","30","5","900"
"7cb13b6c1d93e5042afeee70a3861d48","6382","2022-10-07T10:30:00.000","FM 620 RD / DEERBROOK TRL","WESTBOUND","LEFT TURN","true","5","11.4","4.722","21.86","31.187","10","7","2022","10","30","5","900"
"02830fe631788f8c880158240078b2e1","6382","2022-10-07T10:30:00.000","FM 620 RD / DEERBROOK TRL","WESTBOUND","THRU","false","266","33.985","8.118","1.314","2.553","10","7","2022","10","30","5","900"
"2eaf12783f6bca6fb3675ecc55351531","6382","2022-10-07T10:30:00.000","FM 620 RD / DEERBROOK TRL","WESTBOUND","THRU","true","30","34.933","6.787","0.963","0.655","10","7","2022","10","30","5","900"
"456f749f27fe3d44cfbc7e20a718217a","6382","2022-10-07T10:45:00.000","FM 620 RD / DEERBROOK TRL","EASTBOUND","RIGHT TURN","false","1","12.0","0.0","0.1","0.0","10","7","2022","10","45","5","900"
"20c7153379ecd7c85d7b90a56dcc3808","6382","2022-10-07T10:45:00.000","FM 620 RD / DEERBROOK TRL","EASTBOUND","RIGHT TURN","true","1","11.0","0.0","2.4","0.0","10","7","2022","10","45","5","900"
"423bad3f6f54e5c933adc1fa96bb8e4b","6382","2022-10-07T10:45:00.000","FM 620 RD / DEERBROOK TRL","EASTBOUND","THRU","false","261","35.015","10.123","1.693","3.38","10","7","2022","10","45","5","900"
"6b7155e9ac83e9151f1cb1b196f9da5e","6382","2022-10-07T10:45:00.000","FM 620 RD / DEERBROOK TRL","EASTBOUND","THRU","true","27","31.593","10.803","1.507","1.633","10","7","2022","10","45","5","900"
"775bfc534b16d01a381a3baaa22b67fd","6382","2022-10-07T10:45:00.000","FM 620 RD / DEERBROOK TRL","NORTHBOUND","LEFT TURN","false","3","4.333","2.517","59.0","40.69","10","7","2022","10","45","5","900"
"b110fcc29f248ed6a575c783205d98c8","6382","2022-10-07T10:45:00.000","FM 620 RD / DEERBROOK TRL","NORTHBOUND","RIGHT TURN","false","19","3.053","3.082","19.279","19.429","10","7","2022","10","45","5","900"
"d0d18d5633efaeddfba03500d943c5a3","6382","2022-10-07T10:45:00.000","FM 620 RD / DEERBROOK TRL","NORTHBOUND","RIGHT TURN","true","2","3.5","2.121","25.85","20.86","10","7","2022","10","45","5","900"
"a5d97c7bc5951ab0506e238116ea2ced","6382","2022-10-07T10:45:00.000","FM 620 RD / DEERBROOK TRL","WESTBOUND","LEFT TURN","false","7","10.286","4.192","22.529","28.375","10","7","2022","10","45","5","900"
"44c94f9e8e48ede3054fca809cfc233b","6382","2022-10-07T10:45:00.000","FM 620 RD / DEERBROOK TRL","WESTBOUND","LEFT TURN","true","1","3.0","0.0","5.1","0.0","10","7","2022","10","45","5","900"
"899567bc1aa8f08afa0c96ae246b0895","6382","2022-10-07T10:45:00.000","FM 620 RD / DEERBROOK TRL","WESTBOUND","THRU","false","257","34.027","8.036","1.455","2.578","10","7","2022","10","45","5","900"
"72c2cc766c68ee0358c72d5276f72715","6382","2022-10-07T10:45:00.000","FM 620 RD / DEERBROOK TRL","WESTBOUND","THRU","true","30","34.233","7.929","1.15","1.175","10","7","2022","10","45","5","900"
"ca0a18c310e33388905be46d8ebba15b","6382","2022-10-07T11:00:00.000","FM 620 RD / DEERBROOK TRL","EASTBOUND","LEFT TURN","false","1","26.0","0.0","0.3","0.0","10","7","2022","11","0","5","900"
"99fe47434e2c9230fda2a5d13d86b5a3","6382","2022-10-07T11:00:00.000","FM 620 RD / DEERBROOK TRL","EASTBOUND","RIGHT TURN","false","3","12.333","3.055","1.233","0.981","10","7","2022","11","0","5","900"
"f3afdac7a1a50c77f2cb4f0d19bae840","6382","2022-10-07T11:00:00.000","FM 620 RD / DEERBROOK TRL","EASTBOUND","RIGHT TURN","true","1","13.0","0.0","2.2","0.0","10","7","2022","11","0","5","900"
"aac7ce626c43bc426707af43d2818cb8","6382","2022-10-07T11:00:00.000","FM 620 RD / DEERBROOK TRL","EASTBOUND","THRU","false","248","34.367","11.277","1.801","3.828","10","7","2022","11","0","5","900"
"1d65c6f975dc6fd33c22fbfbad90afe2","6382","2022-10-07T11:00:00.000","FM 620 RD / DEERBROOK TRL","EASTBOUND","THRU","true","26","36.885","11.894","1.165","0.928","10","7","2022","11","0","5","900"
"f99f4805cb0a93c120b2700ddb4bbd18","6382","2022-10-07T11:00:00.000","FM 620 RD / DEERBROOK TRL","NORTHBOUND","LEFT TURN","false","4","6.5","1.732","52.975","40.403","10","7","2022","11","0","5","900"
"207e75cbd7571ea9c8ab4cbb6e82ad76","6382","2022-10-07T11:00:00.000","FM 620 RD / DEERBROOK TRL","NORTHBOUND","LEFT TURN","true","2","8.5","6.364","24.55","34.719","10","7","2022","11","0","5","900"
"9807aafdd9b412d17c19ca4284c83a7e","6382","2022-10-07T11:00:00.000","FM 620 RD / DEERBROOK TRL","NORTHBOUND","RIGHT TURN","false","23","2.391","2.271","21.939","27.675","10","7","2022","11","0","5","900"
"18ee612abb54606cdec5705259c6a754","6382","2022-10-07T11:00:00.000","FM 620 RD / DEERBROOK TRL","NORTHBOUND","RIGHT TURN","true","2","4.0","2.828","21.3","29.981","10","7","2022","11","0","5","900"
"c83e41c06b7a9fb7e4d03cf471a16a08","6382","2022-10-07T11:00:00.000","FM 620 RD / DEERBROOK TRL","WESTBOUND","LEFT TURN","false","6","13.333","3.077","4.567","7.109","10","7","2022","11","0","5","900"
"d125c0a701964b799e44c8df65b96b7d","6382","2022-10-07T11:00:00.000","FM 620 RD / DEERBROOK TRL","WESTBOUND","LEFT TURN","true","3","11.667","4.041","2.9","0.954","10","7","2022","11","0","5","900"
"b2c37c46fbc6af61e852350585315527","6382","2022-10-07T11:00:00.000","FM 620 RD / DEERBROOK TRL","WESTBOUND","THRU","false","243","35.3","7.443","1.245","2.245","10","7","2022","11","0","5","900"
"3518d584071a9f4b7b550344467b1ec0","6382","2022-10-07T11:00:00.000","FM 620 RD / DEERBROOK TRL","WESTBOUND","THRU","true","30","36.7","4.496","0.863","0.301","10","7","2022","11","0","5","900"
"42712f3dc093fc0ba846004f7c75c4e6","6382","2022-10-07T11:15:00.000","FM 620 RD / DEERBROOK TRL","EASTBOUND","RIGHT TURN","false","3","15.0","3.606","0.3","0.436","10","7","2022","11","15","5","900"
"b56feb49f23cfbd3493a9acd6b25ed25","6382","2022-10-07T11:15:00.000","FM 620 RD / DEERBROOK TRL","EASTBOUND","RIGHT TURN","true","1","14.0","0.0","0.7","0.0","10","7","2022","11","15","5","900"
"34b7fc0f39948118d117d00b2bffa355","6382","2022-10-07T11:15:00.000","FM 620 RD / DEERBROOK TRL","EASTBOUND","THRU","false","281","34.281","10.411","1.915","4.429","10","7","2022","11","15","5","900"
"88190d4e6b34a8a251e63382d762e5b6","6382","2022-10-07T11:15:00.000","FM 620 RD / DEERBROOK TRL","EASTBOUND","THRU","true","45","33.889","10.781","1.507","2.47","10","7","2022","11","15","5","900"
"e2839ab3be409fe477df41699c2e6802","6382","2022-10-07T11:15:00.000","FM 620 RD / DEERBROOK TRL","NORTHBOUND","LEFT TURN","false","2","8.0","1.414","59.0","0.707","10","7","2022","11","15","5","900"
"ad87667e97fced6bc26ed3c90f4175d6","6382","2022-10-07T11:15:00.000","FM 620 RD / DEERBROOK TRL","NORTHBOUND","RIGHT TURN","false","17","2.824","2.899","19.8","18.943","10","7","2022","11","15","5","900"
"26bf24e62c41f3d6a921aa2fd3b76412","6382","2022-10-07T11:15:00.000","FM 620 RD / DEERBROOK TRL","NORTHBOUND","RIGHT TURN","true","1","3.0","0.0","9.4","0.0","10","7","2022","11","15","5","900"
"7bbc9bcd1637dd6f1a55bd74f2769a45","6382","2022-10-07T11:15:00.000","FM 620 RD / DEERBROOK TRL","WESTBOUND","LEFT TURN","false","10","9.7","4.138","19.78","30.665","10","7","2022","11","15","5","900"
"0c93bcff2d979974cd123345419fd616","6382","2022-10-07T11:15:00.000","FM 620 RD / DEERBROOK TRL","WESTBOUND","THRU","false","290","34.079","7.867","1.31","2.127","10","7","2022","11","15","5","900"
"00b0ad2f0b4dfa24decdfca443229b1b","6382","2022-10-07T11:15:00.000","FM 620 RD / DEERBROOK TRL","WESTBOUND","THRU","true","33","34.606","7.357","1.027","0.57","10","7","2022","11","15","5","900"
"db1d495809994a8fd77d5a2cc70faea2","6382","2022-10-07T11:30:00.000","FM 620 RD / DEERBROOK TRL","EASTBOUND","RIGHT TURN","false","2","21.0","9.899","1.85","1.344","10","7","2022","11","30","5","900"
"bb8bfe73b90b5cf02aa46d41c666d06e","6382","2022-10-07T11:30:00.000","FM 620 RD / DEERBROOK TRL","EASTBOUND","RIGHT TURN","true","1","13.0","0.0","1.8","0.0","10","7","2022","11","30","5","900"
"61b7dceccff1a4e2d72762af4cbaf906","6382","2022-10-07T11:30:00.000","FM 620 RD / DEERBROOK TRL","EASTBOUND","THRU","false","288","35.413","11.28","1.672","3.694","10","7","2022","11","30","5","900"
"496b0d04f317ccff7bd83b67cabbcfaa","6382","2022-10-07T11:30:00.000","FM 620 RD / DEERBROOK TRL","EASTBOUND","THRU","true","24","35.833","9.604","1.762","3.366","10","7","2022","11","30","5","900"
"53e2b7a51f05f60009f0bb3526e6bc0b","6382","2022-10-07T11:30:00.000","FM 620 RD / DEERBROOK TRL","NORTHBOUND","LEFT TURN","false","4","6.75","1.708","76.75","32.147","10","7","2022","11","30","5","900"
"1e75eee2461798a5dbae960a69e99366","6382","2022-10-07T11:30:00.000","FM 620 RD / DEERBROOK TRL","NORTHBOUND","RIGHT TURN","false","13","3.538","1.854","14.9","14.994","10","7","2022","11","30","5","900"
"8f91ea2527ba689c8d295bc5b7a23fc8","6382","2022-10-07T11:30:00.000","FM 620 RD / DEERBROOK TRL","NORTHBOUND","RIGHT TURN","true","2","1.0","1.414","20.35","21.708","10","7","2022","11","30","5","900"
"fed6ab78a00d97d2c6493b1998a6ef6a","6382","2022-10-07T11:30:00.000","FM 620 RD / DEERBROOK TRL","NORTHBOUND","THRU","false","1","16.0","0.0","21.6","0.0","10","7","2022","11","30","5","900"
"ed2a2403d2f9e5295d4e20b331453a60","6382","2022-10-07T11:30:00.000","FM 620 RD / DEERBROOK TRL","WESTBOUND","LEFT TURN","false","18","7.944","3.455","7.589","9.123","10","7","2022","11","30","5","900"
"440147af4ce5f595f134f4750f8a99db","6382","2022-10-07T11:30:00.000","FM 620 RD / DEERBROOK TRL","WESTBOUND","LEFT TURN","true","3","13.333","4.163","5.5","8.426","10","7","2022","11","30","5","900"
"f0959e6bb2de73e40684617822a48ae3","6382","2022-10-07T11:30:00.000","FM 620 RD / DEERBROOK TRL","WESTBOUND","THRU","false","303","34.211","7.893","1.313","1.996","10","7","2022","11","30","5","900"
"fafcaa366518235a28fdbf3bb0596204","6382","2022-10-07T11:30:00.000","FM 620 RD / DEERBROOK TRL","WESTBOUND","THRU","true","33","35.455","6.099","1.279","2.005","10","7","2022","11","30","5","900"
"044c8745ae1ba48d096fe12782b97149","6382","2022-10-07T11:45:00.000","FM 620 RD / DEERBROOK TRL","EASTBOUND","RIGHT TURN","false","7","13.571","1.902","5.0","8.082","10","7","2022","11","45","5","900"
"47b36110eeb6a04b2f869ba0c19aef5a","6382","2022-10-07T11:45:00.000","FM 620 RD / DEERBROOK TRL","EASTBOUND","THRU","false","303","34.554","10.594","1.668","3.756","10","7","2022","11","45","5","900"
"fcfe76b40f8994a723fafebaabb25a26","6382","2022-10-07T11:45:00.000","FM 620 RD / DEERBROOK TRL","EASTBOUND","THRU","true","29","32.103","12.122","1.845","2.163","10","7","2022","11","45","5","900"
"6de50bdeaa159caa5c2b873e71890a49","6382","2022-10-07T11:45:00.000","FM 620 RD / DEERBROOK TRL","NORTHBOUND","LEFT TURN","false","5","5.2","2.775","59.9","43.599","10","7","2022","11","45","5","900"
"4754209979de415f1aa9909f5307246f","6382","2022-10-07T11:45:00.000","FM 620 RD / DEERBROOK TRL","NORTHBOUND","RIGHT TURN","false","26","3.808","3.919","12.623","14.778","10","7","2022","11","45","5","900"
"15e214c6891396d1f576f6f45ded851b","6382","2022-10-07T11:45:00.000","FM 620 RD / DEERBROOK TRL","NORTHBOUND","RIGHT TURN","true","2","1.0","0.0","17.3","2.687","10","7","2022","11","45","5","900"
"33a26a4067c97afe0d7543afa60dcf1d","6382","2022-10-07T11:45:00.000","FM 620 RD / DEERBROOK TRL","WESTBOUND","LEFT TURN","false","13","9.462","3.755","12.6","22.502","10","7","2022","11","45","5","900"
"2dc3f722ede7d5b485c056e7b3569f01","6382","2022-10-07T11:45:00.000","FM 620 RD / DEERBROOK TRL","WESTBOUND","LEFT TURN","true","6","8.833","6.369","9.917","12.543","10","7","2022","11","45","5","900"
"21bd5213190dfe8401d2c41f8d97cb6b","6382","2022-10-07T11:45:00.000","FM 620 RD / DEERBROOK TRL","WESTBOUND","THRU","false","326","31.816","7.77","1.524","2.765","10","7","2022","11","45","5","900"
"41bfc677d84df5d7aadd8f8eefd3e7f1","6382","2022-10-07T11:45:00.000","FM 620 RD / DEERBROOK TRL","WESTBOUND","THRU","true","27","29.926","8.147","1.544","2.29","10","7","2022","11","45","5","900"
"12b32100460859b74cb2b9561a379661","6382","2022-10-07T12:00:00.000","FM 620 RD / DEERBROOK TRL","EASTBOUND","RIGHT TURN","false","2","13.5","3.536","1.45","1.768","10","7","2022","12","0","5","900"
"5ae8ffff5a3c44a2cdda7b3d1c2d057d","6382","2022-10-07T12:00:00.000","FM 620 RD / DEERBROOK TRL","EASTBOUND","RIGHT TURN","true","1","11.0","0.0","0.6","0.0","10","7","2022","12","0","5","900"
"d58d47baef6887507264cdc521c194e0","6382","2022-10-07T12:00:00.000","FM 620 RD / DEERBROOK TRL","EASTBOUND","THRU","false","328","33.168","10.327","2.055","5.585","10","7","2022","12","0","5","900"
"6fddd267e9be86ce1ef99d745b90882a","6382","2022-10-07T12:00:00.000","FM 620 RD / DEERBROOK TRL","EASTBOUND","THRU","true","22","31.773","13.238","5.945","11.484","10","7","2022","12","0","5","900"
"4327405441288c9cbc77be51e794f6a9","6382","2022-10-07T12:00:00.000","FM 620 RD / DEERBROOK TRL","NORTHBOUND","LEFT TURN","false","4","8.0","1.155","45.15","38.954","10","7","2022","12","0","5","900"
"de9f3a62d141c83d0289fc6baa638046","6382","2022-10-07T12:00:00.000","FM 620 RD / DEERBROOK TRL","NORTHBOUND","RIGHT TURN","false","25","4.92","2.753","23.496","23.965","10","7","2022","12","0","5","900"
"1902007b100996c981a669c8b78edbb1","6382","2022-10-07T12:00:00.000","FM 620 RD / DEERBROOK TRL","NORTHBOUND","RIGHT TURN","true","2","3.5","0.707","5.6","7.637","10","7","2022","12","0","5","900"
"8d3809e73164e44d94c263254d4c5030","6382","2022-10-07T12:00:00.000","FM 620 RD / DEERBROOK TRL","SOUTHBOUND","RIGHT TURN","true","1","9.0","0.0","6.0","0.0","10","7","2022","12","0","5","900"
"f4b5c19e6c632ffce1d2ce2d66e8aea0","6382","2022-10-07T12:00:00.000","FM 620 RD / DEERBROOK TRL","WESTBOUND","LEFT TURN","false","23","10.609","4.142","4.057","11.193","10","7","2022","12","0","5","900"
"f4b421bc7348d7058bd1c40a6406dbf5","6382","2022-10-07T12:00:00.000","FM 620 RD / DEERBROOK TRL","WESTBOUND","LEFT TURN","true","1","4.0","0.0","0.0","0.0","10","7","2022","12","0","5","900"
"3518ccba2716cdf2c95f8ea474ea4b1e","6382","2022-10-07T12:00:00.000","FM 620 RD / DEERBROOK TRL","WESTBOUND","THRU","false","338","31.817","7.797","1.508","2.652","10","7","2022","12","0","5","900"
"1ff5770c7c483b10dc137ec4ff17675d","6382","2022-10-07T12:00:00.000","FM 620 RD / DEERBROOK TRL","WESTBOUND","THRU","true","20","32.85","6.627","0.995","0.462","10","7","2022","12","0","5","900"
"ba43b0e04e1f939c42d6fd917a59b602","6382","2022-10-07T12:15:00.000","FM 620 RD / DEERBROOK TRL","EASTBOUND","LEFT TURN","false","1","44.0","0.0","0.1","0.0","10","7","2022","12","15","5","900"
"881c4ac264d59c615d500112c98835de","6382","2022-10-07T12:15:00.000","FM 620 RD / DEERBROOK TRL","EASTBOUND","RIGHT TURN","false","4","11.75","1.258","1.9","1.211","10","7","2022","12","15","5","900"
"5e639fe79eedc79d0f4be1ea6172d8d3","6382","2022-10-07T12:15:00.000","FM 620 RD / DEERBROOK TRL","EASTBOUND","THRU","false","332","33.852","9.698","1.716","4.016","10","7","2022","12","15","5","900"
"bfb00316527395d78836e10b87d9723d","6382","2022-10-07T12:15:00.000","FM 620 RD / DEERBROOK TRL","EASTBOUND","THRU","true","31","34.226","11.212","3.165","6.726","10","7","2022","12","15","5","900"
"f30c1675a1e659537c72978375043042","6382","2022-10-07T12:15:00.000","FM 620 RD / DEERBROOK TRL","NORTHBOUND","LEFT TURN","false","6","6.0","0.894","63.367","52.72","10","7","2022","12","15","5","900"
"e392a61fd174aa8706181616b0c4b510","6382","2022-10-07T12:15:00.000","FM 620 RD / DEERBROOK TRL","NORTHBOUND","RIGHT TURN","false","19","5.684","3.056","32.253","27.18","10","7","2022","12","15","5","900"
"910c4ba64b5f82ab1a2b6ae70e188e2a","6382","2022-10-07T12:15:00.000","FM 620 RD / DEERBROOK TRL","NORTHBOUND","RIGHT TURN","true","1","1.0","0.0","25.7","0.0","10","7","2022","12","15","5","900"
"7526a7ab06f769f81033fc96399cda84","6382","2022-10-07T12:15:00.000","FM 620 RD / DEERBROOK TRL","NORTHBOUND","THRU","false","2","2.0","2.828","32.35","8.697","10","7","2022","12","15","5","900"
"653e67ce78cf59a4799489f3ffa88cbe","6382","2022-10-07T12:15:00.000","FM 620 RD / DEERBROOK TRL","WESTBOUND","LEFT TURN","false","22","10.091","6.553","6.559","14.479","10","7","2022","12","15","5","900"
"2a06bf72818b61c5a69d4d60d1d07862","6382","2022-10-07T12:15:00.000","FM 620 RD / DEERBROOK TRL","WESTBOUND","LEFT TURN","true","3","7.667","2.517","12.7","18.641","10","7","2022","12","15","5","900"
"167cb6da380853b806cd65f23c2b50d4","6382","2022-10-07T12:15:00.000","FM 620 RD / DEERBROOK TRL","WESTBOUND","THRU","false","304","32.701","8.015","1.67","3.411","10","7","2022","12","15","5","900"
"561f24c02ca2a74599e667b4ee55973f","6382","2022-10-07T12:15:00.000","FM 620 RD / DEERBROOK TRL","WESTBOUND","THRU","true","25","32.72","8.127","1.864","4.252","10","7","2022","12","15","5","900"
"484544ac7938a28d106cf20055be5856","6382","2022-10-07T12:30:00.000","FM 620 RD / DEERBROOK TRL","EASTBOUND","RIGHT TURN","false","1","13.0","0.0","1.5","0.0","10","7","2022","12","30","5","900"
"2f8474680429f95627b82d2099fdff98","6382","2022-10-07T12:30:00.000","FM 620 RD / DEERBROOK TRL","EASTBOUND","THRU","false","357","34.361","10.047","1.856","4.303","10","7","2022","12","30","5","900"
"b9fd53b4598a4eda5d8487ec2552d4e1","6382","2022-10-07T12:30:00.000","FM 620 RD / DEERBROOK TRL","EASTBOUND","THRU","true","33","31.303","10.751","1.515","2.985","10","7","2022","12","30","5","900"
"a7d1d43a55311a1f5127f99b1d0cfb27","6382","2022-10-07T12:30:00.000","FM 620 RD / DEERBROOK TRL","NORTHBOUND","LEFT TURN","false","3","4.333","1.155","70.4","39.818","10","7","2022","12","30","5","900"
"e90ffb884c365e57526c5989e34d2032","6382","2022-10-07T12:30:00.000","FM 620 RD / DEERBROOK TRL","NORTHBOUND","LEFT TURN","true","1","8.0","0.0","87.6","0.0","10","7","2022","12","30","5","900"
"82a913d4672ba0465ec17c0270fb2145","6382","2022-10-07T12:30:00.000","FM 620 RD / DEERBROOK TRL","NORTHBOUND","RIGHT TURN","false","24","4.75","4.396","19.925","27.608","10","7","2022","12","30","5","900"
"8ca026bb2154f0ef76bdc0dff7cfdc81","6382","2022-10-07T12:30:00.000","FM 620 RD / DEERBROOK TRL","NORTHBOUND","RIGHT TURN","true","1","4.0","0.0","18.6","0.0","10","7","2022","12","30","5","900"
"f6d30f2d669ac98b7a43123474540168","6382","2022-10-07T12:30:00.000","FM 620 RD / DEERBROOK TRL","WESTBOUND","LEFT TURN","false","13","7.615","3.686","12.438","22.833","10","7","2022","12","30","5","900"
"021d403763ec958e21a4f20242d37875","6382","2022-10-07T12:30:00.000","FM 620 RD / DEERBROOK TRL","WESTBOUND","THRU","false","310","34.184","7.631","1.395","2.624","10","7","2022","12","30","5","900"
"4defa851ba48d5d0c9797c5ce8b7285f","6382","2022-10-07T12:30:00.000","FM 620 RD / DEERBROOK TRL","WESTBOUND","THRU","true","21","35.143","7.69","1.7","3.473","10","7","2022","12","30","5","900"
"0dc4f37e5cf896978992e92eb864b3d8","6382","2022-10-07T12:45:00.000","FM 620 RD / DEERBROOK TRL","EASTBOUND","RIGHT TURN","false","3","13.0","1.0","1.667","0.416","10","7","2022","12","45","5","900"
"a46fdfeaa23ea041e36f85aabc82aa2b","6382","2022-10-07T12:45:00.000","FM 620 RD / DEERBROOK TRL","EASTBOUND","THRU","false","329","34.584","10.131","2.238","5.514","10","7","2022","12","45","5","900"
"2c43f42db008ecc8985c64b18037e48a","6382","2022-10-07T12:45:00.000","FM 620 RD / DEERBROOK TRL","EASTBOUND","THRU","true","31","33.452","9.055","1.3","0.843","10","7","2022","12","45","5","900"
"884788cedc54a8de5be909b04151a321","6382","2022-10-07T12:45:00.000","FM 620 RD / DEERBROOK TRL","NORTHBOUND","LEFT TURN","false","10","7.8","2.15","61.51","31.018","10","7","2022","12","45","5","900"
"25d2e23f3a83f81d34e4a041732fddd3","6382","2022-10-07T12:45:00.000","FM 620 RD / DEERBROOK TRL","NORTHBOUND","LEFT TURN","true","1","5.0","0.0","70.1","0.0","10","7","2022","12","45","5","900"
"182e5ba42bd5f821f28952c229ac2c95","6382","2022-10-07T12:45:00.000","FM 620 RD / DEERBROOK TRL","NORTHBOUND","RIGHT TURN","false","30","4.0","2.421","18.463","24.596","10","7","2022","12","45","5","900"
"e20dfedacb9c3ad4ff9ff18d3a5e1837","6382","2022-10-07T12:45:00.000","FM 620 RD / DEERBROOK TRL","NORTHBOUND","RIGHT TURN","true","1","7.0","0.0","6.6","0.0","10","7","2022","12","45","5","900"
"c668700a223bef14d748f225b18d0316","6382","2022-10-07T12:45:00.000","FM 620 RD / DEERBROOK TRL","NORTHBOUND","THRU","false","1","0.0","0.0","29.2","0.0","10","7","2022","12","45","5","900"
"f08d70d3778999eea3d4d05cba45db33","6382","2022-10-07T12:45:00.000","FM 620 RD / DEERBROOK TRL","WESTBOUND","LEFT TURN","false","21","9.333","4.597","9.024","19.788","10","7","2022","12","45","5","900"
"2fb884aaf93b2c8820948e8e68bcddeb","6382","2022-10-07T12:45:00.000","FM 620 RD / DEERBROOK TRL","WESTBOUND","LEFT TURN","true","2","6.5","4.95","38.75","11.809","10","7","2022","12","45","5","900"
"bec73014c40b912479e88650108d829a","6382","2022-10-07T12:45:00.000","FM 620 RD / DEERBROOK TRL","WESTBOUND","THRU","false","333","32.15","8.394","1.561","2.926","10","7","2022","12","45","5","900"
"e262671c37191adf104e1be52a84e78b","6382","2022-10-07T12:45:00.000","FM 620 RD / DEERBROOK TRL","WESTBOUND","THRU","true","26","36.846","6.304","0.892","0.462","10","7","2022","12","45","5","900"
"be4b5936c69869ca6858241452e37824","6382","2022-10-07T12:45:00.000","FM 620 RD / DEERBROOK TRL","WESTBOUND","U-TURN","false","1","10.0","0.0","3.7","0.0","10","7","2022","12","45","5","900"
"71b7ce9f4ed9af307c183bf12cf6acf3","6382","2022-10-07T13:00:00.000","FM 620 RD / DEERBROOK TRL","EASTBOUND","RIGHT TURN","false","3","14.0","1.0","1.267","0.808","10","7","2022","13","0","5","900"
"d06168ab08ae4fd723a0a9d3b69094fb","6382","2022-10-07T13:00:00.000","FM 620 RD / DEERBROOK TRL","EASTBOUND","RIGHT TURN","true","3","13.0","3.464","1.367","1.115","10","7","2022","13","0","5","900"
"ee1471025bea8d6974b7de52e89962e5","6382","2022-10-07T13:00:00.000","FM 620 RD / DEERBROOK TRL","EASTBOUND","THRU","false","325","33.692","10.551","1.976","4.925","10","7","2022","13","0","5","900"
"30f91011e928c37d85bd0dc6d10add16","6382","2022-10-07T13:00:00.000","FM 620 RD / DEERBROOK TRL","EASTBOUND","THRU","true","33","32.242","10.636","1.467","1.14","10","7","2022","13","0","5","900"
"5dc06379b6d6872e26c29e3c1dc19ba6","6382","2022-10-07T13:00:00.000","FM 620 RD / DEERBROOK TRL","NORTHBOUND","LEFT TURN","false","4","6.5","3.109","74.025","28.238","10","7","2022","13","0","5","900"
"0eef4f8f9e2dcf2d78f494485047e05d","6382","2022-10-07T13:00:00.000","FM 620 RD / DEERBROOK TRL","NORTHBOUND","RIGHT TURN","false","15","5.2","3.59","25.867","30.838","10","7","2022","13","0","5","900"
"def70acd6b3a98b6d55422cd6dbef930","6382","2022-10-07T13:00:00.000","FM 620 RD / DEERBROOK TRL","NORTHBOUND","RIGHT TURN","true","1","6.0","0.0","50.6","0.0","10","7","2022","13","0","5","900"
"daf056134fc504849db97c410621ea3f","6382","2022-10-07T13:00:00.000","FM 620 RD / DEERBROOK TRL","WESTBOUND","LEFT TURN","false","19","9.526","4.221","10.458","23.856","10","7","2022","13","0","5","900"
"0a1a7ac8f8a631067be1ea3d63f4851e","6382","2022-10-07T13:00:00.000","FM 620 RD / DEERBROOK TRL","WESTBOUND","LEFT TURN","true","2","11.0","5.657","15.35","19.304","10","7","2022","13","0","5","900"
"db6357adff57f8494857abc91f3a10b6","6382","2022-10-07T13:00:00.000","FM 620 RD / DEERBROOK TRL","WESTBOUND","THRU","false","309","32.874","7.694","1.507","2.772","10","7","2022","13","0","5","900"
"51a5d0f24c4d30a9b73443f3f536c21a","6382","2022-10-07T13:00:00.000","FM 620 RD / DEERBROOK TRL","WESTBOUND","THRU","true","28","35.536","6.866","1.004","0.487","10","7","2022","13","0","5","900"
"04cebaa0ef4f1fed03ec60f808bcd602","6382","2022-10-07T13:15:00.000","FM 620 RD / DEERBROOK TRL","EASTBOUND","LEFT TURN","false","1","22.0","0.0","0.2","0.0","10","7","2022","13","15","5","900"
"bec8644a6da45bf59f56bff65b2ca04d","6382","2022-10-07T13:15:00.000","FM 620 RD / DEERBROOK TRL","EASTBOUND","RIGHT TURN","false","5","11.8","3.834","1.88","1.669","10","7","2022","13","15","5","900"
"12a25ba8e7da4c7ff6a29a357e97e038","6382","2022-10-07T13:15:00.000","FM 620 RD / DEERBROOK TRL","EASTBOUND","THRU","false","334","32.973","9.85","2.024","5.311","10","7","2022","13","15","5","900"
"c4b6fe65ef7879fee6736affbbf15a2c","6382","2022-10-07T13:15:00.000","FM 620 RD / DEERBROOK TRL","EASTBOUND","THRU","true","38","32.526","9.282","1.195","0.827","10","7","2022","13","15","5","900"
"ae035dcc693b5305d57e1105948f13a0","6382","2022-10-07T13:15:00.000","FM 620 RD / DEERBROOK TRL","EASTBOUND","U-TURN","true","1","26.0","0.0","0.3","0.0","10","7","2022","13","15","5","900"
"1dce13988bbb26a7b200c338bb887540","6382","2022-10-07T13:15:00.000","FM 620 RD / DEERBROOK TRL","NORTHBOUND","LEFT TURN","false","3","7.0","1.0","28.9","23.948","10","7","2022","13","15","5","900"
"532ee13832f55c0a4d1ced3584e4e007","6382","2022-10-07T13:15:00.000","FM 620 RD / DEERBROOK TRL","NORTHBOUND","RIGHT TURN","false","14","4.929","2.645","9.157","9.849","10","7","2022","13","15","5","900"
"ec462d8170fe2907baf5d0e1455b2856","6382","2022-10-07T13:15:00.000","FM 620 RD / DEERBROOK TRL","NORTHBOUND","RIGHT TURN","true","2","15.5","17.678","30.35","42.639","10","7","2022","13","15","5","900"
"589c0e20e4847adcfdc9f0ac511519f9","6382","2022-10-07T13:15:00.000","FM 620 RD / DEERBROOK TRL","NORTHBOUND","THRU","false","1","16.0","0.0","9.7","0.0","10","7","2022","13","15","5","900"
"a4587772b30cc6519288376bb89f5023","6382","2022-10-07T13:15:00.000","FM 620 RD / DEERBROOK TRL","SOUTHBOUND","LEFT TURN","false","1","7.0","0.0","21.1","0.0","10","7","2022","13","15","5","900"
"92cd25c3dbafe98cfbfebbf2269dd691","6382","2022-10-07T13:15:00.000","FM 620 RD / DEERBROOK TRL","WESTBOUND","LEFT TURN","false","20","8.85","4.295","7.59","17.006","10","7","2022","13","15","5","900"
"6fcba0329dfc0d41fc55d23bc562cc61","6382","2022-10-07T13:15:00.000","FM 620 RD / DEERBROOK TRL","WESTBOUND","LEFT TURN","true","4","8.0","2.944","23.9","41.456","10","7","2022","13","15","5","900"
"7942296fa072df599a92857728fe8423","6382","2022-10-07T13:15:00.000","FM 620 RD / DEERBROOK TRL","WESTBOUND","RIGHT TURN","false","1","18.0","0.0","1.7","0.0","10","7","2022","13","15","5","900"
"3e5adeb63b3031040b1f3f69820eda45","6382","2022-10-07T13:15:00.000","FM 620 RD / DEERBROOK TRL","WESTBOUND","THRU","false","302","33.636","7.235","1.339","2.237","10","7","2022","13","15","5","900"
"68e03687ce940ea419c59d34f70b70b0","6382","2022-10-07T13:15:00.000","FM 620 RD / DEERBROOK TRL","WESTBOUND","THRU","true","28","36.714","7.312","0.896","0.286","10","7","2022","13","15","5","900"
"1f79cc8cbf5e70b6c3cffb11cc14db5e","6382","2022-10-07T13:30:00.000","FM 620 RD / DEERBROOK TRL","EASTBOUND","RIGHT TURN","false","4","17.25","11.843","1.925","1.047","10","7","2022","13","30","5","900"
"5523ff4e995de89281d5800f73e447d2","6382","2022-10-07T13:30:00.000","FM 620 RD / DEERBROOK TRL","EASTBOUND","RIGHT TURN","true","1","18.0","0.0","1.8","0.0","10","7","2022","13","30","5","900"
"b30938d0c199dc7eae26176ba1645f09","6382","2022-10-07T13:30:00.000","FM 620 RD / DEERBROOK TRL","EASTBOUND","THRU","false","336","34.265","10.154","2.215","6.012","10","7","2022","13","30","5","900"
